REF_ID,Citation,Reason,Official_Portal_URL,Actionable_Resolution_Steps
ACT-0001,"A of the Livestock Importation Act, 1898",CAPTCHA_BLOCKED,https://www.indiacode.nic.in,"Search 'A of the Livestock Importation Act, 1898' on India Code (https://www.indiacode.nic.in/simple-search?query=A%20of%20the%20Livestock%20Importation%20Act%2C%201898) or Legislative Department (https://legislative.gov.in) to retrieve authentic PDF as amended to date."
ACT-0002,"Aircraft Act, 1934",CAPTCHA_BLOCKED,https://www.indiacode.nic.in,"Search 'Aircraft Act, 1934' on India Code (https://www.indiacode.nic.in/simple-search?query=Aircraft%20Act%2C%201934) or Legislative Department (https://legislative.gov.in) to retrieve authentic PDF as amended to date."
ACT-0004,As Defined Under The Msmed Act 2006,CAPTCHA_BLOCKED,https://www.indiacode.nic.in,Search 'As Defined Under The Msmed Act 2006' on India Code (https://www.indiacode.nic.in/simple-search?query=As%20Defined%20Under%20The%20Msmed%20Act%202006) or Legislative Department (https://legislative.gov.in) to retrieve authentic PDF as amended to date.
ACT-0007,"Bureau of Energy Efficiency (Appliance Labeling and Compliance) Regulations & Legal Metrology Act, 2009",CAPTCHA_BLOCKED,https://www.indiacode.nic.in,"Search 'Bureau of Energy Efficiency (Appliance Labeling and Compliance) Regulations & Legal Metrology Act, 2009' on India Code (https://www.indiacode.nic.in/simple-search?query=Bureau%20of%20Energy%20Efficiency%20%28Appliance%20Labeling%20and%20Compliance%29%20Regulations%20%26%20Legal%20Metrology%20Act%2C%202009) or Legislative Department (https://legislative.gov.in) to retrieve authentic PDF as amended to date."
ACT-0008,"Bureau of Indian Standards Act, 2016",CAPTCHA_BLOCKED,https://www.indiacode.nic.in,"Search 'Bureau of Indian Standards Act, 2016' on India Code (https://www.indiacode.nic.in/simple-search?query=Bureau%20of%20Indian%20Standards%20Act%2C%202016) or Legislative Department (https://legislative.gov.in) to retrieve authentic PDF as amended to date."
ACT-0009,"CHIMS) & Bureau of Indian Standards Act, 2016",CAPTCHA_BLOCKED,https://www.indiacode.nic.in,"Search 'CHIMS) & Bureau of Indian Standards Act, 2016' on India Code (https://www.indiacode.nic.in/simple-search?query=CHIMS%29%20%26%20Bureau%20of%20Indian%20Standards%20Act%2C%202016) or Legislative Department (https://legislative.gov.in) to retrieve authentic PDF as amended to date."
ACT-0013,"Cinematograph Act, 1952",CAPTCHA_BLOCKED,https://www.indiacode.nic.in,"Search 'Cinematograph Act, 1952' on India Code (https://www.indiacode.nic.in/simple-search?query=Cinematograph%20Act%2C%201952) or Legislative Department (https://legislative.gov.in) to retrieve authentic PDF as amended to date."
ACT-0014,"Coastal Aquaculture Authority Act, 2005",CAPTCHA_BLOCKED,https://www.indiacode.nic.in,"Search 'Coastal Aquaculture Authority Act, 2005' on India Code (https://www.indiacode.nic.in/simple-search?query=Coastal%20Aquaculture%20Authority%20Act%2C%202005) or Legislative Department (https://legislative.gov.in) to retrieve authentic PDF as amended to date."
ACT-0015,"Coffee Act, 1942",CAPTCHA_BLOCKED,https://www.indiacode.nic.in,"Search 'Coffee Act, 1942' on India Code (https://www.indiacode.nic.in/simple-search?query=Coffee%20Act%2C%201942) or Legislative Department (https://legislative.gov.in) to retrieve authentic PDF as amended to date."
ACT-0017,"Compulsory Registration Scheme (CRS) & Bureau of Indian Standards Act, 2016",CAPTCHA_BLOCKED,https://www.indiacode.nic.in,"Search 'Compulsory Registration Scheme (CRS) & Bureau of Indian Standards Act, 2016' on India Code (https://www.indiacode.nic.in/simple-search?query=Compulsory%20Registration%20Scheme%20%28CRS%29%20%26%20Bureau%20of%20Indian%20Standards%20Act%2C%202016) or Legislative Department (https://legislative.gov.in) to retrieve authentic PDF as amended to date."
ACT-0021,"Compulsory Registration Scheme (CRS) & Indian Telegraph Act, 1885",CAPTCHA_BLOCKED,https://www.indiacode.nic.in,"Search 'Compulsory Registration Scheme (CRS) & Indian Telegraph Act, 1885' on India Code (https://www.indiacode.nic.in/simple-search?query=Compulsory%20Registration%20Scheme%20%28CRS%29%20%26%20Indian%20Telegraph%20Act%2C%201885) or Legislative Department (https://legislative.gov.in) to retrieve authentic PDF as amended to date."
ACT-0022,"Compulsory Registration Scheme (CRS) & Legal Metrology Act, 2009",CAPTCHA_BLOCKED,https://www.indiacode.nic.in,"Search 'Compulsory Registration Scheme (CRS) & Legal Metrology Act, 2009' on India Code (https://www.indiacode.nic.in/simple-search?query=Compulsory%20Registration%20Scheme%20%28CRS%29%20%26%20Legal%20Metrology%20Act%2C%202009) or Legislative Department (https://legislative.gov.in) to retrieve authentic PDF as amended to date."
ACT-0023,"Conservation of Foreign Exchange and Prevention of Smuggling Activities Act, 1974",CAPTCHA_BLOCKED,https://www.indiacode.nic.in,"Search 'Conservation of Foreign Exchange and Prevention of Smuggling Activities Act, 1974' on India Code (https://www.indiacode.nic.in/simple-search?query=Conservation%20of%20Foreign%20Exchange%20and%20Prevention%20of%20Smuggling%20Activities%20Act%2C%201974) or Legislative Department (https://legislative.gov.in) to retrieve authentic PDF as amended to date."
ACT-0024,"Consumer Protection Act, 2019",CAPTCHA_BLOCKED,https://www.indiacode.nic.in,"Search 'Consumer Protection Act, 2019' on India Code (https://www.indiacode.nic.in/simple-search?query=Consumer%20Protection%20Act%2C%202019) or Legislative Department (https://legislative.gov.in) to retrieve authentic PDF as amended to date."
ACT-0026,"Customs Tariff Act, 1975",CAPTCHA_BLOCKED,https://www.indiacode.nic.in,"Search 'Customs Tariff Act, 1975' on India Code (https://www.indiacode.nic.in/simple-search?query=Customs%20Tariff%20Act%2C%201975) or Legislative Department (https://legislative.gov.in) to retrieve authentic PDF as amended to date."
ACT-0027,"DPIIT QCOs) & Bureau of Indian Standards Act, 2016",CAPTCHA_BLOCKED,https://www.indiacode.nic.in,"Search 'DPIIT QCOs) & Bureau of Indian Standards Act, 2016' on India Code (https://www.indiacode.nic.in/simple-search?query=DPIIT%20QCOs%29%20%26%20Bureau%20of%20Indian%20Standards%20Act%2C%202016) or Legislative Department (https://legislative.gov.in) to retrieve authentic PDF as amended to date."
ACT-0028,"Destructive Insects and Pests Act, 1914",CAPTCHA_BLOCKED,https://www.indiacode.nic.in,"Search 'Destructive Insects and Pests Act, 1914' on India Code (https://www.indiacode.nic.in/simple-search?query=Destructive%20Insects%20and%20Pests%20Act%2C%201914) or Legislative Department (https://legislative.gov.in) to retrieve authentic PDF as amended to date."
ACT-0029,"Distribution, Storage And Advertisement) Act, 2019",CAPTCHA_BLOCKED,https://www.indiacode.nic.in,"Search 'Distribution, Storage And Advertisement) Act, 2019' on India Code (https://www.indiacode.nic.in/simple-search?query=Distribution%2C%20Storage%20And%20Advertisement%29%20Act%2C%202019) or Legislative Department (https://legislative.gov.in) to retrieve authentic PDF as amended to date."
ACT-0030,"Distribution, Storage and Advertisement) Act, 2019",CAPTCHA_BLOCKED,https://www.indiacode.nic.in,"Search 'Distribution, Storage and Advertisement) Act, 2019' on India Code (https://www.indiacode.nic.in/simple-search?query=Distribution%2C%20Storage%20and%20Advertisement%29%20Act%2C%202019) or Legislative Department (https://legislative.gov.in) to retrieve authentic PDF as amended to date."
ACT-0031,"Drugs And Cosmetics Act, 1940",CAPTCHA_BLOCKED,https://www.indiacode.nic.in,"Search 'Drugs And Cosmetics Act, 1940' on India Code (https://www.indiacode.nic.in/simple-search?query=Drugs%20And%20Cosmetics%20Act%2C%201940) or Legislative Department (https://legislative.gov.in) to retrieve authentic PDF as amended to date."
ACT-0032,"Drugs and Cosmetics Act, 1940",CAPTCHA_BLOCKED,https://www.indiacode.nic.in,"Search 'Drugs and Cosmetics Act, 1940' on India Code (https://www.indiacode.nic.in/simple-search?query=Drugs%20and%20Cosmetics%20Act%2C%201940) or Legislative Department (https://legislative.gov.in) to retrieve authentic PDF as amended to date."
ACT-0034,"Enterprises As Defined In MSMEDevelopment Act, 2006",CAPTCHA_BLOCKED,https://www.indiacode.nic.in,"Search 'Enterprises As Defined In MSMEDevelopment Act, 2006' on India Code (https://www.indiacode.nic.in/simple-search?query=Enterprises%20As%20Defined%20In%20MSMEDevelopment%20Act%2C%202006) or Legislative Department (https://legislative.gov.in) to retrieve authentic PDF as amended to date."
ACT-0035,"Enterprises As Defined In Msme Development Act, 2006",CAPTCHA_BLOCKED,https://www.indiacode.nic.in,"Search 'Enterprises As Defined In Msme Development Act, 2006' on India Code (https://www.indiacode.nic.in/simple-search?query=Enterprises%20As%20Defined%20In%20Msme%20Development%20Act%2C%202006) or Legislative Department (https://legislative.gov.in) to retrieve authentic PDF as amended to date."
ACT-0036,Enterprises as Defined in MSME Development Act 2006,CAPTCHA_BLOCKED,https://www.indiacode.nic.in,Search 'Enterprises as Defined in MSME Development Act 2006' on India Code (https://www.indiacode.nic.in/simple-search?query=Enterprises%20as%20Defined%20in%20MSME%20Development%20Act%202006) or Legislative Department (https://legislative.gov.in) to retrieve authentic PDF as amended to date.
ACT-0037,"Enterprises as Defined in MSME Development Act, 2006",CAPTCHA_BLOCKED,https://www.indiacode.nic.in,"Search 'Enterprises as Defined in MSME Development Act, 2006' on India Code (https://www.indiacode.nic.in/simple-search?query=Enterprises%20as%20Defined%20in%20MSME%20Development%20Act%2C%202006) or Legislative Department (https://legislative.gov.in) to retrieve authentic PDF as amended to date."
ACT-0038,Enterprises as defined in MSME Development Act 2006,CAPTCHA_BLOCKED,https://www.indiacode.nic.in,Search 'Enterprises as defined in MSME Development Act 2006' on India Code (https://www.indiacode.nic.in/simple-search?query=Enterprises%20as%20defined%20in%20MSME%20Development%20Act%202006) or Legislative Department (https://legislative.gov.in) to retrieve authentic PDF as amended to date.
ACT-0046,"ITC (HS) Import Policy & Aircraft Act, 1934",CAPTCHA_BLOCKED,https://www.indiacode.nic.in,"Search 'ITC (HS) Import Policy & Aircraft Act, 1934' on India Code (https://www.indiacode.nic.in/simple-search?query=ITC%20%28HS%29%20Import%20Policy%20%26%20Aircraft%20Act%2C%201934) or Legislative Department (https://legislative.gov.in) to retrieve authentic PDF as amended to date."
ACT-0049,"ITC (HS) Import Policy & Drugs and Cosmetics Act, 1940",CAPTCHA_BLOCKED,https://www.indiacode.nic.in,"Search 'ITC (HS) Import Policy & Drugs and Cosmetics Act, 1940' on India Code (https://www.indiacode.nic.in/simple-search?query=ITC%20%28HS%29%20Import%20Policy%20%26%20Drugs%20and%20Cosmetics%20Act%2C%201940) or Legislative Department (https://legislative.gov.in) to retrieve authentic PDF as amended to date."
ACT-0050,"ITC (HS) Import Policy & Essential Commodities Act, 1955",CAPTCHA_BLOCKED,https://www.indiacode.nic.in,"Search 'ITC (HS) Import Policy & Essential Commodities Act, 1955' on India Code (https://www.indiacode.nic.in/simple-search?query=ITC%20%28HS%29%20Import%20Policy%20%26%20Essential%20Commodities%20Act%2C%201955) or Legislative Department (https://legislative.gov.in) to retrieve authentic PDF as amended to date."
ACT-0053,"ITC (HS) Import Policy & Wild Life (Protection) Act, 1972",CAPTCHA_BLOCKED,https://www.indiacode.nic.in,"Search 'ITC (HS) Import Policy & Wild Life (Protection) Act, 1972' on India Code (https://www.indiacode.nic.in/simple-search?query=ITC%20%28HS%29%20Import%20Policy%20%26%20Wild%20Life%20%28Protection%29%20Act%2C%201972) or Legislative Department (https://legislative.gov.in) to retrieve authentic PDF as amended to date."
ACT-0054,"Indian Telegraph Act, 1885",CAPTCHA_BLOCKED,https://www.indiacode.nic.in,"Search 'Indian Telegraph Act, 1885' on India Code (https://www.indiacode.nic.in/simple-search?query=Indian%20Telegraph%20Act%2C%201885) or Legislative Department (https://legislative.gov.in) to retrieve authentic PDF as amended to date."
ACT-0055,"Indian Wireless Telegraphy Act, 1933",CAPTCHA_BLOCKED,https://www.indiacode.nic.in,"Search 'Indian Wireless Telegraphy Act, 1933' on India Code (https://www.indiacode.nic.in/simple-search?query=Indian%20Wireless%20Telegraphy%20Act%2C%201933) or Legislative Department (https://legislative.gov.in) to retrieve authentic PDF as amended to date."
ACT-0056,Insecticide Act 1968,CAPTCHA_BLOCKED,https://www.indiacode.nic.in,Search 'Insecticide Act 1968' on India Code (https://www.indiacode.nic.in/simple-search?query=Insecticide%20Act%201968) or Legislative Department (https://legislative.gov.in) to retrieve authentic PDF as amended to date.
ACT-0057,"Insecticides Act, 1968",CAPTCHA_BLOCKED,https://www.indiacode.nic.in,"Search 'Insecticides Act, 1968' on India Code (https://www.indiacode.nic.in/simple-search?query=Insecticides%20Act%2C%201968) or Legislative Department (https://legislative.gov.in) to retrieve authentic PDF as amended to date."
ACT-0058,"Jute Manufactures Development Council Act, 1983",CAPTCHA_BLOCKED,https://www.indiacode.nic.in,"Search 'Jute Manufactures Development Council Act, 1983' on India Code (https://www.indiacode.nic.in/simple-search?query=Jute%20Manufactures%20Development%20Council%20Act%2C%201983) or Legislative Department (https://legislative.gov.in) to retrieve authentic PDF as amended to date."
ACT-0059,"Legal Metrology Act, 2009",CAPTCHA_BLOCKED,https://www.indiacode.nic.in,"Search 'Legal Metrology Act, 2009' on India Code (https://www.indiacode.nic.in/simple-search?query=Legal%20Metrology%20Act%2C%202009) or Legislative Department (https://legislative.gov.in) to retrieve authentic PDF as amended to date."
ACT-0064,"NFMIMS - Non-Ferrous Metals Import Monitoring System) & Bureau of Indian Standards Act, 2016",CAPTCHA_BLOCKED,https://www.indiacode.nic.in,"Search 'NFMIMS - Non-Ferrous Metals Import Monitoring System) & Bureau of Indian Standards Act, 2016' on India Code (https://www.indiacode.nic.in/simple-search?query=NFMIMS%20-%20Non-Ferrous%20Metals%20Import%20Monitoring%20System%29%20%26%20Bureau%20of%20Indian%20Standards%20Act%2C%202016) or Legislative Department (https://legislative.gov.in) to retrieve authentic PDF as amended to date."
ACT-0065,"Narcotic Drugs and Psychotropic Substances Act, 1985",CAPTCHA_BLOCKED,https://www.indiacode.nic.in,"Search 'Narcotic Drugs and Psychotropic Substances Act, 1985' on India Code (https://www.indiacode.nic.in/simple-search?query=Narcotic%20Drugs%20and%20Psychotropic%20Substances%20Act%2C%201985) or Legislative Department (https://legislative.gov.in) to retrieve authentic PDF as amended to date."
ACT-0066,"Of Legal Metrology Act, 2009",CAPTCHA_BLOCKED,https://www.indiacode.nic.in,"Search 'Of Legal Metrology Act, 2009' on India Code (https://www.indiacode.nic.in/simple-search?query=Of%20Legal%20Metrology%20Act%2C%202009) or Legislative Department (https://legislative.gov.in) to retrieve authentic PDF as amended to date."
ACT-0067,"Petroleum Act, 1934",CAPTCHA_BLOCKED,https://www.indiacode.nic.in,"Search 'Petroleum Act, 1934' on India Code (https://www.indiacode.nic.in/simple-search?query=Petroleum%20Act%2C%201934) or Legislative Department (https://legislative.gov.in) to retrieve authentic PDF as amended to date."
ACT-0068,"Press and Registration of Periodicals Act, 2023",CAPTCHA_BLOCKED,https://www.indiacode.nic.in,"Search 'Press and Registration of Periodicals Act, 2023' on India Code (https://www.indiacode.nic.in/simple-search?query=Press%20and%20Registration%20of%20Periodicals%20Act%2C%202023) or Legislative Department (https://legislative.gov.in) to retrieve authentic PDF as amended to date."
ACT-0069,"Prevention and Control of Infectious and Contagious Diseases in Animals Act, 2009",CAPTCHA_BLOCKED,https://www.indiacode.nic.in,"Search 'Prevention and Control of Infectious and Contagious Diseases in Animals Act, 2009' on India Code (https://www.indiacode.nic.in/simple-search?query=Prevention%20and%20Control%20of%20Infectious%20and%20Contagious%20Diseases%20in%20Animals%20Act%2C%202009) or Legislative Department (https://legislative.gov.in) to retrieve authentic PDF as amended to date."
ACT-0071,"Rubber Act, 1947",CAPTCHA_BLOCKED,https://www.indiacode.nic.in,"Search 'Rubber Act, 1947' on India Code (https://www.indiacode.nic.in/simple-search?query=Rubber%20Act%2C%201947) or Legislative Department (https://legislative.gov.in) to retrieve authentic PDF as amended to date."
ACT-0072,"SIMS) & Bureau of Indian Standards Act, 2016",CAPTCHA_BLOCKED,https://www.indiacode.nic.in,"Search 'SIMS) & Bureau of Indian Standards Act, 2016' on India Code (https://www.indiacode.nic.in/simple-search?query=SIMS%29%20%26%20Bureau%20of%20Indian%20Standards%20Act%2C%202016) or Legislative Department (https://legislative.gov.in) to retrieve authentic PDF as amended to date."
ACT-0075,"Small, and Medium Enterprises Development Act, 2006",CAPTCHA_BLOCKED,https://www.indiacode.nic.in,"Search 'Small, and Medium Enterprises Development Act, 2006' on India Code (https://www.indiacode.nic.in/simple-search?query=Small%2C%20and%20Medium%20Enterprises%20Development%20Act%2C%202006) or Legislative Department (https://legislative.gov.in) to retrieve authentic PDF as amended to date."
ACT-0076,"Small, and Medium enterprises Development Act, 2006",CAPTCHA_BLOCKED,https://www.indiacode.nic.in,"Search 'Small, and Medium enterprises Development Act, 2006' on India Code (https://www.indiacode.nic.in/simple-search?query=Small%2C%20and%20Medium%20enterprises%20Development%20Act%2C%202006) or Legislative Department (https://legislative.gov.in) to retrieve authentic PDF as amended to date."
ACT-0077,"Tea Act, 1953",CAPTCHA_BLOCKED,https://www.indiacode.nic.in,"Search 'Tea Act, 1953' on India Code (https://www.indiacode.nic.in/simple-search?query=Tea%20Act%2C%201953) or Legislative Department (https://legislative.gov.in) to retrieve authentic PDF as amended to date."
ACT-0078,"Textiles Committee Act, 1963",CAPTCHA_BLOCKED,https://www.indiacode.nic.in,"Search 'Textiles Committee Act, 1963' on India Code (https://www.indiacode.nic.in/simple-search?query=Textiles%20Committee%20Act%2C%201963) or Legislative Department (https://legislative.gov.in) to retrieve authentic PDF as amended to date."
ACT-0079,To Micro Enterprises As Defined In Msmed Act 2006,CAPTCHA_BLOCKED,https://www.indiacode.nic.in,Search 'To Micro Enterprises As Defined In Msmed Act 2006' on India Code (https://www.indiacode.nic.in/simple-search?query=To%20Micro%20Enterprises%20As%20Defined%20In%20Msmed%20Act%202006) or Legislative Department (https://legislative.gov.in) to retrieve authentic PDF as amended to date.
ACT-0080,"Wild Life (Protection) Act, 1972",CAPTCHA_BLOCKED,https://www.indiacode.nic.in,"Search 'Wild Life (Protection) Act, 1972' on India Code (https://www.indiacode.nic.in/simple-search?query=Wild%20Life%20%28Protection%29%20Act%2C%201972) or Legislative Department (https://legislative.gov.in) to retrieve authentic PDF as amended to date."
ACT-0081,"Wild Life (protection) Act, 1972",CAPTCHA_BLOCKED,https://www.indiacode.nic.in,"Search 'Wild Life (protection) Act, 1972' on India Code (https://www.indiacode.nic.in/simple-search?query=Wild%20Life%20%28protection%29%20Act%2C%201972) or Legislative Department (https://legislative.gov.in) to retrieve authentic PDF as amended to date."
ACT-0082,"Wild Life Act, 1972",CAPTCHA_BLOCKED,https://www.indiacode.nic.in,"Search 'Wild Life Act, 1972' on India Code (https://www.indiacode.nic.in/simple-search?query=Wild%20Life%20Act%2C%201972) or Legislative Department (https://legislative.gov.in) to retrieve authentic PDF as amended to date."
CBIC-0001,cir no.01/13-cus,404_NOT_FOUND,https://www.cbic.gov.in/htdocs-cbec/customs/cs-circulars/cs-circulars-to-date,"Navigate to CBIC Customs portal (https://www.cbic.gov.in/htdocs-cbec/customs/cs-circulars/cs-circulars-to-date), search for '01/13-cus', and download the signed CBIC circular/instruction."
CBIC-0002,CBIC cir 02/2014-CUS,404_NOT_FOUND,https://www.cbic.gov.in/htdocs-cbec/customs/cs-circulars/cs-circulars-to-date,"Navigate to CBIC Customs portal (https://www.cbic.gov.in/htdocs-cbec/customs/cs-circulars/cs-circulars-to-date), search for '02/2014-CUS', and download the signed CBIC circular/instruction."
CBIC-0003,circular 02/2020-ci,404_NOT_FOUND,https://www.cbic.gov.in/htdocs-cbec/customs/cs-circulars/cs-circulars-to-date,"Navigate to CBIC Customs portal (https://www.cbic.gov.in/htdocs-cbec/customs/cs-circulars/cs-circulars-to-date), search for '02/2020-ci', and download the signed CBIC circular/instruction."
CBIC-0004,cir 03/12-CUS,404_NOT_FOUND,https://www.cbic.gov.in/htdocs-cbec/customs/cs-circulars/cs-circulars-to-date,"Navigate to CBIC Customs portal (https://www.cbic.gov.in/htdocs-cbec/customs/cs-circulars/cs-circulars-to-date), search for '03/12-CUS', and download the signed CBIC circular/instruction."
CBIC-0005,circular 03/2012-CUS,404_NOT_FOUND,https://www.cbic.gov.in/htdocs-cbec/customs/cs-circulars/cs-circulars-to-date,"Navigate to CBIC Customs portal (https://www.cbic.gov.in/htdocs-cbec/customs/cs-circulars/cs-circulars-to-date), search for '03/2012-CUS', and download the signed CBIC circular/instruction."
CBIC-0006,circular no.05/2025-ci,404_NOT_FOUND,https://www.cbic.gov.in/htdocs-cbec/customs/cs-circulars/cs-circulars-to-date,"Navigate to CBIC Customs portal (https://www.cbic.gov.in/htdocs-cbec/customs/cs-circulars/cs-circulars-to-date), search for '05/2025-ci', and download the signed CBIC circular/instruction."
CBIC-0007,Circular 07/2014-CUS,404_NOT_FOUND,https://www.cbic.gov.in/htdocs-cbec/customs/cs-circulars/cs-circulars-to-date,"Navigate to CBIC Customs portal (https://www.cbic.gov.in/htdocs-cbec/customs/cs-circulars/cs-circulars-to-date), search for '07/2014-CUS', and download the signed CBIC circular/instruction."
CBIC-0008,Circular No. 07/2025-Cus,404_NOT_FOUND,https://www.cbic.gov.in/htdocs-cbec/customs/cs-circulars/cs-circulars-to-date,"Navigate to CBIC Customs portal (https://www.cbic.gov.in/htdocs-cbec/customs/cs-circulars/cs-circulars-to-date), search for '07/2025-Cus', and download the signed CBIC circular/instruction."
CBIC-0009,cir. no. 1022/10,404_NOT_FOUND,https://www.cbic.gov.in/htdocs-cbec/customs/cs-circulars/cs-circulars-to-date,"Navigate to CBIC Customs portal (https://www.cbic.gov.in/htdocs-cbec/customs/cs-circulars/cs-circulars-to-date), search for '1022/10', and download the signed CBIC circular/instruction."
CBIC-0010,cir. no. 1039/27,404_NOT_FOUND,https://www.cbic.gov.in/htdocs-cbec/customs/cs-circulars/cs-circulars-to-date,"Navigate to CBIC Customs portal (https://www.cbic.gov.in/htdocs-cbec/customs/cs-circulars/cs-circulars-to-date), search for '1039/27', and download the signed CBIC circular/instruction."
CBIC-0011,CBIC Circular 11/2026-Customs,404_NOT_FOUND,https://www.cbic.gov.in/htdocs-cbec/customs/cs-circulars/cs-circulars-to-date,"Navigate to CBIC Customs portal (https://www.cbic.gov.in/htdocs-cbec/customs/cs-circulars/cs-circulars-to-date), search for '11/2026-Customs', and download the signed CBIC circular/instruction."
CBIC-0012,cir 12/13,404_NOT_FOUND,https://www.cbic.gov.in/htdocs-cbec/customs/cs-circulars/cs-circulars-to-date,"Navigate to CBIC Customs portal (https://www.cbic.gov.in/htdocs-cbec/customs/cs-circulars/cs-circulars-to-date), search for '12/13', and download the signed CBIC circular/instruction."
CBIC-0013,cir no. 12/13-cases,404_NOT_FOUND,https://www.cbic.gov.in/htdocs-cbec/customs/cs-circulars/cs-circulars-to-date,"Navigate to CBIC Customs portal (https://www.cbic.gov.in/htdocs-cbec/customs/cs-circulars/cs-circulars-to-date), search for '12/13-cases', and download the signed CBIC circular/instruction."
CBIC-0014,CBIC cir 13/13-CUS,404_NOT_FOUND,https://www.cbic.gov.in/htdocs-cbec/customs/cs-circulars/cs-circulars-to-date,"Navigate to CBIC Customs portal (https://www.cbic.gov.in/htdocs-cbec/customs/cs-circulars/cs-circulars-to-date), search for '13/13-CUS', and download the signed CBIC circular/instruction."
CBIC-0015,CBIC cir no. 13/2013-CUS,404_NOT_FOUND,https://www.cbic.gov.in/htdocs-cbec/customs/cs-circulars/cs-circulars-to-date,"Navigate to CBIC Customs portal (https://www.cbic.gov.in/htdocs-cbec/customs/cs-circulars/cs-circulars-to-date), search for '13/2013-CUS', and download the signed CBIC circular/instruction."
CBIC-0016,CBIC Cir 14/12-Cus,404_NOT_FOUND,https://www.cbic.gov.in/htdocs-cbec/customs/cs-circulars/cs-circulars-to-date,"Navigate to CBIC Customs portal (https://www.cbic.gov.in/htdocs-cbec/customs/cs-circulars/cs-circulars-to-date), search for '14/12-Cus', and download the signed CBIC circular/instruction."
CBIC-0017,CBIC circular no 15/2023-CUS,404_NOT_FOUND,https://www.cbic.gov.in/htdocs-cbec/customs/cs-circulars/cs-circulars-to-date,"Navigate to CBIC Customs portal (https://www.cbic.gov.in/htdocs-cbec/customs/cs-circulars/cs-circulars-to-date), search for '15/2023-CUS', and download the signed CBIC circular/instruction."
CBIC-0018,CBIC circular 15/23-CUS,404_NOT_FOUND,https://www.cbic.gov.in/htdocs-cbec/customs/cs-circulars/cs-circulars-to-date,"Navigate to CBIC Customs portal (https://www.cbic.gov.in/htdocs-cbec/customs/cs-circulars/cs-circulars-to-date), search for '15/23-CUS', and download the signed CBIC circular/instruction."
CBIC-0019,CBIC Cir 17/13-CUS,404_NOT_FOUND,https://www.cbic.gov.in/htdocs-cbec/customs/cs-circulars/cs-circulars-to-date,"Navigate to CBIC Customs portal (https://www.cbic.gov.in/htdocs-cbec/customs/cs-circulars/cs-circulars-to-date), search for '17/13-CUS', and download the signed CBIC circular/instruction."
CBIC-0020,CBIC cir 17/2013-CUS,404_NOT_FOUND,https://www.cbic.gov.in/htdocs-cbec/customs/cs-circulars/cs-circulars-to-date,"Navigate to CBIC Customs portal (https://www.cbic.gov.in/htdocs-cbec/customs/cs-circulars/cs-circulars-to-date), search for '17/2013-CUS', and download the signed CBIC circular/instruction."
CBIC-0021,CBIC Circular No. 18/2024-Customs,404_NOT_FOUND,https://www.cbic.gov.in/htdocs-cbec/customs/cs-circulars/cs-circulars-to-date,"Navigate to CBIC Customs portal (https://www.cbic.gov.in/htdocs-cbec/customs/cs-circulars/cs-circulars-to-date), search for '18/2024-Customs', and download the signed CBIC circular/instruction."
CBIC-0022,cir 2/06,404_NOT_FOUND,https://www.cbic.gov.in/htdocs-cbec/customs/cs-circulars/cs-circulars-to-date,"Navigate to CBIC Customs portal (https://www.cbic.gov.in/htdocs-cbec/customs/cs-circulars/cs-circulars-to-date), search for '2/06', and download the signed CBIC circular/instruction."
CBIC-0023,cir 20/13-cus,404_NOT_FOUND,https://www.cbic.gov.in/htdocs-cbec/customs/cs-circulars/cs-circulars-to-date,"Navigate to CBIC Customs portal (https://www.cbic.gov.in/htdocs-cbec/customs/cs-circulars/cs-circulars-to-date), search for '20/13-cus', and download the signed CBIC circular/instruction."
CBIC-0024,CBIC cir 20/2013-CUS,404_NOT_FOUND,https://www.cbic.gov.in/htdocs-cbec/customs/cs-circulars/cs-circulars-to-date,"Navigate to CBIC Customs portal (https://www.cbic.gov.in/htdocs-cbec/customs/cs-circulars/cs-circulars-to-date), search for '20/2013-CUS', and download the signed CBIC circular/instruction."
CBIC-0025,CBIC circular 21/2024-CUS,404_NOT_FOUND,https://www.cbic.gov.in/htdocs-cbec/customs/cs-circulars/cs-circulars-to-date,"Navigate to CBIC Customs portal (https://www.cbic.gov.in/htdocs-cbec/customs/cs-circulars/cs-circulars-to-date), search for '21/2024-CUS', and download the signed CBIC circular/instruction."
CBIC-0026,CBIC circular 23/18-CUS,404_NOT_FOUND,https://www.cbic.gov.in/htdocs-cbec/customs/cs-circulars/cs-circulars-to-date,"Navigate to CBIC Customs portal (https://www.cbic.gov.in/htdocs-cbec/customs/cs-circulars/cs-circulars-to-date), search for '23/18-CUS', and download the signed CBIC circular/instruction."
CBIC-0027,CBIC circular 23/2023-CUS,404_NOT_FOUND,https://www.cbic.gov.in/htdocs-cbec/customs/cs-circulars/cs-circulars-to-date,"Navigate to CBIC Customs portal (https://www.cbic.gov.in/htdocs-cbec/customs/cs-circulars/cs-circulars-to-date), search for '23/2023-CUS', and download the signed CBIC circular/instruction."
CBIC-0028,CBIC circular 23/23-CUS,404_NOT_FOUND,https://www.cbic.gov.in/htdocs-cbec/customs/cs-circulars/cs-circulars-to-date,"Navigate to CBIC Customs portal (https://www.cbic.gov.in/htdocs-cbec/customs/cs-circulars/cs-circulars-to-date), search for '23/23-CUS', and download the signed CBIC circular/instruction."
CBIC-0029,cir 24/13,404_NOT_FOUND,https://www.cbic.gov.in/htdocs-cbec/customs/cs-circulars/cs-circulars-to-date,"Navigate to CBIC Customs portal (https://www.cbic.gov.in/htdocs-cbec/customs/cs-circulars/cs-circulars-to-date), search for '24/13', and download the signed CBIC circular/instruction."
CBIC-0030,CBIC circular 24/2013-CUS,404_NOT_FOUND,https://www.cbic.gov.in/htdocs-cbec/customs/cs-circulars/cs-circulars-to-date,"Navigate to CBIC Customs portal (https://www.cbic.gov.in/htdocs-cbec/customs/cs-circulars/cs-circulars-to-date), search for '24/2013-CUS', and download the signed CBIC circular/instruction."
CBIC-0032,CBIC circular 24/2024-CUS,404_NOT_FOUND,https://www.cbic.gov.in/htdocs-cbec/customs/cs-circulars/cs-circulars-to-date,"Navigate to CBIC Customs portal (https://www.cbic.gov.in/htdocs-cbec/customs/cs-circulars/cs-circulars-to-date), search for '24/2024-CUS', and download the signed CBIC circular/instruction."
CBIC-0033,circular No 24/22-CUS,404_NOT_FOUND,https://www.cbic.gov.in/htdocs-cbec/customs/cs-circulars/cs-circulars-to-date,"Navigate to CBIC Customs portal (https://www.cbic.gov.in/htdocs-cbec/customs/cs-circulars/cs-circulars-to-date), search for '24/22-CUS', and download the signed CBIC circular/instruction."
CBIC-0034,cir 27/13-CUS,404_NOT_FOUND,https://www.cbic.gov.in/htdocs-cbec/customs/cs-circulars/cs-circulars-to-date,"Navigate to CBIC Customs portal (https://www.cbic.gov.in/htdocs-cbec/customs/cs-circulars/cs-circulars-to-date), search for '27/13-CUS', and download the signed CBIC circular/instruction."
CBIC-0035,cir 27/2013-CUS,404_NOT_FOUND,https://www.cbic.gov.in/htdocs-cbec/customs/cs-circulars/cs-circulars-to-date,"Navigate to CBIC Customs portal (https://www.cbic.gov.in/htdocs-cbec/customs/cs-circulars/cs-circulars-to-date), search for '27/2013-CUS', and download the signed CBIC circular/instruction."
CBIC-0036,Circular 28/13,404_NOT_FOUND,https://www.cbic.gov.in/htdocs-cbec/customs/cs-circulars/cs-circulars-to-date,"Navigate to CBIC Customs portal (https://www.cbic.gov.in/htdocs-cbec/customs/cs-circulars/cs-circulars-to-date), search for '28/13', and download the signed CBIC circular/instruction."
CBIC-0037,CBIC cir 28/2013,404_NOT_FOUND,https://www.cbic.gov.in/htdocs-cbec/customs/cs-circulars/cs-circulars-to-date,"Navigate to CBIC Customs portal (https://www.cbic.gov.in/htdocs-cbec/customs/cs-circulars/cs-circulars-to-date), search for '28/2013', and download the signed CBIC circular/instruction."
CBIC-0038,cir 34/13-ci,404_NOT_FOUND,https://www.cbic.gov.in/htdocs-cbec/customs/cs-circulars/cs-circulars-to-date,"Navigate to CBIC Customs portal (https://www.cbic.gov.in/htdocs-cbec/customs/cs-circulars/cs-circulars-to-date), search for '34/13-ci', and download the signed CBIC circular/instruction."
CBIC-0039,Circular No.35/2020-Cus,404_NOT_FOUND,https://www.cbic.gov.in/htdocs-cbec/customs/cs-circulars/cs-circulars-to-date,"Navigate to CBIC Customs portal (https://www.cbic.gov.in/htdocs-cbec/customs/cs-circulars/cs-circulars-to-date), search for '35/2020-Cus', and download the signed CBIC circular/instruction."
CBIC-0040,CBIC cir 36/13-CUS,404_NOT_FOUND,https://www.cbic.gov.in/htdocs-cbec/customs/cs-circulars/cs-circulars-to-date,"Navigate to CBIC Customs portal (https://www.cbic.gov.in/htdocs-cbec/customs/cs-circulars/cs-circulars-to-date), search for '36/13-CUS', and download the signed CBIC circular/instruction."
CBIC-0041,CBIC cir 36/2013-CUS,404_NOT_FOUND,https://www.cbic.gov.in/htdocs-cbec/customs/cs-circulars/cs-circulars-to-date,"Navigate to CBIC Customs portal (https://www.cbic.gov.in/htdocs-cbec/customs/cs-circulars/cs-circulars-to-date), search for '36/2013-CUS', and download the signed CBIC circular/instruction."
CBIC-0042,circ no. 37/2005-CUS,404_NOT_FOUND,https://www.cbic.gov.in/htdocs-cbec/customs/cs-circulars/cs-circulars-to-date,"Navigate to CBIC Customs portal (https://www.cbic.gov.in/htdocs-cbec/customs/cs-circulars/cs-circulars-to-date), search for '37/2005-CUS', and download the signed CBIC circular/instruction."
CBIC-0043,circular no. 61/2004-CUS,404_NOT_FOUND,https://www.cbic.gov.in/htdocs-cbec/customs/cs-circulars/cs-circulars-to-date,"Navigate to CBIC Customs portal (https://www.cbic.gov.in/htdocs-cbec/customs/cs-circulars/cs-circulars-to-date), search for '61/2004-CUS', and download the signed CBIC circular/instruction."
CBIC-0044,CBIC Instruction No 02/2023,CAPTCHA_BLOCKED,https://www.cbic.gov.in/htdocs-cbec/customs/cs-instructions/cs-instructions-to-date,"Navigate to CBIC Customs portal (https://www.cbic.gov.in/htdocs-cbec/customs/cs-instructions/cs-instructions-to-date), search for '02/2023', and download the signed CBIC circular/instruction."
CBIC-0045,CBIC Instruction no.03/2024-cus,CAPTCHA_BLOCKED,https://www.cbic.gov.in/htdocs-cbec/customs/cs-instructions/cs-instructions-to-date,"Navigate to CBIC Customs portal (https://www.cbic.gov.in/htdocs-cbec/customs/cs-instructions/cs-instructions-to-date), search for '03/2024-cus', and download the signed CBIC circular/instruction."
CBIC-0046,CBIC instruction no 05/2023-CUS,CAPTCHA_BLOCKED,https://www.cbic.gov.in/htdocs-cbec/customs/cs-instructions/cs-instructions-to-date,"Navigate to CBIC Customs portal (https://www.cbic.gov.in/htdocs-cbec/customs/cs-instructions/cs-instructions-to-date), search for '05/2023-CUS', and download the signed CBIC circular/instruction."
CBIC-0047,CBIC instruction no. 08/2018-CUS,CAPTCHA_BLOCKED,https://www.cbic.gov.in/htdocs-cbec/customs/cs-instructions/cs-instructions-to-date,"Navigate to CBIC Customs portal (https://www.cbic.gov.in/htdocs-cbec/customs/cs-instructions/cs-instructions-to-date), search for '08/2018-CUS', and download the signed CBIC circular/instruction."
CBIC-0048,instruction no. 08/2024-customs,CAPTCHA_BLOCKED,https://www.cbic.gov.in/htdocs-cbec/customs/cs-instructions/cs-instructions-to-date,"Navigate to CBIC Customs portal (https://www.cbic.gov.in/htdocs-cbec/customs/cs-instructions/cs-instructions-to-date), search for '08/2024-customs', and download the signed CBIC circular/instruction."
CBIC-0049,CBIC Instruction No.09/2022-Cus,CAPTCHA_BLOCKED,https://www.cbic.gov.in/htdocs-cbec/customs/cs-instructions/cs-instructions-to-date,"Navigate to CBIC Customs portal (https://www.cbic.gov.in/htdocs-cbec/customs/cs-instructions/cs-instructions-to-date), search for '09/2022-Cus', and download the signed CBIC circular/instruction."
CBIC-0050,CBIC Instruction No.09/2022-Customs,CAPTCHA_BLOCKED,https://www.cbic.gov.in/htdocs-cbec/customs/cs-instructions/cs-instructions-to-date,"Navigate to CBIC Customs portal (https://www.cbic.gov.in/htdocs-cbec/customs/cs-instructions/cs-instructions-to-date), search for '09/2022-Customs', and download the signed CBIC circular/instruction."
CBIC-0051,CBIC Instruction no 09/23-CUS,CAPTCHA_BLOCKED,https://www.cbic.gov.in/htdocs-cbec/customs/cs-instructions/cs-instructions-to-date,"Navigate to CBIC Customs portal (https://www.cbic.gov.in/htdocs-cbec/customs/cs-instructions/cs-instructions-to-date), search for '09/23-CUS', and download the signed CBIC circular/instruction."
CBIC-0052,CBIC instruction No 10/2022-CUS,CAPTCHA_BLOCKED,https://www.cbic.gov.in/htdocs-cbec/customs/cs-instructions/cs-instructions-to-date,"Navigate to CBIC Customs portal (https://www.cbic.gov.in/htdocs-cbec/customs/cs-instructions/cs-instructions-to-date), search for '10/2022-CUS', and download the signed CBIC circular/instruction."
CBIC-0053,CBIC Instruction no.10/2022-Customs,CAPTCHA_BLOCKED,https://www.cbic.gov.in/htdocs-cbec/customs/cs-instructions/cs-instructions-to-date,"Navigate to CBIC Customs portal (https://www.cbic.gov.in/htdocs-cbec/customs/cs-instructions/cs-instructions-to-date), search for '10/2022-Customs', and download the signed CBIC circular/instruction."
CBIC-0054,instruction no 10/22-CUS,CAPTCHA_BLOCKED,https://www.cbic.gov.in/htdocs-cbec/customs/cs-instructions/cs-instructions-to-date,"Navigate to CBIC Customs portal (https://www.cbic.gov.in/htdocs-cbec/customs/cs-instructions/cs-instructions-to-date), search for '10/22-CUS', and download the signed CBIC circular/instruction."
CBIC-0055,Instruction no.12/2021-CUS,CAPTCHA_BLOCKED,https://www.cbic.gov.in/htdocs-cbec/customs/cs-instructions/cs-instructions-to-date,"Navigate to CBIC Customs portal (https://www.cbic.gov.in/htdocs-cbec/customs/cs-instructions/cs-instructions-to-date), search for '12/2021-CUS', and download the signed CBIC circular/instruction."
CBIC-0056,CBIC instruction 12/2022-customs,CAPTCHA_BLOCKED,https://www.cbic.gov.in/htdocs-cbec/customs/cs-instructions/cs-instructions-to-date,"Navigate to CBIC Customs portal (https://www.cbic.gov.in/htdocs-cbec/customs/cs-instructions/cs-instructions-to-date), search for '12/2022-customs', and download the signed CBIC circular/instruction."
CBIC-0057,instruction no. 12/21-CUS,CAPTCHA_BLOCKED,https://www.cbic.gov.in/htdocs-cbec/customs/cs-instructions/cs-instructions-to-date,"Navigate to CBIC Customs portal (https://www.cbic.gov.in/htdocs-cbec/customs/cs-instructions/cs-instructions-to-date), search for '12/21-CUS', and download the signed CBIC circular/instruction."
CBIC-0058,instruction 12/21-cusdt,CAPTCHA_BLOCKED,https://www.cbic.gov.in/htdocs-cbec/customs/cs-instructions/cs-instructions-to-date,"Navigate to CBIC Customs portal (https://www.cbic.gov.in/htdocs-cbec/customs/cs-instructions/cs-instructions-to-date), search for '12/21-cusdt', and download the signed CBIC circular/instruction."
CBIC-0059,CBIC instruction no. 15/2020-CUS,CAPTCHA_BLOCKED,https://www.cbic.gov.in/htdocs-cbec/customs/cs-instructions/cs-instructions-to-date,"Navigate to CBIC Customs portal (https://www.cbic.gov.in/htdocs-cbec/customs/cs-instructions/cs-instructions-to-date), search for '15/2020-CUS', and download the signed CBIC circular/instruction."
CBIC-0060,CBIC instruction no 16/2021-CUS,CAPTCHA_BLOCKED,https://www.cbic.gov.in/htdocs-cbec/customs/cs-instructions/cs-instructions-to-date,"Navigate to CBIC Customs portal (https://www.cbic.gov.in/htdocs-cbec/customs/cs-instructions/cs-instructions-to-date), search for '16/2021-CUS', and download the signed CBIC circular/instruction."
CBIC-0061,CBIC Instruction 16/2022-CUS,CAPTCHA_BLOCKED,https://www.cbic.gov.in/htdocs-cbec/customs/cs-instructions/cs-instructions-to-date,"Navigate to CBIC Customs portal (https://www.cbic.gov.in/htdocs-cbec/customs/cs-instructions/cs-instructions-to-date), search for '16/2022-CUS', and download the signed CBIC circular/instruction."
CBIC-0062,CBIC instruction no.16/2025-cus,CAPTCHA_BLOCKED,https://www.cbic.gov.in/htdocs-cbec/customs/cs-instructions/cs-instructions-to-date,"Navigate to CBIC Customs portal (https://www.cbic.gov.in/htdocs-cbec/customs/cs-instructions/cs-instructions-to-date), search for '16/2025-cus', and download the signed CBIC circular/instruction."
CBIC-0063,CBIC instruction no. 16/2025-customs,CAPTCHA_BLOCKED,https://www.cbic.gov.in/htdocs-cbec/customs/cs-instructions/cs-instructions-to-date,"Navigate to CBIC Customs portal (https://www.cbic.gov.in/htdocs-cbec/customs/cs-instructions/cs-instructions-to-date), search for '16/2025-customs', and download the signed CBIC circular/instruction."
CBIC-0064,CBIC instruction 16/22-CUS,CAPTCHA_BLOCKED,https://www.cbic.gov.in/htdocs-cbec/customs/cs-instructions/cs-instructions-to-date,"Navigate to CBIC Customs portal (https://www.cbic.gov.in/htdocs-cbec/customs/cs-instructions/cs-instructions-to-date), search for '16/22-CUS', and download the signed CBIC circular/instruction."
CBIC-0065,CBIC Instruction No.16/25-CUS,CAPTCHA_BLOCKED,https://www.cbic.gov.in/htdocs-cbec/customs/cs-instructions/cs-instructions-to-date,"Navigate to CBIC Customs portal (https://www.cbic.gov.in/htdocs-cbec/customs/cs-instructions/cs-instructions-to-date), search for '16/25-CUS', and download the signed CBIC circular/instruction."
CBIC-0066,CBIC instruction19/2025-CUS,CAPTCHA_BLOCKED,https://www.cbic.gov.in/htdocs-cbec/customs/cs-instructions/cs-instructions-to-date,"Navigate to CBIC Customs portal (https://www.cbic.gov.in/htdocs-cbec/customs/cs-instructions/cs-instructions-to-date), search for '19/2025-CUS', and download the signed CBIC circular/instruction."
CBIC-0067,CBIC instruction no.22/2021-customs,CAPTCHA_BLOCKED,https://www.cbic.gov.in/htdocs-cbec/customs/cs-instructions/cs-instructions-to-date,"Navigate to CBIC Customs portal (https://www.cbic.gov.in/htdocs-cbec/customs/cs-instructions/cs-instructions-to-date), search for '22/2021-customs', and download the signed CBIC circular/instruction."
CBIC-0068,Cbic Instruction No.23/2021,CAPTCHA_BLOCKED,https://www.cbic.gov.in/htdocs-cbec/customs/cs-instructions/cs-instructions-to-date,"Navigate to CBIC Customs portal (https://www.cbic.gov.in/htdocs-cbec/customs/cs-instructions/cs-instructions-to-date), search for '23/2021', and download the signed CBIC circular/instruction."
CBIC-0069,CBIC instruction no.23/2025-cus,CAPTCHA_BLOCKED,https://www.cbic.gov.in/htdocs-cbec/customs/cs-instructions/cs-instructions-to-date,"Navigate to CBIC Customs portal (https://www.cbic.gov.in/htdocs-cbec/customs/cs-instructions/cs-instructions-to-date), search for '23/2025-cus', and download the signed CBIC circular/instruction."
CBIC-0070,CBIC instruction no.23/2025-customs,CAPTCHA_BLOCKED,https://www.cbic.gov.in/htdocs-cbec/customs/cs-instructions/cs-instructions-to-date,"Navigate to CBIC Customs portal (https://www.cbic.gov.in/htdocs-cbec/customs/cs-instructions/cs-instructions-to-date), search for '23/2025-customs', and download the signed CBIC circular/instruction."
CBIC-0071,CBIC instruction23/21,CAPTCHA_BLOCKED,https://www.cbic.gov.in/htdocs-cbec/customs/cs-instructions/cs-instructions-to-date,"Navigate to CBIC Customs portal (https://www.cbic.gov.in/htdocs-cbec/customs/cs-instructions/cs-instructions-to-date), search for '23/21', and download the signed CBIC circular/instruction."
CBIC-0072,CBIC Instruction 23/21-Cus,CAPTCHA_BLOCKED,https://www.cbic.gov.in/htdocs-cbec/customs/cs-instructions/cs-instructions-to-date,"Navigate to CBIC Customs portal (https://www.cbic.gov.in/htdocs-cbec/customs/cs-instructions/cs-instructions-to-date), search for '23/21-Cus', and download the signed CBIC circular/instruction."
CBIC-0073,CBIC Instruction No.23/25-Cus,CAPTCHA_BLOCKED,https://www.cbic.gov.in/htdocs-cbec/customs/cs-instructions/cs-instructions-to-date,"Navigate to CBIC Customs portal (https://www.cbic.gov.in/htdocs-cbec/customs/cs-instructions/cs-instructions-to-date), search for '23/25-Cus', and download the signed CBIC circular/instruction."
CBIC-0074,CBIC Instruction 24/2024-CUS,CAPTCHA_BLOCKED,https://www.cbic.gov.in/htdocs-cbec/customs/cs-instructions/cs-instructions-to-date,"Navigate to CBIC Customs portal (https://www.cbic.gov.in/htdocs-cbec/customs/cs-instructions/cs-instructions-to-date), search for '24/2024-CUS', and download the signed CBIC circular/instruction."
CBIC-0075,CBIC Instruction 24/24-Cus,CAPTCHA_BLOCKED,https://www.cbic.gov.in/htdocs-cbec/customs/cs-instructions/cs-instructions-to-date,"Navigate to CBIC Customs portal (https://www.cbic.gov.in/htdocs-cbec/customs/cs-instructions/cs-instructions-to-date), search for '24/24-Cus', and download the signed CBIC circular/instruction."
CBIC-0076,CBIC instruction no.25/2021-customs,CAPTCHA_BLOCKED,https://www.cbic.gov.in/htdocs-cbec/customs/cs-instructions/cs-instructions-to-date,"Navigate to CBIC Customs portal (https://www.cbic.gov.in/htdocs-cbec/customs/cs-instructions/cs-instructions-to-date), search for '25/2021-customs', and download the signed CBIC circular/instruction."
CBIC-0077,instruction no.25/2024-customs,CAPTCHA_BLOCKED,https://www.cbic.gov.in/htdocs-cbec/customs/cs-instructions/cs-instructions-to-date,"Navigate to CBIC Customs portal (https://www.cbic.gov.in/htdocs-cbec/customs/cs-instructions/cs-instructions-to-date), search for '25/2024-customs', and download the signed CBIC circular/instruction."
CBIC-0078,CBIC instruction no 27/2022-CUS,CAPTCHA_BLOCKED,https://www.cbic.gov.in/htdocs-cbec/customs/cs-instructions/cs-instructions-to-date,"Navigate to CBIC Customs portal (https://www.cbic.gov.in/htdocs-cbec/customs/cs-instructions/cs-instructions-to-date), search for '27/2022-CUS', and download the signed CBIC circular/instruction."
CBIC-0079,CBIC Instruction no.27/2025-Cus,CAPTCHA_BLOCKED,https://www.cbic.gov.in/htdocs-cbec/customs/cs-instructions/cs-instructions-to-date,"Navigate to CBIC Customs portal (https://www.cbic.gov.in/htdocs-cbec/customs/cs-instructions/cs-instructions-to-date), search for '27/2025-Cus', and download the signed CBIC circular/instruction."
CBIC-0080,Cbic Instruction 27/25-Cus,CAPTCHA_BLOCKED,https://www.cbic.gov.in/htdocs-cbec/customs/cs-instructions/cs-instructions-to-date,"Navigate to CBIC Customs portal (https://www.cbic.gov.in/htdocs-cbec/customs/cs-instructions/cs-instructions-to-date), search for '27/25-Cus', and download the signed CBIC circular/instruction."
CBIC-0081,CBIC instruction no.28/2021-customs,CAPTCHA_BLOCKED,https://www.cbic.gov.in/htdocs-cbec/customs/cs-instructions/cs-instructions-to-date,"Navigate to CBIC Customs portal (https://www.cbic.gov.in/htdocs-cbec/customs/cs-instructions/cs-instructions-to-date), search for '28/2021-customs', and download the signed CBIC circular/instruction."
CBIC-0082,CBIC instruction 29/2025-CUS,CAPTCHA_BLOCKED,https://www.cbic.gov.in/htdocs-cbec/customs/cs-instructions/cs-instructions-to-date,"Navigate to CBIC Customs portal (https://www.cbic.gov.in/htdocs-cbec/customs/cs-instructions/cs-instructions-to-date), search for '29/2025-CUS', and download the signed CBIC circular/instruction."
CBIC-0083,CBIC Instruction no 30/2022-CUS,CAPTCHA_BLOCKED,https://www.cbic.gov.in/htdocs-cbec/customs/cs-instructions/cs-instructions-to-date,"Navigate to CBIC Customs portal (https://www.cbic.gov.in/htdocs-cbec/customs/cs-instructions/cs-instructions-to-date), search for '30/2022-CUS', and download the signed CBIC circular/instruction."
CBIC-0084,CBIC instruction No 30/22-CUS,CAPTCHA_BLOCKED,https://www.cbic.gov.in/htdocs-cbec/customs/cs-instructions/cs-instructions-to-date,"Navigate to CBIC Customs portal (https://www.cbic.gov.in/htdocs-cbec/customs/cs-instructions/cs-instructions-to-date), search for '30/22-CUS', and download the signed CBIC circular/instruction."
CBIC-0085,CBIC instruction No 34/2022,CAPTCHA_BLOCKED,https://www.cbic.gov.in/htdocs-cbec/customs/cs-instructions/cs-instructions-to-date,"Navigate to CBIC Customs portal (https://www.cbic.gov.in/htdocs-cbec/customs/cs-instructions/cs-instructions-to-date), search for '34/2022', and download the signed CBIC circular/instruction."
CBIC-0086,CBIC instruction 9/22-CUS,CAPTCHA_BLOCKED,https://www.cbic.gov.in/htdocs-cbec/customs/cs-instructions/cs-instructions-to-date,"Navigate to CBIC Customs portal (https://www.cbic.gov.in/htdocs-cbec/customs/cs-instructions/cs-instructions-to-date), search for '9/22-CUS', and download the signed CBIC circular/instruction."
CBIC-0087,Notification No. 01/1964-CUS,404_NOT_FOUND,https://www.cbic.gov.in/htdocs-cbec/customs/cs-notifications/cs-notfns-to-date,"Navigate to CBIC Customs portal (https://www.cbic.gov.in/htdocs-cbec/customs/cs-notifications/cs-notfns-to-date), search for '01/1964-CUS', and download the signed CBIC circular/instruction."
CBIC-0088,Notification 13/2024-Cus,404_NOT_FOUND,https://www.cbic.gov.in/htdocs-cbec/customs/cs-notifications/cs-notfns-to-date,"Navigate to CBIC Customs portal (https://www.cbic.gov.in/htdocs-cbec/customs/cs-notifications/cs-notfns-to-date), search for '13/2024-Cus', and download the signed CBIC circular/instruction."
CBIC-0089,NOTIFICATION NO.30/2022-CUSTOMS,404_NOT_FOUND,https://www.cbic.gov.in/htdocs-cbec/customs/cs-notifications/cs-notfns-to-date,"Navigate to CBIC Customs portal (https://www.cbic.gov.in/htdocs-cbec/customs/cs-notifications/cs-notfns-to-date), search for '30/2022-CUSTOMS', and download the signed CBIC circular/instruction."
CBIC-0090,Notification No 41/2024-Cus,404_NOT_FOUND,https://www.cbic.gov.in/htdocs-cbec/customs/cs-notifications/cs-notfns-to-date,"Navigate to CBIC Customs portal (https://www.cbic.gov.in/htdocs-cbec/customs/cs-notifications/cs-notfns-to-date), search for '41/2024-Cus', and download the signed CBIC circular/instruction."
DGFT-0006,circ 23/2018,404_NOT_FOUND,https://www.dgft.gov.in/CP/?opt=circular,Access DGFT e-archive at https://www.dgft.gov.in/CP/?opt=circular and filter by Notification/PN year 2018 to retrieve gazette copy for 23/2018.
DGFT-0007,circular no. 27/2015-20,404_NOT_FOUND,https://www.dgft.gov.in/CP/?opt=circular,Access DGFT e-archive at https://www.dgft.gov.in/CP/?opt=circular and filter by Notification/PN year 2015 to retrieve gazette copy for 27/2015-20.
DGFT-0008,Circular 38/15-20,404_NOT_FOUND,https://www.dgft.gov.in/CP/?opt=circular,Access DGFT e-archive at https://www.dgft.gov.in/CP/?opt=circular and filter by Notification/PN year 2020 to retrieve gazette copy for 38/15-20.
DGFT-0009,CIRCULAR 38/15-20DT,404_NOT_FOUND,https://www.dgft.gov.in/CP/?opt=circular,Access DGFT e-archive at https://www.dgft.gov.in/CP/?opt=circular and filter by Notification/PN year  to retrieve gazette copy for 38/15-20DT.
DGFT-0010,Circular No.38/2015-20,404_NOT_FOUND,https://www.dgft.gov.in/CP/?opt=circular,Access DGFT e-archive at https://www.dgft.gov.in/CP/?opt=circular and filter by Notification/PN year 2015 to retrieve gazette copy for 38/2015-20.
DGFT-0011,circular 4/23-24,404_NOT_FOUND,https://www.dgft.gov.in/CP/?opt=circular,Access DGFT e-archive at https://www.dgft.gov.in/CP/?opt=circular and filter by Notification/PN year 2024 to retrieve gazette copy for 4/23-24.
DGFT-0012,circular no.40/2015-2020,404_NOT_FOUND,https://www.dgft.gov.in/CP/?opt=circular,Access DGFT e-archive at https://www.dgft.gov.in/CP/?opt=circular and filter by Notification/PN year 2015 to retrieve gazette copy for 40/2015-2020.
DGFT-0013,Circular No.41/2015-2020,404_NOT_FOUND,https://www.dgft.gov.in/CP/?opt=circular,Access DGFT e-archive at https://www.dgft.gov.in/CP/?opt=circular and filter by Notification/PN year 2015 to retrieve gazette copy for 41/2015-2020.
DGFT-0014,Circular 42/15-20,404_NOT_FOUND,https://www.dgft.gov.in/CP/?opt=circular,Access DGFT e-archive at https://www.dgft.gov.in/CP/?opt=circular and filter by Notification/PN year 2020 to retrieve gazette copy for 42/15-20.
DGFT-0015,CIRCULAR NO.42/2015-2020,404_NOT_FOUND,https://www.dgft.gov.in/CP/?opt=circular,Access DGFT e-archive at https://www.dgft.gov.in/CP/?opt=circular and filter by Notification/PN year 2015 to retrieve gazette copy for 42/2015-2020.
DGFT-0016,cir. no 6/23-24,404_NOT_FOUND,https://www.dgft.gov.in/CP/?opt=circular,Access DGFT e-archive at https://www.dgft.gov.in/CP/?opt=circular and filter by Notification/PN year 2024 to retrieve gazette copy for 6/23-24.
DGFT-0017,cir. 8/25-26,404_NOT_FOUND,https://www.dgft.gov.in/CP/?opt=circular,Access DGFT e-archive at https://www.dgft.gov.in/CP/?opt=circular and filter by Notification/PN year 2026 to retrieve gazette copy for 8/25-26.
DGFT-0018,Cir. 9/23-24,404_NOT_FOUND,https://www.dgft.gov.in/CP/?opt=circular,Access DGFT e-archive at https://www.dgft.gov.in/CP/?opt=circular and filter by Notification/PN year 2024 to retrieve gazette copy for 9/23-24.
DGFT-0108,DGFT NOTF no 5/2023,404_NOT_FOUND,https://www.dgft.gov.in/CP/?opt=notification,Access DGFT e-archive at https://www.dgft.gov.in/CP/?opt=notification and filter by Notification/PN year 2023 to retrieve gazette copy for 5/2023.
DGFT-0135,DGFT NOTF 7/25-26,404_NOT_FOUND,https://www.dgft.gov.in/CP/?opt=notification,Access DGFT e-archive at https://www.dgft.gov.in/CP/?opt=notification and filter by Notification/PN year 2026 to retrieve gazette copy for 7/25-26.
DGFT-0142,DGFT NOTF 8/25-26,404_NOT_FOUND,https://www.dgft.gov.in/CP/?opt=notification,Access DGFT e-archive at https://www.dgft.gov.in/CP/?opt=notification and filter by Notification/PN year 2026 to retrieve gazette copy for 8/25-26.
DGFT-0159,pn 4/23,404_NOT_FOUND,https://www.dgft.gov.in/CP/?opt=public-notice,Access DGFT e-archive at https://www.dgft.gov.in/CP/?opt=public-notice and filter by Notification/PN year 2023 to retrieve gazette copy for 4/23.
DGFT-0170,Pn No 60/2015-20,404_NOT_FOUND,https://www.dgft.gov.in/CP/?opt=public-notice,Access DGFT e-archive at https://www.dgft.gov.in/CP/?opt=public-notice and filter by Notification/PN year 2015 to retrieve gazette copy for 60/2015-20.
DGFT-0171,pn no 61/2015-20,404_NOT_FOUND,https://www.dgft.gov.in/CP/?opt=public-notice,Access DGFT e-archive at https://www.dgft.gov.in/CP/?opt=public-notice and filter by Notification/PN year 2015 to retrieve gazette copy for 61/2015-20.
DGFT-0172,pn no 63/2015-20,404_NOT_FOUND,https://www.dgft.gov.in/CP/?opt=public-notice,Access DGFT e-archive at https://www.dgft.gov.in/CP/?opt=public-notice and filter by Notification/PN year 2015 to retrieve gazette copy for 63/2015-20.
DGFT-0173,PN 63/2015-2020,404_NOT_FOUND,https://www.dgft.gov.in/CP/?opt=public-notice,Access DGFT e-archive at https://www.dgft.gov.in/CP/?opt=public-notice and filter by Notification/PN year 2015 to retrieve gazette copy for 63/2015-2020.
DGFT-0174,pn 64/15-20,404_NOT_FOUND,https://www.dgft.gov.in/CP/?opt=public-notice,Access DGFT e-archive at https://www.dgft.gov.in/CP/?opt=public-notice and filter by Notification/PN year 2020 to retrieve gazette copy for 64/15-20.
DGFT-0175,PN 64/2015-20,404_NOT_FOUND,https://www.dgft.gov.in/CP/?opt=public-notice,Access DGFT e-archive at https://www.dgft.gov.in/CP/?opt=public-notice and filter by Notification/PN year 2015 to retrieve gazette copy for 64/2015-20.
FSSAI-0001,FSSAI letter dated 23,CAPTCHA_BLOCKED,https://www.fssai.gov.in/executive_order.php,Access FSSAI Executive Orders / Advisories archive at https://www.fssai.gov.in/executive_order.php and search for reference '23'.
FSSAI-0002,FSSAI Notice dt 11-01-23,CAPTCHA_BLOCKED,https://www.fssai.gov.in/executive_order.php,Access FSSAI Executive Orders / Advisories archive at https://www.fssai.gov.in/executive_order.php and search for reference '11-01-23'.
FSSAI-0003,FSSAI notice dtd 11-01-23,CAPTCHA_BLOCKED,https://www.fssai.gov.in/executive_order.php,Access FSSAI Executive Orders / Advisories archive at https://www.fssai.gov.in/executive_order.php and search for reference '11-01-23'.
FSSAI-0004,FSSAI order dated 21-08-2021,CAPTCHA_BLOCKED,https://www.fssai.gov.in/executive_order.php,Access FSSAI Executive Orders / Advisories archive at https://www.fssai.gov.in/executive_order.php and search for reference '21-08-2021'.
FSSAI-0005,FSSAI order dt 17-10-22,CAPTCHA_BLOCKED,https://www.fssai.gov.in/executive_order.php,Access FSSAI Executive Orders / Advisories archive at https://www.fssai.gov.in/executive_order.php and search for reference '17-10-22'.
FSSAI-0006,FSSAI order DT 18-11-22,CAPTCHA_BLOCKED,https://www.fssai.gov.in/executive_order.php,Access FSSAI Executive Orders / Advisories archive at https://www.fssai.gov.in/executive_order.php and search for reference '18-11-22'.
FSSAI-0007,FSSAI order dtd 17-10-22,CAPTCHA_BLOCKED,https://www.fssai.gov.in/executive_order.php,Access FSSAI Executive Orders / Advisories archive at https://www.fssai.gov.in/executive_order.php and search for reference '17-10-22'.
FSSAI-0008,FSSAI order dtd 21-08-21,CAPTCHA_BLOCKED,https://www.fssai.gov.in/executive_order.php,Access FSSAI Executive Orders / Advisories archive at https://www.fssai.gov.in/executive_order.php and search for reference '21-08-21'.
FSSAI-0010,FSSAI order issued,CAPTCHA_BLOCKED,https://www.fssai.gov.in/executive_order.php,Access FSSAI Executive Orders / Advisories archive at https://www.fssai.gov.in/executive_order.php and search for reference 'issued'.
ALLIED-0001,G.S.R.102 (e),404_NOT_FOUND,https://egazette.gov.in,Conduct gazette search on eGazette portal (https://egazette.gov.in) for notification citation: G.S.R.102 (e).
ALLIED-0002,G.S.R. 102(e),404_NOT_FOUND,https://egazette.gov.in,Conduct gazette search on eGazette portal (https://egazette.gov.in) for notification citation: G.S.R. 102(e).
ALLIED-0003,gsr 1081(e),404_NOT_FOUND,https://egazette.gov.in,Conduct gazette search on eGazette portal (https://egazette.gov.in) for notification citation: gsr 1081(e).
CPCB-0001,G.S.R.133,CAPTCHA_BLOCKED,https://cpcb.nic.in,Navigate to CPCB waste management portal at https://cpcb.nic.in/plastic-waste/ and download official notification for 133.
CPCB-0002,GSR133(E),CAPTCHA_BLOCKED,https://cpcb.nic.in,Navigate to CPCB waste management portal at https://cpcb.nic.in/plastic-waste/ and download official notification for 133(E).
ALLIED-0004,gsr 191(e),404_NOT_FOUND,https://egazette.gov.in,Conduct gazette search on eGazette portal (https://egazette.gov.in) for notification citation: gsr 191(e).
ALLIED-0005,gsr 228(e),404_NOT_FOUND,https://egazette.gov.in,Conduct gazette search on eGazette portal (https://egazette.gov.in) for notification citation: gsr 228(e).
ALLIED-0006,G.S.R.284(E),404_NOT_FOUND,https://egazette.gov.in,Conduct gazette search on eGazette portal (https://egazette.gov.in) for notification citation: G.S.R.284(E).
CPCB-0003,gsr 338(e),CAPTCHA_BLOCKED,https://cpcb.nic.in,Navigate to CPCB waste management portal at https://cpcb.nic.in/plastic-waste/ and download official notification for 338(e).
ALLIED-0007,gsr 410,404_NOT_FOUND,https://egazette.gov.in,Conduct gazette search on eGazette portal (https://egazette.gov.in) for notification citation: gsr 410.
ALLIED-0008,gsr 536(e),404_NOT_FOUND,https://egazette.gov.in,Conduct gazette search on eGazette portal (https://egazette.gov.in) for notification citation: gsr 536(e).
CPCB-0004,G.S.R.571(E),CAPTCHA_BLOCKED,https://cpcb.nic.in,Navigate to CPCB waste management portal at https://cpcb.nic.in/plastic-waste/ and download official notification for 571(E).
ALLIED-0009,GSR 592(E),404_NOT_FOUND,https://egazette.gov.in,Conduct gazette search on eGazette portal (https://egazette.gov.in) for notification citation: GSR 592(E).
CPCB-0005,gsr 677(e),CAPTCHA_BLOCKED,https://cpcb.nic.in,Navigate to CPCB waste management portal at https://cpcb.nic.in/plastic-waste/ and download official notification for 677(e).
ALLIED-0010,gsr 71(e),404_NOT_FOUND,https://egazette.gov.in,Conduct gazette search on eGazette portal (https://egazette.gov.in) for notification citation: gsr 71(e).
CPCB-0006,gsr 724(e),CAPTCHA_BLOCKED,https://cpcb.nic.in,Navigate to CPCB waste management portal at https://cpcb.nic.in/plastic-waste/ and download official notification for 724(e).
ALLIED-0011,gsr 759(e),404_NOT_FOUND,https://egazette.gov.in,Conduct gazette search on eGazette portal (https://egazette.gov.in) for notification citation: gsr 759(e).
ALLIED-0012,gsr 760(e),404_NOT_FOUND,https://egazette.gov.in,Conduct gazette search on eGazette portal (https://egazette.gov.in) for notification citation: gsr 760(e).
ALLIED-0013,G.S.R. 78(e),404_NOT_FOUND,https://egazette.gov.in,Conduct gazette search on eGazette portal (https://egazette.gov.in) for notification citation: G.S.R. 78(e).
ALLIED-0014,GSR 792(E),404_NOT_FOUND,https://egazette.gov.in,Conduct gazette search on eGazette portal (https://egazette.gov.in) for notification citation: GSR 792(E).
CPCB-0007,G.S.R. 801 (e),CAPTCHA_BLOCKED,https://cpcb.nic.in,Navigate to CPCB waste management portal at https://cpcb.nic.in/plastic-waste/ and download official notification for 801 (e).
CPCB-0008,G.S.R. 801(E),CAPTCHA_BLOCKED,https://cpcb.nic.in,Navigate to CPCB waste management portal at https://cpcb.nic.in/plastic-waste/ and download official notification for 801(E).
CPCB-0009,Gsr 804(E),CAPTCHA_BLOCKED,https://cpcb.nic.in,Navigate to CPCB waste management portal at https://cpcb.nic.in/plastic-waste/ and download official notification for 804(E).
CPCB-0010,GSR 807(E),CAPTCHA_BLOCKED,https://cpcb.nic.in,Navigate to CPCB waste management portal at https://cpcb.nic.in/plastic-waste/ and download official notification for 807(E).
ALLIED-0015,gsr 843(e),404_NOT_FOUND,https://egazette.gov.in,Conduct gazette search on eGazette portal (https://egazette.gov.in) for notification citation: gsr 843(e).
ALLIED-0016,GSR 870(E),404_NOT_FOUND,https://egazette.gov.in,Conduct gazette search on eGazette portal (https://egazette.gov.in) for notification citation: GSR 870(E).
BIS-IS-0001,is 01,PAYWALL_BIS_STANDARD,https://www.manakonline.in/MANAK/standardSearch?standardNumber=01,Log in to the BIS Manakonline portal (https://www.manakonline.in) with certified organizational credentials or purchase technical specification for IS 01 via BIS e-Sale.
BIS-IS-0002,is 07,PAYWALL_BIS_STANDARD,https://www.manakonline.in/MANAK/standardSearch?standardNumber=07,Log in to the BIS Manakonline portal (https://www.manakonline.in) with certified organizational credentials or purchase technical specification for IS 07 via BIS e-Sale.
BIS-IS-0003,Is 1,PAYWALL_BIS_STANDARD,https://www.manakonline.in/MANAK/standardSearch?standardNumber=1,Log in to the BIS Manakonline portal (https://www.manakonline.in) with certified organizational credentials or purchase technical specification for IS 1 via BIS e-Sale.
BIS-IS-0004,is 100,PAYWALL_BIS_STANDARD,https://www.manakonline.in/MANAK/standardSearch?standardNumber=100,Log in to the BIS Manakonline portal (https://www.manakonline.in) with certified organizational credentials or purchase technical specification for IS 100 via BIS e-Sale.
BIS-IS-0005,is 10001,PAYWALL_BIS_STANDARD,https://www.manakonline.in/MANAK/standardSearch?standardNumber=10001,Log in to the BIS Manakonline portal (https://www.manakonline.in) with certified organizational credentials or purchase technical specification for IS 10001 via BIS e-Sale.
BIS-IS-0006,is 10109,PAYWALL_BIS_STANDARD,https://www.manakonline.in/MANAK/standardSearch?standardNumber=10109,Log in to the BIS Manakonline portal (https://www.manakonline.in) with certified organizational credentials or purchase technical specification for IS 10109 via BIS e-Sale.
BIS-IS-0007,is 10116:2015,PAYWALL_BIS_STANDARD,https://www.manakonline.in/MANAK/standardSearch?standardNumber=10116%3A2015,Log in to the BIS Manakonline portal (https://www.manakonline.in) with certified organizational credentials or purchase technical specification for IS 10116:2015 via BIS e-Sale.
BIS-IS-0008,is 10238:2001,PAYWALL_BIS_STANDARD,https://www.manakonline.in/MANAK/standardSearch?standardNumber=10238%3A2001,Log in to the BIS Manakonline portal (https://www.manakonline.in) with certified organizational credentials or purchase technical specification for IS 10238:2001 via BIS e-Sale.
BIS-IS-0009,IS10322,PAYWALL_BIS_STANDARD,https://www.manakonline.in/MANAK/standardSearch?standardNumber=10322,Log in to the BIS Manakonline portal (https://www.manakonline.in) with certified organizational credentials or purchase technical specification for IS 10322 via BIS e-Sale.
BIS-IS-0010,IS10613:2014,PAYWALL_BIS_STANDARD,https://www.manakonline.in/MANAK/standardSearch?standardNumber=10613%3A2014,Log in to the BIS Manakonline portal (https://www.manakonline.in) with certified organizational credentials or purchase technical specification for IS 10613:2014 via BIS e-Sale.
BIS-IS-0011,IS10617:2018,PAYWALL_BIS_STANDARD,https://www.manakonline.in/MANAK/standardSearch?standardNumber=10617%3A2018,Log in to the BIS Manakonline portal (https://www.manakonline.in) with certified organizational credentials or purchase technical specification for IS 10617:2018 via BIS e-Sale.
BIS-IS-0012,IS10701:2012,PAYWALL_BIS_STANDARD,https://www.manakonline.in/MANAK/standardSearch?standardNumber=10701%3A2012,Log in to the BIS Manakonline portal (https://www.manakonline.in) with certified organizational credentials or purchase technical specification for IS 10701:2012 via BIS e-Sale.
BIS-IS-0013,is 10702:2023,PAYWALL_BIS_STANDARD,https://www.manakonline.in/MANAK/standardSearch?standardNumber=10702%3A2023,Log in to the BIS Manakonline portal (https://www.manakonline.in) with certified organizational credentials or purchase technical specification for IS 10702:2023 via BIS e-Sale.
BIS-IS-0014,IS 10748:2004,PAYWALL_BIS_STANDARD,https://www.manakonline.in/MANAK/standardSearch?standardNumber=10748%3A2004,Log in to the BIS Manakonline portal (https://www.manakonline.in) with certified organizational credentials or purchase technical specification for IS 10748:2004 via BIS e-Sale.
BIS-IS-0015,IS 10773:1995,PAYWALL_BIS_STANDARD,https://www.manakonline.in/MANAK/standardSearch?standardNumber=10773%3A1995,Log in to the BIS Manakonline portal (https://www.manakonline.in) with certified organizational credentials or purchase technical specification for IS 10773:1995 via BIS e-Sale.
BIS-IS-0016,IS 1079:2017,PAYWALL_BIS_STANDARD,https://www.manakonline.in/MANAK/standardSearch?standardNumber=1079%3A2017,Log in to the BIS Manakonline portal (https://www.manakonline.in) with certified organizational credentials or purchase technical specification for IS 1079:2017 via BIS e-Sale.
BIS-IS-0017,is 1084:2005,PAYWALL_BIS_STANDARD,https://www.manakonline.in/MANAK/standardSearch?standardNumber=1084%3A2005,Log in to the BIS Manakonline portal (https://www.manakonline.in) with certified organizational credentials or purchase technical specification for IS 1084:2005 via BIS e-Sale.
BIS-IS-0018,is 11,PAYWALL_BIS_STANDARD,https://www.manakonline.in/MANAK/standardSearch?standardNumber=11,Log in to the BIS Manakonline portal (https://www.manakonline.in) with certified organizational credentials or purchase technical specification for IS 11 via BIS e-Sale.
BIS-IS-0019,is 11066:2022,PAYWALL_BIS_STANDARD,https://www.manakonline.in/MANAK/standardSearch?standardNumber=11066%3A2022,Log in to the BIS Manakonline portal (https://www.manakonline.in) with certified organizational credentials or purchase technical specification for IS 11066:2022 via BIS e-Sale.
BIS-IS-0020,IS1117:2018,PAYWALL_BIS_STANDARD,https://www.manakonline.in/MANAK/standardSearch?standardNumber=1117%3A2018,Log in to the BIS Manakonline portal (https://www.manakonline.in) with certified organizational credentials or purchase technical specification for IS 1117:2018 via BIS e-Sale.
BIS-IS-0021,is 11226:1993,PAYWALL_BIS_STANDARD,https://www.manakonline.in/MANAK/standardSearch?standardNumber=11226%3A1993,Log in to the BIS Manakonline portal (https://www.manakonline.in) with certified organizational credentials or purchase technical specification for IS 11226:1993 via BIS e-Sale.
BIS-IS-0022,IS11329:2018,PAYWALL_BIS_STANDARD,https://www.manakonline.in/MANAK/standardSearch?standardNumber=11329%3A2018,Log in to the BIS Manakonline portal (https://www.manakonline.in) with certified organizational credentials or purchase technical specification for IS 11329:2018 via BIS e-Sale.
BIS-IS-0023,IS11356:2020,PAYWALL_BIS_STANDARD,https://www.manakonline.in/MANAK/standardSearch?standardNumber=11356%3A2020,Log in to the BIS Manakonline portal (https://www.manakonline.in) with certified organizational credentials or purchase technical specification for IS 11356:2020 via BIS e-Sale.
BIS-IS-0024,IS 11513:2017,PAYWALL_BIS_STANDARD,https://www.manakonline.in/MANAK/standardSearch?standardNumber=11513%3A2017,Log in to the BIS Manakonline portal (https://www.manakonline.in) with certified organizational credentials or purchase technical specification for IS 11513:2017 via BIS e-Sale.
BIS-IS-0025,is 11536,PAYWALL_BIS_STANDARD,https://www.manakonline.in/MANAK/standardSearch?standardNumber=11536,Log in to the BIS Manakonline portal (https://www.manakonline.in) with certified organizational credentials or purchase technical specification for IS 11536 via BIS e-Sale.
BIS-IS-0026,IS 11587:1986,PAYWALL_BIS_STANDARD,https://www.manakonline.in/MANAK/standardSearch?standardNumber=11587%3A1986,Log in to the BIS Manakonline portal (https://www.manakonline.in) with certified organizational credentials or purchase technical specification for IS 11587:1986 via BIS e-Sale.
BIS-IS-0027,is 1161,PAYWALL_BIS_STANDARD,https://www.manakonline.in/MANAK/standardSearch?standardNumber=1161,Log in to the BIS Manakonline portal (https://www.manakonline.in) with certified organizational credentials or purchase technical specification for IS 1161 via BIS e-Sale.
BIS-IS-0028,IS 1161:2014,PAYWALL_BIS_STANDARD,https://www.manakonline.in/MANAK/standardSearch?standardNumber=1161%3A2014,Log in to the BIS Manakonline portal (https://www.manakonline.in) with certified organizational credentials or purchase technical specification for IS 1161:2014 via BIS e-Sale.
BIS-IS-0029,is 1165,PAYWALL_BIS_STANDARD,https://www.manakonline.in/MANAK/standardSearch?standardNumber=1165,Log in to the BIS Manakonline portal (https://www.manakonline.in) with certified organizational credentials or purchase technical specification for IS 1165 via BIS e-Sale.
BIS-IS-0030,IS11652:2017,PAYWALL_BIS_STANDARD,https://www.manakonline.in/MANAK/standardSearch?standardNumber=11652%3A2017,Log in to the BIS Manakonline portal (https://www.manakonline.in) with certified organizational credentials or purchase technical specification for IS 11652:2017 via BIS e-Sale.
BIS-IS-0031,is 11657:1986,PAYWALL_BIS_STANDARD,https://www.manakonline.in/MANAK/standardSearch?standardNumber=11657%3A1986,Log in to the BIS Manakonline portal (https://www.manakonline.in) with certified organizational credentials or purchase technical specification for IS 11657:1986 via BIS e-Sale.
BIS-IS-0032,is 1166,PAYWALL_BIS_STANDARD,https://www.manakonline.in/MANAK/standardSearch?standardNumber=1166,Log in to the BIS Manakonline portal (https://www.manakonline.in) with certified organizational credentials or purchase technical specification for IS 1166 via BIS e-Sale.
BIS-IS-0033,is 11744:1986,PAYWALL_BIS_STANDARD,https://www.manakonline.in/MANAK/standardSearch?standardNumber=11744%3A1986,Log in to the BIS Manakonline portal (https://www.manakonline.in) with certified organizational credentials or purchase technical specification for IS 11744:1986 via BIS e-Sale.
BIS-IS-0034,Is 1180,PAYWALL_BIS_STANDARD,https://www.manakonline.in/MANAK/standardSearch?standardNumber=1180,Log in to the BIS Manakonline portal (https://www.manakonline.in) with certified organizational credentials or purchase technical specification for IS 1180 via BIS e-Sale.
BIS-IS-0035,Is 1180 (Part 1),PAYWALL_BIS_STANDARD,https://www.manakonline.in/MANAK/standardSearch?standardNumber=1180%20%28Part%201%29,Log in to the BIS Manakonline portal (https://www.manakonline.in) with certified organizational credentials or purchase technical specification for IS 1180 (Part 1) via BIS e-Sale.
BIS-IS-0036,is 11871,PAYWALL_BIS_STANDARD,https://www.manakonline.in/MANAK/standardSearch?standardNumber=11871,Log in to the BIS Manakonline portal (https://www.manakonline.in) with certified organizational credentials or purchase technical specification for IS 11871 via BIS e-Sale.
BIS-IS-0037,IS 11946:1987,PAYWALL_BIS_STANDARD,https://www.manakonline.in/MANAK/standardSearch?standardNumber=11946%3A1987,Log in to the BIS Manakonline portal (https://www.manakonline.in) with certified organizational credentials or purchase technical specification for IS 11946:1987 via BIS e-Sale.
BIS-IS-0038,IS 11947:1987,PAYWALL_BIS_STANDARD,https://www.manakonline.in/MANAK/standardSearch?standardNumber=11947%3A1987,Log in to the BIS Manakonline portal (https://www.manakonline.in) with certified organizational credentials or purchase technical specification for IS 11947:1987 via BIS e-Sale.
BIS-IS-0039,is 12,PAYWALL_BIS_STANDARD,https://www.manakonline.in/MANAK/standardSearch?standardNumber=12,Log in to the BIS Manakonline portal (https://www.manakonline.in) with certified organizational credentials or purchase technical specification for IS 12 via BIS e-Sale.
BIS-IS-0040,IS12084:2018,PAYWALL_BIS_STANDARD,https://www.manakonline.in/MANAK/standardSearch?standardNumber=12084%3A2018,Log in to the BIS Manakonline portal (https://www.manakonline.in) with certified organizational credentials or purchase technical specification for IS 12084:2018 via BIS e-Sale.
BIS-IS-0041,IS12124:1987,PAYWALL_BIS_STANDARD,https://www.manakonline.in/MANAK/standardSearch?standardNumber=12124%3A1987,Log in to the BIS Manakonline portal (https://www.manakonline.in) with certified organizational credentials or purchase technical specification for IS 12124:1987 via BIS e-Sale.
BIS-IS-0042,IS 12145:1987,PAYWALL_BIS_STANDARD,https://www.manakonline.in/MANAK/standardSearch?standardNumber=12145%3A1987,Log in to the BIS Manakonline portal (https://www.manakonline.in) with certified organizational credentials or purchase technical specification for IS 12145:1987 via BIS e-Sale.
BIS-IS-0043,is 12171:2019,PAYWALL_BIS_STANDARD,https://www.manakonline.in/MANAK/standardSearch?standardNumber=12171%3A2019,Log in to the BIS Manakonline portal (https://www.manakonline.in) with certified organizational credentials or purchase technical specification for IS 12171:2019 via BIS e-Sale.
BIS-IS-0044,is 12176,PAYWALL_BIS_STANDARD,https://www.manakonline.in/MANAK/standardSearch?standardNumber=12176,Log in to the BIS Manakonline portal (https://www.manakonline.in) with certified organizational credentials or purchase technical specification for IS 12176 via BIS e-Sale.
BIS-IS-0045,is 12254:2021,PAYWALL_BIS_STANDARD,https://www.manakonline.in/MANAK/standardSearch?standardNumber=12254%3A2021,Log in to the BIS Manakonline portal (https://www.manakonline.in) with certified organizational credentials or purchase technical specification for IS 12254:2021 via BIS e-Sale.
BIS-IS-0046,is:12300,PAYWALL_BIS_STANDARD,https://www.manakonline.in/MANAK/standardSearch?standardNumber=12300,Log in to the BIS Manakonline portal (https://www.manakonline.in) with certified organizational credentials or purchase technical specification for IS 12300 via BIS e-Sale.
BIS-IS-0047,IS 12313:1988,PAYWALL_BIS_STANDARD,https://www.manakonline.in/MANAK/standardSearch?standardNumber=12313%3A1988,Log in to the BIS Manakonline portal (https://www.manakonline.in) with certified organizational credentials or purchase technical specification for IS 12313:1988 via BIS e-Sale.
BIS-IS-0048,is 12330,PAYWALL_BIS_STANDARD,https://www.manakonline.in/MANAK/standardSearch?standardNumber=12330,Log in to the BIS Manakonline portal (https://www.manakonline.in) with certified organizational credentials or purchase technical specification for IS 12330 via BIS e-Sale.
BIS-IS-0049,IS 1239,PAYWALL_BIS_STANDARD,https://www.manakonline.in/MANAK/standardSearch?standardNumber=1239,Log in to the BIS Manakonline portal (https://www.manakonline.in) with certified organizational credentials or purchase technical specification for IS 1239 via BIS e-Sale.
BIS-IS-0050,is12406:2021,PAYWALL_BIS_STANDARD,https://www.manakonline.in/MANAK/standardSearch?standardNumber=12406%3A2021,Log in to the BIS Manakonline portal (https://www.manakonline.in) with certified organizational credentials or purchase technical specification for IS 12406:2021 via BIS e-Sale.
BIS-IS-0051,is 12427:2001,PAYWALL_BIS_STANDARD,https://www.manakonline.in/MANAK/standardSearch?standardNumber=12427%3A2001,Log in to the BIS Manakonline portal (https://www.manakonline.in) with certified organizational credentials or purchase technical specification for IS 12427:2001 via BIS e-Sale.
BIS-IS-0052,IS 12444:2020,PAYWALL_BIS_STANDARD,https://www.manakonline.in/MANAK/standardSearch?standardNumber=12444%3A2020,Log in to the BIS Manakonline portal (https://www.manakonline.in) with certified organizational credentials or purchase technical specification for IS 12444:2020 via BIS e-Sale.
BIS-IS-0053,IS1254:2007,PAYWALL_BIS_STANDARD,https://www.manakonline.in/MANAK/standardSearch?standardNumber=1254%3A2007,Log in to the BIS Manakonline portal (https://www.manakonline.in) with certified organizational credentials or purchase technical specification for IS 1254:2007 via BIS e-Sale.
BIS-IS-0054,is 12600,PAYWALL_BIS_STANDARD,https://www.manakonline.in/MANAK/standardSearch?standardNumber=12600,Log in to the BIS Manakonline portal (https://www.manakonline.in) with certified organizational credentials or purchase technical specification for IS 12600 via BIS e-Sale.
BIS-IS-0055,Is 12615:2011,PAYWALL_BIS_STANDARD,https://www.manakonline.in/MANAK/standardSearch?standardNumber=12615%3A2011,Log in to the BIS Manakonline portal (https://www.manakonline.in) with certified organizational credentials or purchase technical specification for IS 12615:2011 via BIS e-Sale.
BIS-IS-0056,is 12640,PAYWALL_BIS_STANDARD,https://www.manakonline.in/MANAK/standardSearch?standardNumber=12640,Log in to the BIS Manakonline portal (https://www.manakonline.in) with certified organizational credentials or purchase technical specification for IS 12640 via BIS e-Sale.
BIS-IS-0057,is 12640 (part 2),PAYWALL_BIS_STANDARD,https://www.manakonline.in/MANAK/standardSearch?standardNumber=12640%20%28part%202%29,Log in to the BIS Manakonline portal (https://www.manakonline.in) with certified organizational credentials or purchase technical specification for IS 12640 (part 2) via BIS e-Sale.
BIS-IS-0058,is 12640(part 1),PAYWALL_BIS_STANDARD,https://www.manakonline.in/MANAK/standardSearch?standardNumber=12640%28part%201%29,Log in to the BIS Manakonline portal (https://www.manakonline.in) with certified organizational credentials or purchase technical specification for IS 12640(part 1) via BIS e-Sale.
BIS-IS-0059,is 12650:2018,PAYWALL_BIS_STANDARD,https://www.manakonline.in/MANAK/standardSearch?standardNumber=12650%3A2018,Log in to the BIS Manakonline portal (https://www.manakonline.in) with certified organizational credentials or purchase technical specification for IS 12650:2018 via BIS e-Sale.
BIS-IS-0060,IS 1269,PAYWALL_BIS_STANDARD,https://www.manakonline.in/MANAK/standardSearch?standardNumber=1269,Log in to the BIS Manakonline portal (https://www.manakonline.in) with certified organizational credentials or purchase technical specification for IS 1269 via BIS e-Sale.
BIS-IS-0061,IS 1269 (Part2),PAYWALL_BIS_STANDARD,https://www.manakonline.in/MANAK/standardSearch?standardNumber=1269%20%28Part2%29,Log in to the BIS Manakonline portal (https://www.manakonline.in) with certified organizational credentials or purchase technical specification for IS 1269 (Part2) via BIS e-Sale.
BIS-IS-0062,IS 1269:1997,PAYWALL_BIS_STANDARD,https://www.manakonline.in/MANAK/standardSearch?standardNumber=1269%3A1997,Log in to the BIS Manakonline portal (https://www.manakonline.in) with certified organizational credentials or purchase technical specification for IS 1269:1997 via BIS e-Sale.
BIS-IS-0063,IS12795:2020,PAYWALL_BIS_STANDARD,https://www.manakonline.in/MANAK/standardSearch?standardNumber=12795%3A2020,Log in to the BIS Manakonline portal (https://www.manakonline.in) with certified organizational credentials or purchase technical specification for IS 12795:2020 via BIS e-Sale.
BIS-IS-0064,IS 12817:2020,PAYWALL_BIS_STANDARD,https://www.manakonline.in/MANAK/standardSearch?standardNumber=12817%3A2020,Log in to the BIS Manakonline portal (https://www.manakonline.in) with certified organizational credentials or purchase technical specification for IS 12817:2020 via BIS e-Sale.
BIS-IS-0065,is12823:2015,PAYWALL_BIS_STANDARD,https://www.manakonline.in/MANAK/standardSearch?standardNumber=12823%3A2015,Log in to the BIS Manakonline portal (https://www.manakonline.in) with certified organizational credentials or purchase technical specification for IS 12823:2015 via BIS e-Sale.
BIS-IS-0066,IS1284:1975,PAYWALL_BIS_STANDARD,https://www.manakonline.in/MANAK/standardSearch?standardNumber=1284%3A1975,Log in to the BIS Manakonline portal (https://www.manakonline.in) with certified organizational credentials or purchase technical specification for IS 1284:1975 via BIS e-Sale.
BIS-IS-0067,IS1285:2002,PAYWALL_BIS_STANDARD,https://www.manakonline.in/MANAK/standardSearch?standardNumber=1285%3A2002,Log in to the BIS Manakonline portal (https://www.manakonline.in) with certified organizational credentials or purchase technical specification for IS 1285:2002 via BIS e-Sale.
BIS-IS-0068,is 12928:1990,PAYWALL_BIS_STANDARD,https://www.manakonline.in/MANAK/standardSearch?standardNumber=12928%3A1990,Log in to the BIS Manakonline portal (https://www.manakonline.in) with certified organizational credentials or purchase technical specification for IS 12928:1990 via BIS e-Sale.
BIS-IS-0069,IS12933,PAYWALL_BIS_STANDARD,https://www.manakonline.in/MANAK/standardSearch?standardNumber=12933,Log in to the BIS Manakonline portal (https://www.manakonline.in) with certified organizational credentials or purchase technical specification for IS 12933 via BIS e-Sale.
BIS-IS-0070,IS12933(Part1 and 2),PAYWALL_BIS_STANDARD,https://www.manakonline.in/MANAK/standardSearch?standardNumber=12933%28Part1%20and%202%29,Log in to the BIS Manakonline portal (https://www.manakonline.in) with certified organizational credentials or purchase technical specification for IS 12933(Part1 and 2) via BIS e-Sale.
BIS-IS-0071,is 13,PAYWALL_BIS_STANDARD,https://www.manakonline.in/MANAK/standardSearch?standardNumber=13,Log in to the BIS Manakonline portal (https://www.manakonline.in) with certified organizational credentials or purchase technical specification for IS 13 via BIS e-Sale.
BIS-IS-0072,IS 13000:1990,PAYWALL_BIS_STANDARD,https://www.manakonline.in/MANAK/standardSearch?standardNumber=13000%3A1990,Log in to the BIS Manakonline portal (https://www.manakonline.in) with certified organizational credentials or purchase technical specification for IS 13000:1990 via BIS e-Sale.
BIS-IS-0073,IS 13008:1990,PAYWALL_BIS_STANDARD,https://www.manakonline.in/MANAK/standardSearch?standardNumber=13008%3A1990,Log in to the BIS Manakonline portal (https://www.manakonline.in) with certified organizational credentials or purchase technical specification for IS 13008:1990 via BIS e-Sale.
BIS-IS-0074,is 13010,PAYWALL_BIS_STANDARD,https://www.manakonline.in/MANAK/standardSearch?standardNumber=13010,Log in to the BIS Manakonline portal (https://www.manakonline.in) with certified organizational credentials or purchase technical specification for IS 13010 via BIS e-Sale.
BIS-IS-0075,is 13095,PAYWALL_BIS_STANDARD,https://www.manakonline.in/MANAK/standardSearch?standardNumber=13095,Log in to the BIS Manakonline portal (https://www.manakonline.in) with certified organizational credentials or purchase technical specification for IS 13095 via BIS e-Sale.
BIS-IS-0076,is 13098,PAYWALL_BIS_STANDARD,https://www.manakonline.in/MANAK/standardSearch?standardNumber=13098,Log in to the BIS Manakonline portal (https://www.manakonline.in) with certified organizational credentials or purchase technical specification for IS 13098 via BIS e-Sale.
BIS-IS-0077,IS 13252,PAYWALL_BIS_STANDARD,https://www.manakonline.in/MANAK/standardSearch?standardNumber=13252,Log in to the BIS Manakonline portal (https://www.manakonline.in) with certified organizational credentials or purchase technical specification for IS 13252 via BIS e-Sale.
BIS-IS-0078,is 13252 (part 1),PAYWALL_BIS_STANDARD,https://www.manakonline.in/MANAK/standardSearch?standardNumber=13252%20%28part%201%29,Log in to the BIS Manakonline portal (https://www.manakonline.in) with certified organizational credentials or purchase technical specification for IS 13252 (part 1) via BIS e-Sale.
BIS-IS-0079,IS1328:1996,PAYWALL_BIS_STANDARD,https://www.manakonline.in/MANAK/standardSearch?standardNumber=1328%3A1996,Log in to the BIS Manakonline portal (https://www.manakonline.in) with certified organizational credentials or purchase technical specification for IS 1328:1996 via BIS e-Sale.
BIS-IS-0080,is 13334,PAYWALL_BIS_STANDARD,https://www.manakonline.in/MANAK/standardSearch?standardNumber=13334,Log in to the BIS Manakonline portal (https://www.manakonline.in) with certified organizational credentials or purchase technical specification for IS 13334 via BIS e-Sale.
BIS-IS-0081,is 13334(part 1),PAYWALL_BIS_STANDARD,https://www.manakonline.in/MANAK/standardSearch?standardNumber=13334%28part%201%29,Log in to the BIS Manakonline portal (https://www.manakonline.in) with certified organizational credentials or purchase technical specification for IS 13334(part 1) via BIS e-Sale.
BIS-IS-0082,is 13334(part 2),PAYWALL_BIS_STANDARD,https://www.manakonline.in/MANAK/standardSearch?standardNumber=13334%28part%202%29,Log in to the BIS Manakonline portal (https://www.manakonline.in) with certified organizational credentials or purchase technical specification for IS 13334(part 2) via BIS e-Sale.
BIS-IS-0083,is 13334(part1),PAYWALL_BIS_STANDARD,https://www.manakonline.in/MANAK/standardSearch?standardNumber=13334%28part1%29,Log in to the BIS Manakonline portal (https://www.manakonline.in) with certified organizational credentials or purchase technical specification for IS 13334(part1) via BIS e-Sale.
BIS-IS-0084,is 13334(part2),PAYWALL_BIS_STANDARD,https://www.manakonline.in/MANAK/standardSearch?standardNumber=13334%28part2%29,Log in to the BIS Manakonline portal (https://www.manakonline.in) with certified organizational credentials or purchase technical specification for IS 13334(part2) via BIS e-Sale.
BIS-IS-0085,is 13340,PAYWALL_BIS_STANDARD,https://www.manakonline.in/MANAK/standardSearch?standardNumber=13340,Log in to the BIS Manakonline portal (https://www.manakonline.in) with certified organizational credentials or purchase technical specification for IS 13340 via BIS e-Sale.
BIS-IS-0086,is 13349:1992,PAYWALL_BIS_STANDARD,https://www.manakonline.in/MANAK/standardSearch?standardNumber=13349%3A1992,Log in to the BIS Manakonline portal (https://www.manakonline.in) with certified organizational credentials or purchase technical specification for IS 13349:1992 via BIS e-Sale.
BIS-IS-0087,IS1341:2018,PAYWALL_BIS_STANDARD,https://www.manakonline.in/MANAK/standardSearch?standardNumber=1341%3A2018,Log in to the BIS Manakonline portal (https://www.manakonline.in) with certified organizational credentials or purchase technical specification for IS 1341:2018 via BIS e-Sale.
BIS-IS-0088,is 1342,PAYWALL_BIS_STANDARD,https://www.manakonline.in/MANAK/standardSearch?standardNumber=1342,Log in to the BIS Manakonline portal (https://www.manakonline.in) with certified organizational credentials or purchase technical specification for IS 1342 via BIS e-Sale.
BIS-IS-0089,is 13428,PAYWALL_BIS_STANDARD,https://www.manakonline.in/MANAK/standardSearch?standardNumber=13428,Log in to the BIS Manakonline portal (https://www.manakonline.in) with certified organizational credentials or purchase technical specification for IS 13428 via BIS e-Sale.
BIS-IS-0090,is 13464,PAYWALL_BIS_STANDARD,https://www.manakonline.in/MANAK/standardSearch?standardNumber=13464,Log in to the BIS Manakonline portal (https://www.manakonline.in) with certified organizational credentials or purchase technical specification for IS 13464 via BIS e-Sale.
BIS-IS-0091,is 13501,PAYWALL_BIS_STANDARD,https://www.manakonline.in/MANAK/standardSearch?standardNumber=13501,Log in to the BIS Manakonline portal (https://www.manakonline.in) with certified organizational credentials or purchase technical specification for IS 13501 via BIS e-Sale.
BIS-IS-0092,is: 13539,PAYWALL_BIS_STANDARD,https://www.manakonline.in/MANAK/standardSearch?standardNumber=13539,Log in to the BIS Manakonline portal (https://www.manakonline.in) with certified organizational credentials or purchase technical specification for IS 13539 via BIS e-Sale.
BIS-IS-0093,is 13585,PAYWALL_BIS_STANDARD,https://www.manakonline.in/MANAK/standardSearch?standardNumber=13585,Log in to the BIS Manakonline portal (https://www.manakonline.in) with certified organizational credentials or purchase technical specification for IS 13585 via BIS e-Sale.
BIS-IS-0094,is 1363,PAYWALL_BIS_STANDARD,https://www.manakonline.in/MANAK/standardSearch?standardNumber=1363,Log in to the BIS Manakonline portal (https://www.manakonline.in) with certified organizational credentials or purchase technical specification for IS 1363 via BIS e-Sale.
BIS-IS-0095,is 1363 (part 1),PAYWALL_BIS_STANDARD,https://www.manakonline.in/MANAK/standardSearch?standardNumber=1363%20%28part%201%29,Log in to the BIS Manakonline portal (https://www.manakonline.in) with certified organizational credentials or purchase technical specification for IS 1363 (part 1) via BIS e-Sale.
BIS-IS-0096,is 1363 (part 2),PAYWALL_BIS_STANDARD,https://www.manakonline.in/MANAK/standardSearch?standardNumber=1363%20%28part%202%29,Log in to the BIS Manakonline portal (https://www.manakonline.in) with certified organizational credentials or purchase technical specification for IS 1363 (part 2) via BIS e-Sale.
BIS-IS-0097,is 1363 (part 3),PAYWALL_BIS_STANDARD,https://www.manakonline.in/MANAK/standardSearch?standardNumber=1363%20%28part%203%29,Log in to the BIS Manakonline portal (https://www.manakonline.in) with certified organizational credentials or purchase technical specification for IS 1363 (part 3) via BIS e-Sale.
BIS-IS-0098,IS 1363 (PART1),PAYWALL_BIS_STANDARD,https://www.manakonline.in/MANAK/standardSearch?standardNumber=1363%20%28PART1%29,Log in to the BIS Manakonline portal (https://www.manakonline.in) with certified organizational credentials or purchase technical specification for IS 1363 (PART1) via BIS e-Sale.
BIS-IS-0099,IS 1363 (PART2),PAYWALL_BIS_STANDARD,https://www.manakonline.in/MANAK/standardSearch?standardNumber=1363%20%28PART2%29,Log in to the BIS Manakonline portal (https://www.manakonline.in) with certified organizational credentials or purchase technical specification for IS 1363 (PART2) via BIS e-Sale.
BIS-IS-0100,is 1364,PAYWALL_BIS_STANDARD,https://www.manakonline.in/MANAK/standardSearch?standardNumber=1364,Log in to the BIS Manakonline portal (https://www.manakonline.in) with certified organizational credentials or purchase technical specification for IS 1364 via BIS e-Sale.
BIS-IS-0101,is 1364 (part 1),PAYWALL_BIS_STANDARD,https://www.manakonline.in/MANAK/standardSearch?standardNumber=1364%20%28part%201%29,Log in to the BIS Manakonline portal (https://www.manakonline.in) with certified organizational credentials or purchase technical specification for IS 1364 (part 1) via BIS e-Sale.
BIS-IS-0102,is 1364 (part 2),PAYWALL_BIS_STANDARD,https://www.manakonline.in/MANAK/standardSearch?standardNumber=1364%20%28part%202%29,Log in to the BIS Manakonline portal (https://www.manakonline.in) with certified organizational credentials or purchase technical specification for IS 1364 (part 2) via BIS e-Sale.
BIS-IS-0103,IS 1364 (PART1),PAYWALL_BIS_STANDARD,https://www.manakonline.in/MANAK/standardSearch?standardNumber=1364%20%28PART1%29,Log in to the BIS Manakonline portal (https://www.manakonline.in) with certified organizational credentials or purchase technical specification for IS 1364 (PART1) via BIS e-Sale.
BIS-IS-0104,IS 1364 (PART2),PAYWALL_BIS_STANDARD,https://www.manakonline.in/MANAK/standardSearch?standardNumber=1364%20%28PART2%29,Log in to the BIS Manakonline portal (https://www.manakonline.in) with certified organizational credentials or purchase technical specification for IS 1364 (PART2) via BIS e-Sale.
BIS-IS-0105,is 13779,PAYWALL_BIS_STANDARD,https://www.manakonline.in/MANAK/standardSearch?standardNumber=13779,Log in to the BIS Manakonline portal (https://www.manakonline.in) with certified organizational credentials or purchase technical specification for IS 13779 via BIS e-Sale.
BIS-IS-0106,IS1381,PAYWALL_BIS_STANDARD,https://www.manakonline.in/MANAK/standardSearch?standardNumber=1381,Log in to the BIS Manakonline portal (https://www.manakonline.in) with certified organizational credentials or purchase technical specification for IS 1381 via BIS e-Sale.
BIS-IS-0107,IS1381(Part1),PAYWALL_BIS_STANDARD,https://www.manakonline.in/MANAK/standardSearch?standardNumber=1381%28Part1%29,Log in to the BIS Manakonline portal (https://www.manakonline.in) with certified organizational credentials or purchase technical specification for IS 1381(Part1) via BIS e-Sale.
BIS-IS-0108,is 13893:1994,PAYWALL_BIS_STANDARD,https://www.manakonline.in/MANAK/standardSearch?standardNumber=13893%3A1994,Log in to the BIS Manakonline portal (https://www.manakonline.in) with certified organizational credentials or purchase technical specification for IS 13893:1994 via BIS e-Sale.
BIS-IS-0109,IS1391,PAYWALL_BIS_STANDARD,https://www.manakonline.in/MANAK/standardSearch?standardNumber=1391,Log in to the BIS Manakonline portal (https://www.manakonline.in) with certified organizational credentials or purchase technical specification for IS 1391 via BIS e-Sale.
BIS-IS-0110,IS1391(Part1),PAYWALL_BIS_STANDARD,https://www.manakonline.in/MANAK/standardSearch?standardNumber=1391%28Part1%29,Log in to the BIS Manakonline portal (https://www.manakonline.in) with certified organizational credentials or purchase technical specification for IS 1391(Part1) via BIS e-Sale.
BIS-IS-0111,IS1391(Part2),PAYWALL_BIS_STANDARD,https://www.manakonline.in/MANAK/standardSearch?standardNumber=1391%28Part2%29,Log in to the BIS Manakonline portal (https://www.manakonline.in) with certified organizational credentials or purchase technical specification for IS 1391(Part2) via BIS e-Sale.
BIS-IS-0112,IS13983:1994,PAYWALL_BIS_STANDARD,https://www.manakonline.in/MANAK/standardSearch?standardNumber=13983%3A1994,Log in to the BIS Manakonline portal (https://www.manakonline.in) with certified organizational credentials or purchase technical specification for IS 13983:1994 via BIS e-Sale.
BIS-IS-0113,is 13995:1995,PAYWALL_BIS_STANDARD,https://www.manakonline.in/MANAK/standardSearch?standardNumber=13995%3A1995,Log in to the BIS Manakonline portal (https://www.manakonline.in) with certified organizational credentials or purchase technical specification for IS 13995:1995 via BIS e-Sale.
BIS-IS-0114,is 14,PAYWALL_BIS_STANDARD,https://www.manakonline.in/MANAK/standardSearch?standardNumber=14,Log in to the BIS Manakonline portal (https://www.manakonline.in) with certified organizational credentials or purchase technical specification for IS 14 via BIS e-Sale.
BIS-IS-0115,IS 14246:2013,PAYWALL_BIS_STANDARD,https://www.manakonline.in/MANAK/standardSearch?standardNumber=14246%3A2013,Log in to the BIS Manakonline portal (https://www.manakonline.in) with certified organizational credentials or purchase technical specification for IS 14246:2013 via BIS e-Sale.
BIS-IS-0116,IS14252:2015,PAYWALL_BIS_STANDARD,https://www.manakonline.in/MANAK/standardSearch?standardNumber=14252%3A2015,Log in to the BIS Manakonline portal (https://www.manakonline.in) with certified organizational credentials or purchase technical specification for IS 14252:2015 via BIS e-Sale.
BIS-IS-0117,is 14255:1995,PAYWALL_BIS_STANDARD,https://www.manakonline.in/MANAK/standardSearch?standardNumber=14255%3A1995,Log in to the BIS Manakonline portal (https://www.manakonline.in) with certified organizational credentials or purchase technical specification for IS 14255:1995 via BIS e-Sale.
BIS-IS-0118,is 14286,PAYWALL_BIS_STANDARD,https://www.manakonline.in/MANAK/standardSearch?standardNumber=14286,Log in to the BIS Manakonline portal (https://www.manakonline.in) with certified organizational credentials or purchase technical specification for IS 14286 via BIS e-Sale.
BIS-IS-0119,is 14286 (part1),PAYWALL_BIS_STANDARD,https://www.manakonline.in/MANAK/standardSearch?standardNumber=14286%20%28part1%29,Log in to the BIS Manakonline portal (https://www.manakonline.in) with certified organizational credentials or purchase technical specification for IS 14286 (part1) via BIS e-Sale.
BIS-IS-0120,is 14433,PAYWALL_BIS_STANDARD,https://www.manakonline.in/MANAK/standardSearch?standardNumber=14433,Log in to the BIS Manakonline portal (https://www.manakonline.in) with certified organizational credentials or purchase technical specification for IS 14433 via BIS e-Sale.
BIS-IS-0121,IS14490:2018,PAYWALL_BIS_STANDARD,https://www.manakonline.in/MANAK/standardSearch?standardNumber=14490%3A2018,Log in to the BIS Manakonline portal (https://www.manakonline.in) with certified organizational credentials or purchase technical specification for IS 14490:2018 via BIS e-Sale.
BIS-IS-0122,IS 14491:1997,PAYWALL_BIS_STANDARD,https://www.manakonline.in/MANAK/standardSearch?standardNumber=14491%3A1997,Log in to the BIS Manakonline portal (https://www.manakonline.in) with certified organizational credentials or purchase technical specification for IS 14491:1997 via BIS e-Sale.
BIS-IS-0123,is 14494:2019,PAYWALL_BIS_STANDARD,https://www.manakonline.in/MANAK/standardSearch?standardNumber=14494%3A2019,Log in to the BIS Manakonline portal (https://www.manakonline.in) with certified organizational credentials or purchase technical specification for IS 14494:2019 via BIS e-Sale.
BIS-IS-0124,is 14542,PAYWALL_BIS_STANDARD,https://www.manakonline.in/MANAK/standardSearch?standardNumber=14542,Log in to the BIS Manakonline portal (https://www.manakonline.in) with certified organizational credentials or purchase technical specification for IS 14542 via BIS e-Sale.
BIS-IS-0125,is 14543,PAYWALL_BIS_STANDARD,https://www.manakonline.in/MANAK/standardSearch?standardNumber=14543,Log in to the BIS Manakonline portal (https://www.manakonline.in) with certified organizational credentials or purchase technical specification for IS 14543 via BIS e-Sale.
BIS-IS-0126,is 14544:2022,PAYWALL_BIS_STANDARD,https://www.manakonline.in/MANAK/standardSearch?standardNumber=14544%3A2022,Log in to the BIS Manakonline portal (https://www.manakonline.in) with certified organizational credentials or purchase technical specification for IS 14544:2022 via BIS e-Sale.
BIS-IS-0127,is 14625,PAYWALL_BIS_STANDARD,https://www.manakonline.in/MANAK/standardSearch?standardNumber=14625,Log in to the BIS Manakonline portal (https://www.manakonline.in) with certified organizational credentials or purchase technical specification for IS 14625 via BIS e-Sale.
BIS-IS-0128,is 14697,PAYWALL_BIS_STANDARD,https://www.manakonline.in/MANAK/standardSearch?standardNumber=14697,Log in to the BIS Manakonline portal (https://www.manakonline.in) with certified organizational credentials or purchase technical specification for IS 14697 via BIS e-Sale.
BIS-IS-0129,IS14709:1999,PAYWALL_BIS_STANDARD,https://www.manakonline.in/MANAK/standardSearch?standardNumber=14709%3A1999,Log in to the BIS Manakonline portal (https://www.manakonline.in) with certified organizational credentials or purchase technical specification for IS 14709:1999 via BIS e-Sale.
BIS-IS-0130,is 14715,PAYWALL_BIS_STANDARD,https://www.manakonline.in/MANAK/standardSearch?standardNumber=14715,Log in to the BIS Manakonline portal (https://www.manakonline.in) with certified organizational credentials or purchase technical specification for IS 14715 via BIS e-Sale.
BIS-IS-0131,is 14715 (part 1),PAYWALL_BIS_STANDARD,https://www.manakonline.in/MANAK/standardSearch?standardNumber=14715%20%28part%201%29,Log in to the BIS Manakonline portal (https://www.manakonline.in) with certified organizational credentials or purchase technical specification for IS 14715 (part 1) via BIS e-Sale.
BIS-IS-0132,is 14715 (part 2),PAYWALL_BIS_STANDARD,https://www.manakonline.in/MANAK/standardSearch?standardNumber=14715%20%28part%202%29,Log in to the BIS Manakonline portal (https://www.manakonline.in) with certified organizational credentials or purchase technical specification for IS 14715 (part 2) via BIS e-Sale.
BIS-IS-0133,IS14756:2024,PAYWALL_BIS_STANDARD,https://www.manakonline.in/MANAK/standardSearch?standardNumber=14756%3A2024,Log in to the BIS Manakonline portal (https://www.manakonline.in) with certified organizational credentials or purchase technical specification for IS 14756:2024 via BIS e-Sale.
BIS-IS-0134,is 14772:2020,PAYWALL_BIS_STANDARD,https://www.manakonline.in/MANAK/standardSearch?standardNumber=14772%3A2020,Log in to the BIS Manakonline portal (https://www.manakonline.in) with certified organizational credentials or purchase technical specification for IS 14772:2020 via BIS e-Sale.
BIS-IS-0135,IS 14810:2000,PAYWALL_BIS_STANDARD,https://www.manakonline.in/MANAK/standardSearch?standardNumber=14810%3A2000,Log in to the BIS Manakonline portal (https://www.manakonline.in) with certified organizational credentials or purchase technical specification for IS 14810:2000 via BIS e-Sale.
BIS-IS-0136,IS 14862:2000,PAYWALL_BIS_STANDARD,https://www.manakonline.in/MANAK/standardSearch?standardNumber=14862%3A2000,Log in to the BIS Manakonline portal (https://www.manakonline.in) with certified organizational credentials or purchase technical specification for IS 14862:2000 via BIS e-Sale.
BIS-IS-0137,IS 14871:2000,PAYWALL_BIS_STANDARD,https://www.manakonline.in/MANAK/standardSearch?standardNumber=14871%3A2000,Log in to the BIS Manakonline portal (https://www.manakonline.in) with certified organizational credentials or purchase technical specification for IS 14871:2000 via BIS e-Sale.
BIS-IS-0138,IS14887:2014,PAYWALL_BIS_STANDARD,https://www.manakonline.in/MANAK/standardSearch?standardNumber=14887%3A2014,Log in to the BIS Manakonline portal (https://www.manakonline.in) with certified organizational credentials or purchase technical specification for IS 14887:2014 via BIS e-Sale.
BIS-IS-0139,is 1489,PAYWALL_BIS_STANDARD,https://www.manakonline.in/MANAK/standardSearch?standardNumber=1489,Log in to the BIS Manakonline portal (https://www.manakonline.in) with certified organizational credentials or purchase technical specification for IS 1489 via BIS e-Sale.
BIS-IS-0140,is 1489 (part 1),PAYWALL_BIS_STANDARD,https://www.manakonline.in/MANAK/standardSearch?standardNumber=1489%20%28part%201%29,Log in to the BIS Manakonline portal (https://www.manakonline.in) with certified organizational credentials or purchase technical specification for IS 1489 (part 1) via BIS e-Sale.
BIS-IS-0141,is 1489 (part 2),PAYWALL_BIS_STANDARD,https://www.manakonline.in/MANAK/standardSearch?standardNumber=1489%20%28part%202%29,Log in to the BIS Manakonline portal (https://www.manakonline.in) with certified organizational credentials or purchase technical specification for IS 1489 (part 2) via BIS e-Sale.
BIS-IS-0142,is 14899,PAYWALL_BIS_STANDARD,https://www.manakonline.in/MANAK/standardSearch?standardNumber=14899,Log in to the BIS Manakonline portal (https://www.manakonline.in) with certified organizational credentials or purchase technical specification for IS 14899 via BIS e-Sale.
BIS-IS-0143,is 14900:2018,PAYWALL_BIS_STANDARD,https://www.manakonline.in/MANAK/standardSearch?standardNumber=14900%3A2018,Log in to the BIS Manakonline portal (https://www.manakonline.in) with certified organizational credentials or purchase technical specification for IS 14900:2018 via BIS e-Sale.
BIS-IS-0144,is 14928:2001,PAYWALL_BIS_STANDARD,https://www.manakonline.in/MANAK/standardSearch?standardNumber=14928%3A2001,Log in to the BIS Manakonline portal (https://www.manakonline.in) with certified organizational credentials or purchase technical specification for IS 14928:2001 via BIS e-Sale.
BIS-IS-0145,is 14929:2022,PAYWALL_BIS_STANDARD,https://www.manakonline.in/MANAK/standardSearch?standardNumber=14929%3A2022,Log in to the BIS Manakonline portal (https://www.manakonline.in) with certified organizational credentials or purchase technical specification for IS 14929:2022 via BIS e-Sale.
BIS-IS-0146,IS14968:2015,PAYWALL_BIS_STANDARD,https://www.manakonline.in/MANAK/standardSearch?standardNumber=14968%3A2015,Log in to the BIS Manakonline portal (https://www.manakonline.in) with certified organizational credentials or purchase technical specification for IS 14968:2015 via BIS e-Sale.
BIS-IS-0147,is 15,PAYWALL_BIS_STANDARD,https://www.manakonline.in/MANAK/standardSearch?standardNumber=15,Log in to the BIS Manakonline portal (https://www.manakonline.in) with certified organizational credentials or purchase technical specification for IS 15 via BIS e-Sale.
BIS-IS-0148,Is 15041:2001,PAYWALL_BIS_STANDARD,https://www.manakonline.in/MANAK/standardSearch?standardNumber=15041%3A2001,Log in to the BIS Manakonline portal (https://www.manakonline.in) with certified organizational credentials or purchase technical specification for IS 15041:2001 via BIS e-Sale.
BIS-IS-0149,is 15078:2001,PAYWALL_BIS_STANDARD,https://www.manakonline.in/MANAK/standardSearch?standardNumber=15078%3A2001,Log in to the BIS Manakonline portal (https://www.manakonline.in) with certified organizational credentials or purchase technical specification for IS 15078:2001 via BIS e-Sale.
BIS-IS-0150,is:15100,PAYWALL_BIS_STANDARD,https://www.manakonline.in/MANAK/standardSearch?standardNumber=15100,Log in to the BIS Manakonline portal (https://www.manakonline.in) with certified organizational credentials or purchase technical specification for IS 15100 via BIS e-Sale.
BIS-IS-0151,IS 15103:2002,PAYWALL_BIS_STANDARD,https://www.manakonline.in/MANAK/standardSearch?standardNumber=15103%3A2002,Log in to the BIS Manakonline portal (https://www.manakonline.in) with certified organizational credentials or purchase technical specification for IS 15103:2002 via BIS e-Sale.
BIS-IS-0152,Is 15111,PAYWALL_BIS_STANDARD,https://www.manakonline.in/MANAK/standardSearch?standardNumber=15111,Log in to the BIS Manakonline portal (https://www.manakonline.in) with certified organizational credentials or purchase technical specification for IS 15111 via BIS e-Sale.
BIS-IS-0153,is 15138:2010,PAYWALL_BIS_STANDARD,https://www.manakonline.in/MANAK/standardSearch?standardNumber=15138%3A2010,Log in to the BIS Manakonline portal (https://www.manakonline.in) with certified organizational credentials or purchase technical specification for IS 15138:2010 via BIS e-Sale.
BIS-IS-0154,IS15155:2020,PAYWALL_BIS_STANDARD,https://www.manakonline.in/MANAK/standardSearch?standardNumber=15155%3A2020,Log in to the BIS Manakonline portal (https://www.manakonline.in) with certified organizational credentials or purchase technical specification for IS 15155:2020 via BIS e-Sale.
BIS-IS-0155,is 15298,PAYWALL_BIS_STANDARD,https://www.manakonline.in/MANAK/standardSearch?standardNumber=15298,Log in to the BIS Manakonline portal (https://www.manakonline.in) with certified organizational credentials or purchase technical specification for IS 15298 via BIS e-Sale.
BIS-IS-0156,is 15298 ( part 3),PAYWALL_BIS_STANDARD,https://www.manakonline.in/MANAK/standardSearch?standardNumber=15298%20%28%20part%203%29,Log in to the BIS Manakonline portal (https://www.manakonline.in) with certified organizational credentials or purchase technical specification for IS 15298 ( part 3) via BIS e-Sale.
BIS-IS-0157,is 15298 (part 2),PAYWALL_BIS_STANDARD,https://www.manakonline.in/MANAK/standardSearch?standardNumber=15298%20%28part%202%29,Log in to the BIS Manakonline portal (https://www.manakonline.in) with certified organizational credentials or purchase technical specification for IS 15298 (part 2) via BIS e-Sale.
BIS-IS-0158,is 15298 (part 3),PAYWALL_BIS_STANDARD,https://www.manakonline.in/MANAK/standardSearch?standardNumber=15298%20%28part%203%29,Log in to the BIS Manakonline portal (https://www.manakonline.in) with certified organizational credentials or purchase technical specification for IS 15298 (part 3) via BIS e-Sale.
BIS-IS-0159,is 15298 (part 4),PAYWALL_BIS_STANDARD,https://www.manakonline.in/MANAK/standardSearch?standardNumber=15298%20%28part%204%29,Log in to the BIS Manakonline portal (https://www.manakonline.in) with certified organizational credentials or purchase technical specification for IS 15298 (part 4) via BIS e-Sale.
BIS-IS-0160,is 15298(part 3),PAYWALL_BIS_STANDARD,https://www.manakonline.in/MANAK/standardSearch?standardNumber=15298%28part%203%29,Log in to the BIS Manakonline portal (https://www.manakonline.in) with certified organizational credentials or purchase technical specification for IS 15298(part 3) via BIS e-Sale.
BIS-IS-0161,is 15298(part 4),PAYWALL_BIS_STANDARD,https://www.manakonline.in/MANAK/standardSearch?standardNumber=15298%28part%204%29,Log in to the BIS Manakonline portal (https://www.manakonline.in) with certified organizational credentials or purchase technical specification for IS 15298(part 4) via BIS e-Sale.
BIS-IS-0162,is 15351:2015,PAYWALL_BIS_STANDARD,https://www.manakonline.in/MANAK/standardSearch?standardNumber=15351%3A2015,Log in to the BIS Manakonline portal (https://www.manakonline.in) with certified organizational credentials or purchase technical specification for IS 15351:2015 via BIS e-Sale.
BIS-IS-0163,is 1536,PAYWALL_BIS_STANDARD,https://www.manakonline.in/MANAK/standardSearch?standardNumber=1536,Log in to the BIS Manakonline portal (https://www.manakonline.in) with certified organizational credentials or purchase technical specification for IS 1536 via BIS e-Sale.
BIS-IS-0164,is 1537:1976,PAYWALL_BIS_STANDARD,https://www.manakonline.in/MANAK/standardSearch?standardNumber=1537%3A1976,Log in to the BIS Manakonline portal (https://www.manakonline.in) with certified organizational credentials or purchase technical specification for IS 1537:1976 via BIS e-Sale.
BIS-IS-0165,is 15392,PAYWALL_BIS_STANDARD,https://www.manakonline.in/MANAK/standardSearch?standardNumber=15392,Log in to the BIS Manakonline portal (https://www.manakonline.in) with certified organizational credentials or purchase technical specification for IS 15392 via BIS e-Sale.
BIS-IS-0166,is 15449,PAYWALL_BIS_STANDARD,https://www.manakonline.in/MANAK/standardSearch?standardNumber=15449,Log in to the BIS Manakonline portal (https://www.manakonline.in) with certified organizational credentials or purchase technical specification for IS 15449 via BIS e-Sale.
BIS-IS-0167,IS 1545:1994,PAYWALL_BIS_STANDARD,https://www.manakonline.in/MANAK/standardSearch?standardNumber=1545%3A1994,Log in to the BIS Manakonline portal (https://www.manakonline.in) with certified organizational credentials or purchase technical specification for IS 1545:1994 via BIS e-Sale.
BIS-IS-0168,is 1554,PAYWALL_BIS_STANDARD,https://www.manakonline.in/MANAK/standardSearch?standardNumber=1554,Log in to the BIS Manakonline portal (https://www.manakonline.in) with certified organizational credentials or purchase technical specification for IS 1554 via BIS e-Sale.
BIS-IS-0169,is 1554(part 1),PAYWALL_BIS_STANDARD,https://www.manakonline.in/MANAK/standardSearch?standardNumber=1554%28part%201%29,Log in to the BIS Manakonline portal (https://www.manakonline.in) with certified organizational credentials or purchase technical specification for IS 1554(part 1) via BIS e-Sale.
BIS-IS-0170,is 1554(part 2),PAYWALL_BIS_STANDARD,https://www.manakonline.in/MANAK/standardSearch?standardNumber=1554%28part%202%29,Log in to the BIS Manakonline portal (https://www.manakonline.in) with certified organizational credentials or purchase technical specification for IS 1554(part 2) via BIS e-Sale.
BIS-IS-0171,Is 15558,PAYWALL_BIS_STANDARD,https://www.manakonline.in/MANAK/standardSearch?standardNumber=15558,Log in to the BIS Manakonline portal (https://www.manakonline.in) with certified organizational credentials or purchase technical specification for IS 15558 via BIS e-Sale.
BIS-IS-0172,is 15573,PAYWALL_BIS_STANDARD,https://www.manakonline.in/MANAK/standardSearch?standardNumber=15573,Log in to the BIS Manakonline portal (https://www.manakonline.in) with certified organizational credentials or purchase technical specification for IS 15573 via BIS e-Sale.
BIS-IS-0173,is 15573:2018,PAYWALL_BIS_STANDARD,https://www.manakonline.in/MANAK/standardSearch?standardNumber=15573%3A2018,Log in to the BIS Manakonline portal (https://www.manakonline.in) with certified organizational credentials or purchase technical specification for IS 15573:2018 via BIS e-Sale.
BIS-IS-0174,is 15627,PAYWALL_BIS_STANDARD,https://www.manakonline.in/MANAK/standardSearch?standardNumber=15627,Log in to the BIS Manakonline portal (https://www.manakonline.in) with certified organizational credentials or purchase technical specification for IS 15627 via BIS e-Sale.
BIS-IS-0175,is 15633,PAYWALL_BIS_STANDARD,https://www.manakonline.in/MANAK/standardSearch?standardNumber=15633,Log in to the BIS Manakonline portal (https://www.manakonline.in) with certified organizational credentials or purchase technical specification for IS 15633 via BIS e-Sale.
BIS-IS-0176,is 15636,PAYWALL_BIS_STANDARD,https://www.manakonline.in/MANAK/standardSearch?standardNumber=15636,Log in to the BIS Manakonline portal (https://www.manakonline.in) with certified organizational credentials or purchase technical specification for IS 15636 via BIS e-Sale.
BIS-IS-0177,is 15742,PAYWALL_BIS_STANDARD,https://www.manakonline.in/MANAK/standardSearch?standardNumber=15742,Log in to the BIS Manakonline portal (https://www.manakonline.in) with certified organizational credentials or purchase technical specification for IS 15742 via BIS e-Sale.
BIS-IS-0178,IS 15742:2007,PAYWALL_BIS_STANDARD,https://www.manakonline.in/MANAK/standardSearch?standardNumber=15742%3A2007,Log in to the BIS Manakonline portal (https://www.manakonline.in) with certified organizational credentials or purchase technical specification for IS 15742:2007 via BIS e-Sale.
BIS-IS-0179,IS 15748:2022,PAYWALL_BIS_STANDARD,https://www.manakonline.in/MANAK/standardSearch?standardNumber=15748%3A2022,Log in to the BIS Manakonline portal (https://www.manakonline.in) with certified organizational credentials or purchase technical specification for IS 15748:2022 via BIS e-Sale.
BIS-IS-0180,is 15757,PAYWALL_BIS_STANDARD,https://www.manakonline.in/MANAK/standardSearch?standardNumber=15757,Log in to the BIS Manakonline portal (https://www.manakonline.in) with certified organizational credentials or purchase technical specification for IS 15757 via BIS e-Sale.
BIS-IS-0181,IS15768:2008,PAYWALL_BIS_STANDARD,https://www.manakonline.in/MANAK/standardSearch?standardNumber=15768%3A2008,Log in to the BIS Manakonline portal (https://www.manakonline.in) with certified organizational credentials or purchase technical specification for IS 15768:2008 via BIS e-Sale.
BIS-IS-0182,IS15769:2008,PAYWALL_BIS_STANDARD,https://www.manakonline.in/MANAK/standardSearch?standardNumber=15769%3A2008,Log in to the BIS Manakonline portal (https://www.manakonline.in) with certified organizational credentials or purchase technical specification for IS 15769:2008 via BIS e-Sale.
BIS-IS-0183,is 15809,PAYWALL_BIS_STANDARD,https://www.manakonline.in/MANAK/standardSearch?standardNumber=15809,Log in to the BIS Manakonline portal (https://www.manakonline.in) with certified organizational credentials or purchase technical specification for IS 15809 via BIS e-Sale.
BIS-IS-0184,IS15833:2009,PAYWALL_BIS_STANDARD,https://www.manakonline.in/MANAK/standardSearch?standardNumber=15833%3A2009,Log in to the BIS Manakonline portal (https://www.manakonline.in) with certified organizational credentials or purchase technical specification for IS 15833:2009 via BIS e-Sale.
BIS-IS-0185,IS15834:2020,PAYWALL_BIS_STANDARD,https://www.manakonline.in/MANAK/standardSearch?standardNumber=15834%3A2020,Log in to the BIS Manakonline portal (https://www.manakonline.in) with certified organizational credentials or purchase technical specification for IS 15834:2020 via BIS e-Sale.
BIS-IS-0186,is 15844,PAYWALL_BIS_STANDARD,https://www.manakonline.in/MANAK/standardSearch?standardNumber=15844,Log in to the BIS Manakonline portal (https://www.manakonline.in) with certified organizational credentials or purchase technical specification for IS 15844 via BIS e-Sale.
BIS-IS-0187,is 15869:2020,PAYWALL_BIS_STANDARD,https://www.manakonline.in/MANAK/standardSearch?standardNumber=15869%3A2020,Log in to the BIS Manakonline portal (https://www.manakonline.in) with certified organizational credentials or purchase technical specification for IS 15869:2020 via BIS e-Sale.
BIS-IS-0188,IS15885,PAYWALL_BIS_STANDARD,https://www.manakonline.in/MANAK/standardSearch?standardNumber=15885,Log in to the BIS Manakonline portal (https://www.manakonline.in) with certified organizational credentials or purchase technical specification for IS 15885 via BIS e-Sale.
BIS-IS-0189,is 15895,PAYWALL_BIS_STANDARD,https://www.manakonline.in/MANAK/standardSearch?standardNumber=15895,Log in to the BIS Manakonline portal (https://www.manakonline.in) with certified organizational credentials or purchase technical specification for IS 15895 via BIS e-Sale.
BIS-IS-0190,is 15905,PAYWALL_BIS_STANDARD,https://www.manakonline.in/MANAK/standardSearch?standardNumber=15905,Log in to the BIS Manakonline portal (https://www.manakonline.in) with certified organizational credentials or purchase technical specification for IS 15905 via BIS e-Sale.
BIS-IS-0191,is 15909:2020,PAYWALL_BIS_STANDARD,https://www.manakonline.in/MANAK/standardSearch?standardNumber=15909%3A2020,Log in to the BIS Manakonline portal (https://www.manakonline.in) with certified organizational credentials or purchase technical specification for IS 15909:2020 via BIS e-Sale.
BIS-IS-0192,IS 1592:2003,PAYWALL_BIS_STANDARD,https://www.manakonline.in/MANAK/standardSearch?standardNumber=1592%3A2003,Log in to the BIS Manakonline portal (https://www.manakonline.in) with certified organizational credentials or purchase technical specification for IS 1592:2003 via BIS e-Sale.
BIS-IS-0193,IS 15961:2012,PAYWALL_BIS_STANDARD,https://www.manakonline.in/MANAK/standardSearch?standardNumber=15961%3A2012,Log in to the BIS Manakonline portal (https://www.manakonline.in) with certified organizational credentials or purchase technical specification for IS 15961:2012 via BIS e-Sale.
BIS-IS-0194,IS 15962:2012,PAYWALL_BIS_STANDARD,https://www.manakonline.in/MANAK/standardSearch?standardNumber=15962%3A2012,Log in to the BIS Manakonline portal (https://www.manakonline.in) with certified organizational credentials or purchase technical specification for IS 15962:2012 via BIS e-Sale.
BIS-IS-0195,IS 15965:2012,PAYWALL_BIS_STANDARD,https://www.manakonline.in/MANAK/standardSearch?standardNumber=15965%3A2012,Log in to the BIS Manakonline portal (https://www.manakonline.in) with certified organizational credentials or purchase technical specification for IS 15965:2012 via BIS e-Sale.
BIS-IS-0196,is 15997,PAYWALL_BIS_STANDARD,https://www.manakonline.in/MANAK/standardSearch?standardNumber=15997,Log in to the BIS Manakonline portal (https://www.manakonline.in) with certified organizational credentials or purchase technical specification for IS 15997 via BIS e-Sale.
BIS-IS-0197,is 16008,PAYWALL_BIS_STANDARD,https://www.manakonline.in/MANAK/standardSearch?standardNumber=16008,Log in to the BIS Manakonline portal (https://www.manakonline.in) with certified organizational credentials or purchase technical specification for IS 16008 via BIS e-Sale.
BIS-IS-0198,IS16011:2012,PAYWALL_BIS_STANDARD,https://www.manakonline.in/MANAK/standardSearch?standardNumber=16011%3A2012,Log in to the BIS Manakonline portal (https://www.manakonline.in) with certified organizational credentials or purchase technical specification for IS 16011:2012 via BIS e-Sale.
BIS-IS-0199,IS16012:2012,PAYWALL_BIS_STANDARD,https://www.manakonline.in/MANAK/standardSearch?standardNumber=16012%3A2012,Log in to the BIS Manakonline portal (https://www.manakonline.in) with certified organizational credentials or purchase technical specification for IS 16012:2012 via BIS e-Sale.
BIS-IS-0200,IS 16014:2018,PAYWALL_BIS_STANDARD,https://www.manakonline.in/MANAK/standardSearch?standardNumber=16014%3A2018,Log in to the BIS Manakonline portal (https://www.manakonline.in) with certified organizational credentials or purchase technical specification for IS 16014:2018 via BIS e-Sale.
BIS-IS-0201,is 1604,PAYWALL_BIS_STANDARD,https://www.manakonline.in/MANAK/standardSearch?standardNumber=1604,Log in to the BIS Manakonline portal (https://www.manakonline.in) with certified organizational credentials or purchase technical specification for IS 1604 via BIS e-Sale.
BIS-IS-0202,Is 16046,PAYWALL_BIS_STANDARD,https://www.manakonline.in/MANAK/standardSearch?standardNumber=16046,Log in to the BIS Manakonline portal (https://www.manakonline.in) with certified organizational credentials or purchase technical specification for IS 16046 via BIS e-Sale.
BIS-IS-0203,is 16077,PAYWALL_BIS_STANDARD,https://www.manakonline.in/MANAK/standardSearch?standardNumber=16077,Log in to the BIS Manakonline portal (https://www.manakonline.in) with certified organizational credentials or purchase technical specification for IS 16077 via BIS e-Sale.
BIS-IS-0204,is 16090:2013,PAYWALL_BIS_STANDARD,https://www.manakonline.in/MANAK/standardSearch?standardNumber=16090%3A2013,Log in to the BIS Manakonline portal (https://www.manakonline.in) with certified organizational credentials or purchase technical specification for IS 16090:2013 via BIS e-Sale.
BIS-IS-0205,IS16102,PAYWALL_BIS_STANDARD,https://www.manakonline.in/MANAK/standardSearch?standardNumber=16102,Log in to the BIS Manakonline portal (https://www.manakonline.in) with certified organizational credentials or purchase technical specification for IS 16102 via BIS e-Sale.
BIS-IS-0206,IS16103,PAYWALL_BIS_STANDARD,https://www.manakonline.in/MANAK/standardSearch?standardNumber=16103,Log in to the BIS Manakonline portal (https://www.manakonline.in) with certified organizational credentials or purchase technical specification for IS 16103 via BIS e-Sale.
BIS-IS-0207,is 16113:2013,PAYWALL_BIS_STANDARD,https://www.manakonline.in/MANAK/standardSearch?standardNumber=16113%3A2013,Log in to the BIS Manakonline portal (https://www.manakonline.in) with certified organizational credentials or purchase technical specification for IS 16113:2013 via BIS e-Sale.
BIS-IS-0208,is 16169,PAYWALL_BIS_STANDARD,https://www.manakonline.in/MANAK/standardSearch?standardNumber=16169,Log in to the BIS Manakonline portal (https://www.manakonline.in) with certified organizational credentials or purchase technical specification for IS 16169 via BIS e-Sale.
BIS-IS-0209,Is 16169:2014,PAYWALL_BIS_STANDARD,https://www.manakonline.in/MANAK/standardSearch?standardNumber=16169%3A2014,Log in to the BIS Manakonline portal (https://www.manakonline.in) with certified organizational credentials or purchase technical specification for IS 16169:2014 via BIS e-Sale.
BIS-IS-0210,is16169:2019,PAYWALL_BIS_STANDARD,https://www.manakonline.in/MANAK/standardSearch?standardNumber=16169%3A2019,Log in to the BIS Manakonline portal (https://www.manakonline.in) with certified organizational credentials or purchase technical specification for IS 16169:2019 via BIS e-Sale.
BIS-IS-0211,is 16186:2014,PAYWALL_BIS_STANDARD,https://www.manakonline.in/MANAK/standardSearch?standardNumber=16186%3A2014,Log in to the BIS Manakonline portal (https://www.manakonline.in) with certified organizational credentials or purchase technical specification for IS 16186:2014 via BIS e-Sale.
BIS-IS-0212,IS16192,PAYWALL_BIS_STANDARD,https://www.manakonline.in/MANAK/standardSearch?standardNumber=16192,Log in to the BIS Manakonline portal (https://www.manakonline.in) with certified organizational credentials or purchase technical specification for IS 16192 via BIS e-Sale.
BIS-IS-0213,IS16192(Part1),PAYWALL_BIS_STANDARD,https://www.manakonline.in/MANAK/standardSearch?standardNumber=16192%28Part1%29,Log in to the BIS Manakonline portal (https://www.manakonline.in) with certified organizational credentials or purchase technical specification for IS 16192(Part1) via BIS e-Sale.
BIS-IS-0214,is 16202,PAYWALL_BIS_STANDARD,https://www.manakonline.in/MANAK/standardSearch?standardNumber=16202,Log in to the BIS Manakonline portal (https://www.manakonline.in) with certified organizational credentials or purchase technical specification for IS 16202 via BIS e-Sale.
BIS-IS-0215,IS16208:2015,PAYWALL_BIS_STANDARD,https://www.manakonline.in/MANAK/standardSearch?standardNumber=16208%3A2015,Log in to the BIS Manakonline portal (https://www.manakonline.in) with certified organizational credentials or purchase technical specification for IS 16208:2015 via BIS e-Sale.
BIS-IS-0216,is 16221,PAYWALL_BIS_STANDARD,https://www.manakonline.in/MANAK/standardSearch?standardNumber=16221,Log in to the BIS Manakonline portal (https://www.manakonline.in) with certified organizational credentials or purchase technical specification for IS 16221 via BIS e-Sale.
BIS-IS-0217,is 16221 (part 2),PAYWALL_BIS_STANDARD,https://www.manakonline.in/MANAK/standardSearch?standardNumber=16221%20%28part%202%29,Log in to the BIS Manakonline portal (https://www.manakonline.in) with certified organizational credentials or purchase technical specification for IS 16221 (part 2) via BIS e-Sale.
BIS-IS-0218,is 16240,PAYWALL_BIS_STANDARD,https://www.manakonline.in/MANAK/standardSearch?standardNumber=16240,Log in to the BIS Manakonline portal (https://www.manakonline.in) with certified organizational credentials or purchase technical specification for IS 16240 via BIS e-Sale.
BIS-IS-0219,is 16240:2015,PAYWALL_BIS_STANDARD,https://www.manakonline.in/MANAK/standardSearch?standardNumber=16240%3A2015,Log in to the BIS Manakonline portal (https://www.manakonline.in) with certified organizational credentials or purchase technical specification for IS 16240:2015 via BIS e-Sale.
BIS-IS-0220,Is 16242,PAYWALL_BIS_STANDARD,https://www.manakonline.in/MANAK/standardSearch?standardNumber=16242,Log in to the BIS Manakonline portal (https://www.manakonline.in) with certified organizational credentials or purchase technical specification for IS 16242 via BIS e-Sale.
BIS-IS-0221,Is 16270:2014,PAYWALL_BIS_STANDARD,https://www.manakonline.in/MANAK/standardSearch?standardNumber=16270%3A2014,Log in to the BIS Manakonline portal (https://www.manakonline.in) with certified organizational credentials or purchase technical specification for IS 16270:2014 via BIS e-Sale.
BIS-IS-0222,is16333,PAYWALL_BIS_STANDARD,https://www.manakonline.in/MANAK/standardSearch?standardNumber=16333,Log in to the BIS Manakonline portal (https://www.manakonline.in) with certified organizational credentials or purchase technical specification for IS 16333 via BIS e-Sale.
BIS-IS-0223,is 16352,PAYWALL_BIS_STANDARD,https://www.manakonline.in/MANAK/standardSearch?standardNumber=16352,Log in to the BIS Manakonline portal (https://www.manakonline.in) with certified organizational credentials or purchase technical specification for IS 16352 via BIS e-Sale.
BIS-IS-0224,is 16352:2020,PAYWALL_BIS_STANDARD,https://www.manakonline.in/MANAK/standardSearch?standardNumber=16352%3A2020,Log in to the BIS Manakonline portal (https://www.manakonline.in) with certified organizational credentials or purchase technical specification for IS 16352:2020 via BIS e-Sale.
BIS-IS-0225,is 16362:2020,PAYWALL_BIS_STANDARD,https://www.manakonline.in/MANAK/standardSearch?standardNumber=16362%3A2020,Log in to the BIS Manakonline portal (https://www.manakonline.in) with certified organizational credentials or purchase technical specification for IS 16362:2020 via BIS e-Sale.
BIS-IS-0226,is 16366,PAYWALL_BIS_STANDARD,https://www.manakonline.in/MANAK/standardSearch?standardNumber=16366,Log in to the BIS Manakonline portal (https://www.manakonline.in) with certified organizational credentials or purchase technical specification for IS 16366 via BIS e-Sale.
BIS-IS-0227,is 16372:2015,PAYWALL_BIS_STANDARD,https://www.manakonline.in/MANAK/standardSearch?standardNumber=16372%3A2015,Log in to the BIS Manakonline portal (https://www.manakonline.in) with certified organizational credentials or purchase technical specification for IS 16372:2015 via BIS e-Sale.
BIS-IS-0228,IS 16390:2015,PAYWALL_BIS_STANDARD,https://www.manakonline.in/MANAK/standardSearch?standardNumber=16390%3A2015,Log in to the BIS Manakonline portal (https://www.manakonline.in) with certified organizational credentials or purchase technical specification for IS 16390:2015 via BIS e-Sale.
BIS-IS-0229,is 16391,PAYWALL_BIS_STANDARD,https://www.manakonline.in/MANAK/standardSearch?standardNumber=16391,Log in to the BIS Manakonline portal (https://www.manakonline.in) with certified organizational credentials or purchase technical specification for IS 16391 via BIS e-Sale.
BIS-IS-0230,is 16391:2015,PAYWALL_BIS_STANDARD,https://www.manakonline.in/MANAK/standardSearch?standardNumber=16391%3A2015,Log in to the BIS Manakonline portal (https://www.manakonline.in) with certified organizational credentials or purchase technical specification for IS 16391:2015 via BIS e-Sale.
BIS-IS-0231,is 16392,PAYWALL_BIS_STANDARD,https://www.manakonline.in/MANAK/standardSearch?standardNumber=16392,Log in to the BIS Manakonline portal (https://www.manakonline.in) with certified organizational credentials or purchase technical specification for IS 16392 via BIS e-Sale.
BIS-IS-0232,is 16392:2015,PAYWALL_BIS_STANDARD,https://www.manakonline.in/MANAK/standardSearch?standardNumber=16392%3A2015,Log in to the BIS Manakonline portal (https://www.manakonline.in) with certified organizational credentials or purchase technical specification for IS 16392:2015 via BIS e-Sale.
BIS-IS-0233,is 16393:2015,PAYWALL_BIS_STANDARD,https://www.manakonline.in/MANAK/standardSearch?standardNumber=16393%3A2015,Log in to the BIS Manakonline portal (https://www.manakonline.in) with certified organizational credentials or purchase technical specification for IS 16393:2015 via BIS e-Sale.
BIS-IS-0234,is 16415,PAYWALL_BIS_STANDARD,https://www.manakonline.in/MANAK/standardSearch?standardNumber=16415,Log in to the BIS Manakonline portal (https://www.manakonline.in) with certified organizational credentials or purchase technical specification for IS 16415 via BIS e-Sale.
BIS-IS-0235,is 16481:2022,PAYWALL_BIS_STANDARD,https://www.manakonline.in/MANAK/standardSearch?standardNumber=16481%3A2022,Log in to the BIS Manakonline portal (https://www.manakonline.in) with certified organizational credentials or purchase technical specification for IS 16481:2022 via BIS e-Sale.
BIS-IS-0236,IS16542:2016,PAYWALL_BIS_STANDARD,https://www.manakonline.in/MANAK/standardSearch?standardNumber=16542%3A2016,Log in to the BIS Manakonline portal (https://www.manakonline.in) with certified organizational credentials or purchase technical specification for IS 16542:2016 via BIS e-Sale.
BIS-IS-0237,IS16544:2016,PAYWALL_BIS_STANDARD,https://www.manakonline.in/MANAK/standardSearch?standardNumber=16544%3A2016,Log in to the BIS Manakonline portal (https://www.manakonline.in) with certified organizational credentials or purchase technical specification for IS 16544:2016 via BIS e-Sale.
BIS-IS-0238,is 1656,PAYWALL_BIS_STANDARD,https://www.manakonline.in/MANAK/standardSearch?standardNumber=1656,Log in to the BIS Manakonline portal (https://www.manakonline.in) with certified organizational credentials or purchase technical specification for IS 1656 via BIS e-Sale.
BIS-IS-0239,is 16585,PAYWALL_BIS_STANDARD,https://www.manakonline.in/MANAK/standardSearch?standardNumber=16585,Log in to the BIS Manakonline portal (https://www.manakonline.in) with certified organizational credentials or purchase technical specification for IS 16585 via BIS e-Sale.
BIS-IS-0240,is1659:2004,PAYWALL_BIS_STANDARD,https://www.manakonline.in/MANAK/standardSearch?standardNumber=1659%3A2004,Log in to the BIS Manakonline portal (https://www.manakonline.in) with certified organizational credentials or purchase technical specification for IS 1659:2004 via BIS e-Sale.
BIS-IS-0241,is 16645:2018,PAYWALL_BIS_STANDARD,https://www.manakonline.in/MANAK/standardSearch?standardNumber=16645%3A2018,Log in to the BIS Manakonline portal (https://www.manakonline.in) with certified organizational credentials or purchase technical specification for IS 16645:2018 via BIS e-Sale.
BIS-IS-0242,IS 16651:2017,PAYWALL_BIS_STANDARD,https://www.manakonline.in/MANAK/standardSearch?standardNumber=16651%3A2017,Log in to the BIS Manakonline portal (https://www.manakonline.in) with certified organizational credentials or purchase technical specification for IS 16651:2017 via BIS e-Sale.
BIS-IS-0243,is 16653,PAYWALL_BIS_STANDARD,https://www.manakonline.in/MANAK/standardSearch?standardNumber=16653,Log in to the BIS Manakonline portal (https://www.manakonline.in) with certified organizational credentials or purchase technical specification for IS 16653 via BIS e-Sale.
BIS-IS-0244,is 16653:2017,PAYWALL_BIS_STANDARD,https://www.manakonline.in/MANAK/standardSearch?standardNumber=16653%3A2017,Log in to the BIS Manakonline portal (https://www.manakonline.in) with certified organizational credentials or purchase technical specification for IS 16653:2017 via BIS e-Sale.
BIS-IS-0245,is 16654:2017,PAYWALL_BIS_STANDARD,https://www.manakonline.in/MANAK/standardSearch?standardNumber=16654%3A2017,Log in to the BIS Manakonline portal (https://www.manakonline.in) with certified organizational credentials or purchase technical specification for IS 16654:2017 via BIS e-Sale.
BIS-IS-0246,IS 16655:2017,PAYWALL_BIS_STANDARD,https://www.manakonline.in/MANAK/standardSearch?standardNumber=16655%3A2017,Log in to the BIS Manakonline portal (https://www.manakonline.in) with certified organizational credentials or purchase technical specification for IS 16655:2017 via BIS e-Sale.
BIS-IS-0247,IS 16703:2017,PAYWALL_BIS_STANDARD,https://www.manakonline.in/MANAK/standardSearch?standardNumber=16703%3A2017,Log in to the BIS Manakonline portal (https://www.manakonline.in) with certified organizational credentials or purchase technical specification for IS 16703:2017 via BIS e-Sale.
BIS-IS-0248,IS16709:2017,PAYWALL_BIS_STANDARD,https://www.manakonline.in/MANAK/standardSearch?standardNumber=16709%3A2017,Log in to the BIS Manakonline portal (https://www.manakonline.in) with certified organizational credentials or purchase technical specification for IS 16709:2017 via BIS e-Sale.
BIS-IS-0249,IS16725:2018,PAYWALL_BIS_STANDARD,https://www.manakonline.in/MANAK/standardSearch?standardNumber=16725%3A2018,Log in to the BIS Manakonline portal (https://www.manakonline.in) with certified organizational credentials or purchase technical specification for IS 16725:2018 via BIS e-Sale.
BIS-IS-0250,IS16726:2018,PAYWALL_BIS_STANDARD,https://www.manakonline.in/MANAK/standardSearch?standardNumber=16726%3A2018,Log in to the BIS Manakonline portal (https://www.manakonline.in) with certified organizational credentials or purchase technical specification for IS 16726:2018 via BIS e-Sale.
BIS-IS-0251,IS 16874:2018,PAYWALL_BIS_STANDARD,https://www.manakonline.in/MANAK/standardSearch?standardNumber=16874%3A2018,Log in to the BIS Manakonline portal (https://www.manakonline.in) with certified organizational credentials or purchase technical specification for IS 16874:2018 via BIS e-Sale.
BIS-IS-0252,IS 16890:2018,PAYWALL_BIS_STANDARD,https://www.manakonline.in/MANAK/standardSearch?standardNumber=16890%3A2018,Log in to the BIS Manakonline portal (https://www.manakonline.in) with certified organizational credentials or purchase technical specification for IS 16890:2018 via BIS e-Sale.
BIS-IS-0253,Is 16950,PAYWALL_BIS_STANDARD,https://www.manakonline.in/MANAK/standardSearch?standardNumber=16950,Log in to the BIS Manakonline portal (https://www.manakonline.in) with certified organizational credentials or purchase technical specification for IS 16950 via BIS e-Sale.
BIS-IS-0254,is 16993,PAYWALL_BIS_STANDARD,https://www.manakonline.in/MANAK/standardSearch?standardNumber=16993,Log in to the BIS Manakonline portal (https://www.manakonline.in) with certified organizational credentials or purchase technical specification for IS 16993 via BIS e-Sale.
BIS-IS-0255,is 16994:2018,PAYWALL_BIS_STANDARD,https://www.manakonline.in/MANAK/standardSearch?standardNumber=16994%3A2018,Log in to the BIS Manakonline portal (https://www.manakonline.in) with certified organizational credentials or purchase technical specification for IS 16994:2018 via BIS e-Sale.
BIS-IS-0256,is 17012:2018,PAYWALL_BIS_STANDARD,https://www.manakonline.in/MANAK/standardSearch?standardNumber=17012%3A2018,Log in to the BIS Manakonline portal (https://www.manakonline.in) with certified organizational credentials or purchase technical specification for IS 17012:2018 via BIS e-Sale.
BIS-IS-0257,is 17037:2018,PAYWALL_BIS_STANDARD,https://www.manakonline.in/MANAK/standardSearch?standardNumber=17037%3A2018,Log in to the BIS Manakonline portal (https://www.manakonline.in) with certified organizational credentials or purchase technical specification for IS 17037:2018 via BIS e-Sale.
BIS-IS-0258,is 17043,PAYWALL_BIS_STANDARD,https://www.manakonline.in/MANAK/standardSearch?standardNumber=17043,Log in to the BIS Manakonline portal (https://www.manakonline.in) with certified organizational credentials or purchase technical specification for IS 17043 via BIS e-Sale.
BIS-IS-0259,is 17048:2018,PAYWALL_BIS_STANDARD,https://www.manakonline.in/MANAK/standardSearch?standardNumber=17048%3A2018,Log in to the BIS Manakonline portal (https://www.manakonline.in) with certified organizational credentials or purchase technical specification for IS 17048:2018 via BIS e-Sale.
BIS-IS-0260,is 17081:2019,PAYWALL_BIS_STANDARD,https://www.manakonline.in/MANAK/standardSearch?standardNumber=17081%3A2019,Log in to the BIS Manakonline portal (https://www.manakonline.in) with certified organizational credentials or purchase technical specification for IS 17081:2019 via BIS e-Sale.
BIS-IS-0261,is 170:2004,PAYWALL_BIS_STANDARD,https://www.manakonline.in/MANAK/standardSearch?standardNumber=170%3A2004,Log in to the BIS Manakonline portal (https://www.manakonline.in) with certified organizational credentials or purchase technical specification for IS 170:2004 via BIS e-Sale.
BIS-IS-0262,IS 17150:2019,PAYWALL_BIS_STANDARD,https://www.manakonline.in/MANAK/standardSearch?standardNumber=17150%3A2019,Log in to the BIS Manakonline portal (https://www.manakonline.in) with certified organizational credentials or purchase technical specification for IS 17150:2019 via BIS e-Sale.
BIS-IS-0263,IS1726:1991,PAYWALL_BIS_STANDARD,https://www.manakonline.in/MANAK/standardSearch?standardNumber=1726%3A1991,Log in to the BIS Manakonline portal (https://www.manakonline.in) with certified organizational credentials or purchase technical specification for IS 1726:1991 via BIS e-Sale.
BIS-IS-0264,is 1729:2002,PAYWALL_BIS_STANDARD,https://www.manakonline.in/MANAK/standardSearch?standardNumber=1729%3A2002,Log in to the BIS Manakonline portal (https://www.manakonline.in) with certified organizational credentials or purchase technical specification for IS 1729:2002 via BIS e-Sale.
BIS-IS-0265,is 17308,PAYWALL_BIS_STANDARD,https://www.manakonline.in/MANAK/standardSearch?standardNumber=17308,Log in to the BIS Manakonline portal (https://www.manakonline.in) with certified organizational credentials or purchase technical specification for IS 17308 via BIS e-Sale.
BIS-IS-0266,is 17334,PAYWALL_BIS_STANDARD,https://www.manakonline.in/MANAK/standardSearch?standardNumber=17334,Log in to the BIS Manakonline portal (https://www.manakonline.in) with certified organizational credentials or purchase technical specification for IS 17334 via BIS e-Sale.
BIS-IS-0267,IS 17349:2020,PAYWALL_BIS_STANDARD,https://www.manakonline.in/MANAK/standardSearch?standardNumber=17349%3A2020,Log in to the BIS Manakonline portal (https://www.manakonline.in) with certified organizational credentials or purchase technical specification for IS 17349:2020 via BIS e-Sale.
BIS-IS-0268,IS 17354:2020,PAYWALL_BIS_STANDARD,https://www.manakonline.in/MANAK/standardSearch?standardNumber=17354%3A2020,Log in to the BIS Manakonline portal (https://www.manakonline.in) with certified organizational credentials or purchase technical specification for IS 17354:2020 via BIS e-Sale.
BIS-IS-0269,is 17355,PAYWALL_BIS_STANDARD,https://www.manakonline.in/MANAK/standardSearch?standardNumber=17355,Log in to the BIS Manakonline portal (https://www.manakonline.in) with certified organizational credentials or purchase technical specification for IS 17355 via BIS e-Sale.
BIS-IS-0270,is 17371:2020,PAYWALL_BIS_STANDARD,https://www.manakonline.in/MANAK/standardSearch?standardNumber=17371%3A2020,Log in to the BIS Manakonline portal (https://www.manakonline.in) with certified organizational credentials or purchase technical specification for IS 17371:2020 via BIS e-Sale.
BIS-IS-0271,is 17372:2020,PAYWALL_BIS_STANDARD,https://www.manakonline.in/MANAK/standardSearch?standardNumber=17372%3A2020,Log in to the BIS Manakonline portal (https://www.manakonline.in) with certified organizational credentials or purchase technical specification for IS 17372:2020 via BIS e-Sale.
BIS-IS-0272,is 17373,PAYWALL_BIS_STANDARD,https://www.manakonline.in/MANAK/standardSearch?standardNumber=17373,Log in to the BIS Manakonline portal (https://www.manakonline.in) with certified organizational credentials or purchase technical specification for IS 17373 via BIS e-Sale.
BIS-IS-0273,is 17373:2020,PAYWALL_BIS_STANDARD,https://www.manakonline.in/MANAK/standardSearch?standardNumber=17373%3A2020,Log in to the BIS Manakonline portal (https://www.manakonline.in) with certified organizational credentials or purchase technical specification for IS 17373:2020 via BIS e-Sale.
BIS-IS-0274,is 17374:2020,PAYWALL_BIS_STANDARD,https://www.manakonline.in/MANAK/standardSearch?standardNumber=17374%3A2020,Log in to the BIS Manakonline portal (https://www.manakonline.in) with certified organizational credentials or purchase technical specification for IS 17374:2020 via BIS e-Sale.
BIS-IS-0275,IS17399:2020,PAYWALL_BIS_STANDARD,https://www.manakonline.in/MANAK/standardSearch?standardNumber=17399%3A2020,Log in to the BIS Manakonline portal (https://www.manakonline.in) with certified organizational credentials or purchase technical specification for IS 17399:2020 via BIS e-Sale.
BIS-IS-0276,is 17400:2021,PAYWALL_BIS_STANDARD,https://www.manakonline.in/MANAK/standardSearch?standardNumber=17400%3A2021,Log in to the BIS Manakonline portal (https://www.manakonline.in) with certified organizational credentials or purchase technical specification for IS 17400:2021 via BIS e-Sale.
BIS-IS-0277,IS 17404:2020,PAYWALL_BIS_STANDARD,https://www.manakonline.in/MANAK/standardSearch?standardNumber=17404%3A2020,Log in to the BIS Manakonline portal (https://www.manakonline.in) with certified organizational credentials or purchase technical specification for IS 17404:2020 via BIS e-Sale.
BIS-IS-0278,is 17412:2020,PAYWALL_BIS_STANDARD,https://www.manakonline.in/MANAK/standardSearch?standardNumber=17412%3A2020,Log in to the BIS Manakonline portal (https://www.manakonline.in) with certified organizational credentials or purchase technical specification for IS 17412:2020 via BIS e-Sale.
BIS-IS-0279,is 17423,PAYWALL_BIS_STANDARD,https://www.manakonline.in/MANAK/standardSearch?standardNumber=17423,Log in to the BIS Manakonline portal (https://www.manakonline.in) with certified organizational credentials or purchase technical specification for IS 17423 via BIS e-Sale.
BIS-IS-0280,is 17439:2020,PAYWALL_BIS_STANDARD,https://www.manakonline.in/MANAK/standardSearch?standardNumber=17439%3A2020,Log in to the BIS Manakonline portal (https://www.manakonline.in) with certified organizational credentials or purchase technical specification for IS 17439:2020 via BIS e-Sale.
BIS-IS-0281,is 17441,PAYWALL_BIS_STANDARD,https://www.manakonline.in/MANAK/standardSearch?standardNumber=17441,Log in to the BIS Manakonline portal (https://www.manakonline.in) with certified organizational credentials or purchase technical specification for IS 17441 via BIS e-Sale.
BIS-IS-0282,is 17450:2020,PAYWALL_BIS_STANDARD,https://www.manakonline.in/MANAK/standardSearch?standardNumber=17450%3A2020,Log in to the BIS Manakonline portal (https://www.manakonline.in) with certified organizational credentials or purchase technical specification for IS 17450:2020 via BIS e-Sale.
BIS-IS-0283,is 17483,PAYWALL_BIS_STANDARD,https://www.manakonline.in/MANAK/standardSearch?standardNumber=17483,Log in to the BIS Manakonline portal (https://www.manakonline.in) with certified organizational credentials or purchase technical specification for IS 17483 via BIS e-Sale.
BIS-IS-0284,is 17483(part 1),PAYWALL_BIS_STANDARD,https://www.manakonline.in/MANAK/standardSearch?standardNumber=17483%28part%201%29,Log in to the BIS Manakonline portal (https://www.manakonline.in) with certified organizational credentials or purchase technical specification for IS 17483(part 1) via BIS e-Sale.
BIS-IS-0285,is 17483(part 2),PAYWALL_BIS_STANDARD,https://www.manakonline.in/MANAK/standardSearch?standardNumber=17483%28part%202%29,Log in to the BIS Manakonline portal (https://www.manakonline.in) with certified organizational credentials or purchase technical specification for IS 17483(part 2) via BIS e-Sale.
BIS-IS-0286,IS 17509:2021,PAYWALL_BIS_STANDARD,https://www.manakonline.in/MANAK/standardSearch?standardNumber=17509%3A2021,Log in to the BIS Manakonline portal (https://www.manakonline.in) with certified organizational credentials or purchase technical specification for IS 17509:2021 via BIS e-Sale.
BIS-IS-0287,IS 17514:2021,PAYWALL_BIS_STANDARD,https://www.manakonline.in/MANAK/standardSearch?standardNumber=17514%3A2021,Log in to the BIS Manakonline portal (https://www.manakonline.in) with certified organizational credentials or purchase technical specification for IS 17514:2021 via BIS e-Sale.
BIS-IS-0288,IS17526,PAYWALL_BIS_STANDARD,https://www.manakonline.in/MANAK/standardSearch?standardNumber=17526,Log in to the BIS Manakonline portal (https://www.manakonline.in) with certified organizational credentials or purchase technical specification for IS 17526 via BIS e-Sale.
BIS-IS-0289,IS17526:2021,PAYWALL_BIS_STANDARD,https://www.manakonline.in/MANAK/standardSearch?standardNumber=17526%3A2021,Log in to the BIS Manakonline portal (https://www.manakonline.in) with certified organizational credentials or purchase technical specification for IS 17526:2021 via BIS e-Sale.
BIS-IS-0290,IS17569:2021,PAYWALL_BIS_STANDARD,https://www.manakonline.in/MANAK/standardSearch?standardNumber=17569%3A2021,Log in to the BIS Manakonline portal (https://www.manakonline.in) with certified organizational credentials or purchase technical specification for IS 17569:2021 via BIS e-Sale.
BIS-IS-0291,IS17570,PAYWALL_BIS_STANDARD,https://www.manakonline.in/MANAK/standardSearch?standardNumber=17570,Log in to the BIS Manakonline portal (https://www.manakonline.in) with certified organizational credentials or purchase technical specification for IS 17570 via BIS e-Sale.
BIS-IS-0292,IS17570 (Part 1),PAYWALL_BIS_STANDARD,https://www.manakonline.in/MANAK/standardSearch?standardNumber=17570%20%28Part%201%29,Log in to the BIS Manakonline portal (https://www.manakonline.in) with certified organizational credentials or purchase technical specification for IS 17570 (Part 1) via BIS e-Sale.
BIS-IS-0293,is 17586,PAYWALL_BIS_STANDARD,https://www.manakonline.in/MANAK/standardSearch?standardNumber=17586,Log in to the BIS Manakonline portal (https://www.manakonline.in) with certified organizational credentials or purchase technical specification for IS 17586 via BIS e-Sale.
BIS-IS-0294,is 17609:2021,PAYWALL_BIS_STANDARD,https://www.manakonline.in/MANAK/standardSearch?standardNumber=17609%3A2021,Log in to the BIS Manakonline portal (https://www.manakonline.in) with certified organizational credentials or purchase technical specification for IS 17609:2021 via BIS e-Sale.
BIS-IS-0295,IS17630:2021,PAYWALL_BIS_STANDARD,https://www.manakonline.in/MANAK/standardSearch?standardNumber=17630%3A2021,Log in to the BIS Manakonline portal (https://www.manakonline.in) with certified organizational credentials or purchase technical specification for IS 17630:2021 via BIS e-Sale.
BIS-IS-0296,IS17631:2022,PAYWALL_BIS_STANDARD,https://www.manakonline.in/MANAK/standardSearch?standardNumber=17631%3A2022,Log in to the BIS Manakonline portal (https://www.manakonline.in) with certified organizational credentials or purchase technical specification for IS 17631:2022 via BIS e-Sale.
BIS-IS-0297,IS17632:2022,PAYWALL_BIS_STANDARD,https://www.manakonline.in/MANAK/standardSearch?standardNumber=17632%3A2022,Log in to the BIS Manakonline portal (https://www.manakonline.in) with certified organizational credentials or purchase technical specification for IS 17632:2022 via BIS e-Sale.
BIS-IS-0298,IS17633:2022,PAYWALL_BIS_STANDARD,https://www.manakonline.in/MANAK/standardSearch?standardNumber=17633%3A2022,Log in to the BIS Manakonline portal (https://www.manakonline.in) with certified organizational credentials or purchase technical specification for IS 17633:2022 via BIS e-Sale.
BIS-IS-0299,IS17634:2022,PAYWALL_BIS_STANDARD,https://www.manakonline.in/MANAK/standardSearch?standardNumber=17634%3A2022,Log in to the BIS Manakonline portal (https://www.manakonline.in) with certified organizational credentials or purchase technical specification for IS 17634:2022 via BIS e-Sale.
BIS-IS-0300,IS17635:2022,PAYWALL_BIS_STANDARD,https://www.manakonline.in/MANAK/standardSearch?standardNumber=17635%3A2022,Log in to the BIS Manakonline portal (https://www.manakonline.in) with certified organizational credentials or purchase technical specification for IS 17635:2022 via BIS e-Sale.
BIS-IS-0301,IS17636:2022,PAYWALL_BIS_STANDARD,https://www.manakonline.in/MANAK/standardSearch?standardNumber=17636%3A2022,Log in to the BIS Manakonline portal (https://www.manakonline.in) with certified organizational credentials or purchase technical specification for IS 17636:2022 via BIS e-Sale.
BIS-IS-0302,IS17682:2021,PAYWALL_BIS_STANDARD,https://www.manakonline.in/MANAK/standardSearch?standardNumber=17682%3A2021,Log in to the BIS Manakonline portal (https://www.manakonline.in) with certified organizational credentials or purchase technical specification for IS 17682:2021 via BIS e-Sale.
BIS-IS-0303,IS 17729:2021,PAYWALL_BIS_STANDARD,https://www.manakonline.in/MANAK/standardSearch?standardNumber=17729%3A2021,Log in to the BIS Manakonline portal (https://www.manakonline.in) with certified organizational credentials or purchase technical specification for IS 17729:2021 via BIS e-Sale.
BIS-IS-0304,IS17790:2022,PAYWALL_BIS_STANDARD,https://www.manakonline.in/MANAK/standardSearch?standardNumber=17790%3A2022,Log in to the BIS Manakonline portal (https://www.manakonline.in) with certified organizational credentials or purchase technical specification for IS 17790:2022 via BIS e-Sale.
BIS-IS-0305,IS17803:2022,PAYWALL_BIS_STANDARD,https://www.manakonline.in/MANAK/standardSearch?standardNumber=17803%3A2022,Log in to the BIS Manakonline portal (https://www.manakonline.in) with certified organizational credentials or purchase technical specification for IS 17803:2022 via BIS e-Sale.
BIS-IS-0306,is 17875,PAYWALL_BIS_STANDARD,https://www.manakonline.in/MANAK/standardSearch?standardNumber=17875,Log in to the BIS Manakonline portal (https://www.manakonline.in) with certified organizational credentials or purchase technical specification for IS 17875 via BIS e-Sale.
BIS-IS-0307,is 17875:2022,PAYWALL_BIS_STANDARD,https://www.manakonline.in/MANAK/standardSearch?standardNumber=17875%3A2022,Log in to the BIS Manakonline portal (https://www.manakonline.in) with certified organizational credentials or purchase technical specification for IS 17875:2022 via BIS e-Sale.
BIS-IS-0308,is 17876,PAYWALL_BIS_STANDARD,https://www.manakonline.in/MANAK/standardSearch?standardNumber=17876,Log in to the BIS Manakonline portal (https://www.manakonline.in) with certified organizational credentials or purchase technical specification for IS 17876 via BIS e-Sale.
BIS-IS-0309,IS17876:2022,PAYWALL_BIS_STANDARD,https://www.manakonline.in/MANAK/standardSearch?standardNumber=17876%3A2022,Log in to the BIS Manakonline portal (https://www.manakonline.in) with certified organizational credentials or purchase technical specification for IS 17876:2022 via BIS e-Sale.
BIS-IS-0310,is 17880:2022,PAYWALL_BIS_STANDARD,https://www.manakonline.in/MANAK/standardSearch?standardNumber=17880%3A2022,Log in to the BIS Manakonline portal (https://www.manakonline.in) with certified organizational credentials or purchase technical specification for IS 17880:2022 via BIS e-Sale.
BIS-IS-0311,IS17954:2023,PAYWALL_BIS_STANDARD,https://www.manakonline.in/MANAK/standardSearch?standardNumber=17954%3A2023,Log in to the BIS Manakonline portal (https://www.manakonline.in) with certified organizational credentials or purchase technical specification for IS 17954:2023 via BIS e-Sale.
BIS-IS-0312,is 17980,PAYWALL_BIS_STANDARD,https://www.manakonline.in/MANAK/standardSearch?standardNumber=17980,Log in to the BIS Manakonline portal (https://www.manakonline.in) with certified organizational credentials or purchase technical specification for IS 17980 via BIS e-Sale.
BIS-IS-0313,is17980:2022,PAYWALL_BIS_STANDARD,https://www.manakonline.in/MANAK/standardSearch?standardNumber=17980%3A2022,Log in to the BIS Manakonline portal (https://www.manakonline.in) with certified organizational credentials or purchase technical specification for IS 17980:2022 via BIS e-Sale.
BIS-IS-0314,is 18,PAYWALL_BIS_STANDARD,https://www.manakonline.in/MANAK/standardSearch?standardNumber=18,Log in to the BIS Manakonline portal (https://www.manakonline.in) with certified organizational credentials or purchase technical specification for IS 18 via BIS e-Sale.
BIS-IS-0315,is 1804:2004,PAYWALL_BIS_STANDARD,https://www.manakonline.in/MANAK/standardSearch?standardNumber=1804%3A2004,Log in to the BIS Manakonline portal (https://www.manakonline.in) with certified organizational credentials or purchase technical specification for IS 1804:2004 via BIS e-Sale.
BIS-IS-0316,IS 18112:2022,PAYWALL_BIS_STANDARD,https://www.manakonline.in/MANAK/standardSearch?standardNumber=18112%3A2022,Log in to the BIS Manakonline portal (https://www.manakonline.in) with certified organizational credentials or purchase technical specification for IS 18112:2022 via BIS e-Sale.
BIS-IS-0317,IS18297:2023,PAYWALL_BIS_STANDARD,https://www.manakonline.in/MANAK/standardSearch?standardNumber=18297%3A2023,Log in to the BIS Manakonline portal (https://www.manakonline.in) with certified organizational credentials or purchase technical specification for IS 18297:2023 via BIS e-Sale.
BIS-IS-0318,IS18427:2024,PAYWALL_BIS_STANDARD,https://www.manakonline.in/MANAK/standardSearch?standardNumber=18427%3A2024,Log in to the BIS Manakonline portal (https://www.manakonline.in) with certified organizational credentials or purchase technical specification for IS 18427:2024 via BIS e-Sale.
BIS-IS-0319,IS18471,PAYWALL_BIS_STANDARD,https://www.manakonline.in/MANAK/standardSearch?standardNumber=18471,Log in to the BIS Manakonline portal (https://www.manakonline.in) with certified organizational credentials or purchase technical specification for IS 18471 via BIS e-Sale.
BIS-IS-0320,IS18471(PART1),PAYWALL_BIS_STANDARD,https://www.manakonline.in/MANAK/standardSearch?standardNumber=18471%28PART1%29,Log in to the BIS Manakonline portal (https://www.manakonline.in) with certified organizational credentials or purchase technical specification for IS 18471(PART1) via BIS e-Sale.
BIS-IS-0321,IS18471(PART2),PAYWALL_BIS_STANDARD,https://www.manakonline.in/MANAK/standardSearch?standardNumber=18471%28PART2%29,Log in to the BIS Manakonline portal (https://www.manakonline.in) with certified organizational credentials or purchase technical specification for IS 18471(PART2) via BIS e-Sale.
BIS-IS-0322,IS18471(PART3),PAYWALL_BIS_STANDARD,https://www.manakonline.in/MANAK/standardSearch?standardNumber=18471%28PART3%29,Log in to the BIS Manakonline portal (https://www.manakonline.in) with certified organizational credentials or purchase technical specification for IS 18471(PART3) via BIS e-Sale.
BIS-IS-0323,IS18476:2023,PAYWALL_BIS_STANDARD,https://www.manakonline.in/MANAK/standardSearch?standardNumber=18476%3A2023,Log in to the BIS Manakonline portal (https://www.manakonline.in) with certified organizational credentials or purchase technical specification for IS 18476:2023 via BIS e-Sale.
BIS-IS-0324,IS18480,PAYWALL_BIS_STANDARD,https://www.manakonline.in/MANAK/standardSearch?standardNumber=18480,Log in to the BIS Manakonline portal (https://www.manakonline.in) with certified organizational credentials or purchase technical specification for IS 18480 via BIS e-Sale.
BIS-IS-0325,IS18480 (PART3),PAYWALL_BIS_STANDARD,https://www.manakonline.in/MANAK/standardSearch?standardNumber=18480%20%28PART3%29,Log in to the BIS Manakonline portal (https://www.manakonline.in) with certified organizational credentials or purchase technical specification for IS 18480 (PART3) via BIS e-Sale.
BIS-IS-0326,IS18480(PART1),PAYWALL_BIS_STANDARD,https://www.manakonline.in/MANAK/standardSearch?standardNumber=18480%28PART1%29,Log in to the BIS Manakonline portal (https://www.manakonline.in) with certified organizational credentials or purchase technical specification for IS 18480(PART1) via BIS e-Sale.
BIS-IS-0327,IS18480(PART2),PAYWALL_BIS_STANDARD,https://www.manakonline.in/MANAK/standardSearch?standardNumber=18480%28PART2%29,Log in to the BIS Manakonline portal (https://www.manakonline.in) with certified organizational credentials or purchase technical specification for IS 18480(PART2) via BIS e-Sale.
BIS-IS-0328,IS 18507,PAYWALL_BIS_STANDARD,https://www.manakonline.in/MANAK/standardSearch?standardNumber=18507,Log in to the BIS Manakonline portal (https://www.manakonline.in) with certified organizational credentials or purchase technical specification for IS 18507 via BIS e-Sale.
BIS-IS-0329,IS18508:2024,PAYWALL_BIS_STANDARD,https://www.manakonline.in/MANAK/standardSearch?standardNumber=18508%3A2024,Log in to the BIS Manakonline portal (https://www.manakonline.in) with certified organizational credentials or purchase technical specification for IS 18508:2024 via BIS e-Sale.
BIS-IS-0330,IS18509:2023,PAYWALL_BIS_STANDARD,https://www.manakonline.in/MANAK/standardSearch?standardNumber=18509%3A2023,Log in to the BIS Manakonline portal (https://www.manakonline.in) with certified organizational credentials or purchase technical specification for IS 18509:2023 via BIS e-Sale.
BIS-IS-0331,is 1855:2022,PAYWALL_BIS_STANDARD,https://www.manakonline.in/MANAK/standardSearch?standardNumber=1855%3A2022,Log in to the BIS Manakonline portal (https://www.manakonline.in) with certified organizational credentials or purchase technical specification for IS 1855:2022 via BIS e-Sale.
BIS-IS-0332,IS 1856:2005,PAYWALL_BIS_STANDARD,https://www.manakonline.in/MANAK/standardSearch?standardNumber=1856%3A2005,Log in to the BIS Manakonline portal (https://www.manakonline.in) with certified organizational credentials or purchase technical specification for IS 1856:2005 via BIS e-Sale.
BIS-IS-0333,is 1879:2010,PAYWALL_BIS_STANDARD,https://www.manakonline.in/MANAK/standardSearch?standardNumber=1879%3A2010,Log in to the BIS Manakonline portal (https://www.manakonline.in) with certified organizational credentials or purchase technical specification for IS 1879:2010 via BIS e-Sale.
BIS-IS-0334,IS 1897:2008,PAYWALL_BIS_STANDARD,https://www.manakonline.in/MANAK/standardSearch?standardNumber=1897%3A2008,Log in to the BIS Manakonline portal (https://www.manakonline.in) with certified organizational credentials or purchase technical specification for IS 1897:2008 via BIS e-Sale.
BIS-IS-0335,is 19,PAYWALL_BIS_STANDARD,https://www.manakonline.in/MANAK/standardSearch?standardNumber=19,Log in to the BIS Manakonline portal (https://www.manakonline.in) with certified organizational credentials or purchase technical specification for IS 19 via BIS e-Sale.
BIS-IS-0336,IS 19014,PAYWALL_BIS_STANDARD,https://www.manakonline.in/MANAK/standardSearch?standardNumber=19014,Log in to the BIS Manakonline portal (https://www.manakonline.in) with certified organizational credentials or purchase technical specification for IS 19014 via BIS e-Sale.
BIS-IS-0337,IS1921:2005,PAYWALL_BIS_STANDARD,https://www.manakonline.in/MANAK/standardSearch?standardNumber=1921%3A2005,Log in to the BIS Manakonline portal (https://www.manakonline.in) with certified organizational credentials or purchase technical specification for IS 1921:2005 via BIS e-Sale.
BIS-IS-0338,is 1943:1995,PAYWALL_BIS_STANDARD,https://www.manakonline.in/MANAK/standardSearch?standardNumber=1943%3A1995,Log in to the BIS Manakonline portal (https://www.manakonline.in) with certified organizational credentials or purchase technical specification for IS 1943:1995 via BIS e-Sale.
BIS-IS-0339,is 1989,PAYWALL_BIS_STANDARD,https://www.manakonline.in/MANAK/standardSearch?standardNumber=1989,Log in to the BIS Manakonline portal (https://www.manakonline.in) with certified organizational credentials or purchase technical specification for IS 1989 via BIS e-Sale.
BIS-IS-0340,IS2028:2004,PAYWALL_BIS_STANDARD,https://www.manakonline.in/MANAK/standardSearch?standardNumber=2028%3A2004,Log in to the BIS Manakonline portal (https://www.manakonline.in) with certified organizational credentials or purchase technical specification for IS 2028:2004 via BIS e-Sale.
BIS-IS-0341,IS2029:1998,PAYWALL_BIS_STANDARD,https://www.manakonline.in/MANAK/standardSearch?standardNumber=2029%3A1998,Log in to the BIS Manakonline portal (https://www.manakonline.in) with certified organizational credentials or purchase technical specification for IS 2029:1998 via BIS e-Sale.
BIS-IS-0342,IS204(Part1),PAYWALL_BIS_STANDARD,https://www.manakonline.in/MANAK/standardSearch?standardNumber=204%28Part1%29,Log in to the BIS Manakonline portal (https://www.manakonline.in) with certified organizational credentials or purchase technical specification for IS 204(Part1) via BIS e-Sale.
BIS-IS-0343,IS204(Part2),PAYWALL_BIS_STANDARD,https://www.manakonline.in/MANAK/standardSearch?standardNumber=204%28Part2%29,Log in to the BIS Manakonline portal (https://www.manakonline.in) with certified organizational credentials or purchase technical specification for IS 204(Part2) via BIS e-Sale.
BIS-IS-0344,is 2052:2009,PAYWALL_BIS_STANDARD,https://www.manakonline.in/MANAK/standardSearch?standardNumber=2052%3A2009,Log in to the BIS Manakonline portal (https://www.manakonline.in) with certified organizational credentials or purchase technical specification for IS 2052:2009 via BIS e-Sale.
BIS-IS-0345,IS205:1992,PAYWALL_BIS_STANDARD,https://www.manakonline.in/MANAK/standardSearch?standardNumber=205%3A1992,Log in to the BIS Manakonline portal (https://www.manakonline.in) with certified organizational credentials or purchase technical specification for IS 205:1992 via BIS e-Sale.
BIS-IS-0346,IS2067:1975,PAYWALL_BIS_STANDARD,https://www.manakonline.in/MANAK/standardSearch?standardNumber=2067%3A1975,Log in to the BIS Manakonline portal (https://www.manakonline.in) with certified organizational credentials or purchase technical specification for IS 2067:1975 via BIS e-Sale.
BIS-IS-0347,IS206:2010,PAYWALL_BIS_STANDARD,https://www.manakonline.in/MANAK/standardSearch?standardNumber=206%3A2010,Log in to the BIS Manakonline portal (https://www.manakonline.in) with certified organizational credentials or purchase technical specification for IS 206:2010 via BIS e-Sale.
BIS-IS-0348,IS 2082:2018,PAYWALL_BIS_STANDARD,https://www.manakonline.in/MANAK/standardSearch?standardNumber=2082%3A2018,Log in to the BIS Manakonline portal (https://www.manakonline.in) with certified organizational credentials or purchase technical specification for IS 2082:2018 via BIS e-Sale.
BIS-IS-0349,IS2083:2084,PAYWALL_BIS_STANDARD,https://www.manakonline.in/MANAK/standardSearch?standardNumber=2083%3A2084,Log in to the BIS Manakonline portal (https://www.manakonline.in) with certified organizational credentials or purchase technical specification for IS 2083:2084 via BIS e-Sale.
BIS-IS-0350,Is 2095,PAYWALL_BIS_STANDARD,https://www.manakonline.in/MANAK/standardSearch?standardNumber=2095,Log in to the BIS Manakonline portal (https://www.manakonline.in) with certified organizational credentials or purchase technical specification for IS 2095 via BIS e-Sale.
BIS-IS-0351,Is 2095(part1),PAYWALL_BIS_STANDARD,https://www.manakonline.in/MANAK/standardSearch?standardNumber=2095%28part1%29,Log in to the BIS Manakonline portal (https://www.manakonline.in) with certified organizational credentials or purchase technical specification for IS 2095(part1) via BIS e-Sale.
BIS-IS-0352,is 2095(part2),PAYWALL_BIS_STANDARD,https://www.manakonline.in/MANAK/standardSearch?standardNumber=2095%28part2%29,Log in to the BIS Manakonline portal (https://www.manakonline.in) with certified organizational credentials or purchase technical specification for IS 2095(part2) via BIS e-Sale.
BIS-IS-0353,is 2095(part3),PAYWALL_BIS_STANDARD,https://www.manakonline.in/MANAK/standardSearch?standardNumber=2095%28part3%29,Log in to the BIS Manakonline portal (https://www.manakonline.in) with certified organizational credentials or purchase technical specification for IS 2095(part3) via BIS e-Sale.
BIS-IS-0354,IS 2096:1992,PAYWALL_BIS_STANDARD,https://www.manakonline.in/MANAK/standardSearch?standardNumber=2096%3A1992,Log in to the BIS Manakonline portal (https://www.manakonline.in) with certified organizational credentials or purchase technical specification for IS 2096:1992 via BIS e-Sale.
BIS-IS-0355,IS 2098:1997,PAYWALL_BIS_STANDARD,https://www.manakonline.in/MANAK/standardSearch?standardNumber=2098%3A1997,Log in to the BIS Manakonline portal (https://www.manakonline.in) with certified organizational credentials or purchase technical specification for IS 2098:1997 via BIS e-Sale.
BIS-IS-0356,is 210:2009,PAYWALL_BIS_STANDARD,https://www.manakonline.in/MANAK/standardSearch?standardNumber=210%3A2009,Log in to the BIS Manakonline portal (https://www.manakonline.in) with certified organizational credentials or purchase technical specification for IS 210:2009 via BIS e-Sale.
BIS-IS-0357,is 2141:2000,PAYWALL_BIS_STANDARD,https://www.manakonline.in/MANAK/standardSearch?standardNumber=2141%3A2000,Log in to the BIS Manakonline portal (https://www.manakonline.in) with certified organizational credentials or purchase technical specification for IS 2141:2000 via BIS e-Sale.
BIS-IS-0358,is2191,PAYWALL_BIS_STANDARD,https://www.manakonline.in/MANAK/standardSearch?standardNumber=2191,Log in to the BIS Manakonline portal (https://www.manakonline.in) with certified organizational credentials or purchase technical specification for IS 2191 via BIS e-Sale.
BIS-IS-0359,is2191(part 1),PAYWALL_BIS_STANDARD,https://www.manakonline.in/MANAK/standardSearch?standardNumber=2191%28part%201%29,Log in to the BIS Manakonline portal (https://www.manakonline.in) with certified organizational credentials or purchase technical specification for IS 2191(part 1) via BIS e-Sale.
BIS-IS-0360,is2191(part2),PAYWALL_BIS_STANDARD,https://www.manakonline.in/MANAK/standardSearch?standardNumber=2191%28part2%29,Log in to the BIS Manakonline portal (https://www.manakonline.in) with certified organizational credentials or purchase technical specification for IS 2191(part2) via BIS e-Sale.
BIS-IS-0361,IS21:1992,PAYWALL_BIS_STANDARD,https://www.manakonline.in/MANAK/standardSearch?standardNumber=21%3A1992,Log in to the BIS Manakonline portal (https://www.manakonline.in) with certified organizational credentials or purchase technical specification for IS 21:1992 via BIS e-Sale.
BIS-IS-0362,is2202,PAYWALL_BIS_STANDARD,https://www.manakonline.in/MANAK/standardSearch?standardNumber=2202,Log in to the BIS Manakonline portal (https://www.manakonline.in) with certified organizational credentials or purchase technical specification for IS 2202 via BIS e-Sale.
BIS-IS-0363,is2202(part1),PAYWALL_BIS_STANDARD,https://www.manakonline.in/MANAK/standardSearch?standardNumber=2202%28part1%29,Log in to the BIS Manakonline portal (https://www.manakonline.in) with certified organizational credentials or purchase technical specification for IS 2202(part1) via BIS e-Sale.
BIS-IS-0364,is2202(part2),PAYWALL_BIS_STANDARD,https://www.manakonline.in/MANAK/standardSearch?standardNumber=2202%28part2%29,Log in to the BIS Manakonline portal (https://www.manakonline.in) with certified organizational credentials or purchase technical specification for IS 2202(part2) via BIS e-Sale.
BIS-IS-0365,IS 2266:2019,PAYWALL_BIS_STANDARD,https://www.manakonline.in/MANAK/standardSearch?standardNumber=2266%3A2019,Log in to the BIS Manakonline portal (https://www.manakonline.in) with certified organizational credentials or purchase technical specification for IS 2266:2019 via BIS e-Sale.
BIS-IS-0366,is 23,PAYWALL_BIS_STANDARD,https://www.manakonline.in/MANAK/standardSearch?standardNumber=23,Log in to the BIS Manakonline portal (https://www.manakonline.in) with certified organizational credentials or purchase technical specification for IS 23 via BIS e-Sale.
BIS-IS-0367,IS2347:2017,PAYWALL_BIS_STANDARD,https://www.manakonline.in/MANAK/standardSearch?standardNumber=2347%3A2017,Log in to the BIS Manakonline portal (https://www.manakonline.in) with certified organizational credentials or purchase technical specification for IS 2347:2017 via BIS e-Sale.
BIS-IS-0368,IS 2365:2018,PAYWALL_BIS_STANDARD,https://www.manakonline.in/MANAK/standardSearch?standardNumber=2365%3A2018,Log in to the BIS Manakonline portal (https://www.manakonline.in) with certified organizational credentials or purchase technical specification for IS 2365:2018 via BIS e-Sale.
BIS-IS-0369,IS 2373:1981,PAYWALL_BIS_STANDARD,https://www.manakonline.in/MANAK/standardSearch?standardNumber=2373%3A1981,Log in to the BIS Manakonline portal (https://www.manakonline.in) with certified organizational credentials or purchase technical specification for IS 2373:1981 via BIS e-Sale.
BIS-IS-0370,IS 2385:1977,PAYWALL_BIS_STANDARD,https://www.manakonline.in/MANAK/standardSearch?standardNumber=2385%3A1977,Log in to the BIS Manakonline portal (https://www.manakonline.in) with certified organizational credentials or purchase technical specification for IS 2385:1977 via BIS e-Sale.
BIS-IS-0371,IS 2403:2014,PAYWALL_BIS_STANDARD,https://www.manakonline.in/MANAK/standardSearch?standardNumber=2403%3A2014,Log in to the BIS Manakonline portal (https://www.manakonline.in) with certified organizational credentials or purchase technical specification for IS 2403:2014 via BIS e-Sale.
BIS-IS-0372,IS 2414:2005,PAYWALL_BIS_STANDARD,https://www.manakonline.in/MANAK/standardSearch?standardNumber=2414%3A2005,Log in to the BIS Manakonline portal (https://www.manakonline.in) with certified organizational credentials or purchase technical specification for IS 2414:2005 via BIS e-Sale.
BIS-IS-0374,IS 2501:1995,PAYWALL_BIS_STANDARD,https://www.manakonline.in/MANAK/standardSearch?standardNumber=2501%3A1995,Log in to the BIS Manakonline portal (https://www.manakonline.in) with certified organizational credentials or purchase technical specification for IS 2501:1995 via BIS e-Sale.
BIS-IS-0375,IS 2507:1975,PAYWALL_BIS_STANDARD,https://www.manakonline.in/MANAK/standardSearch?standardNumber=2507%3A1975,Log in to the BIS Manakonline portal (https://www.manakonline.in) with certified organizational credentials or purchase technical specification for IS 2507:1975 via BIS e-Sale.
BIS-IS-0376,is 252:2013,PAYWALL_BIS_STANDARD,https://www.manakonline.in/MANAK/standardSearch?standardNumber=252%3A2013,Log in to the BIS Manakonline portal (https://www.manakonline.in) with certified organizational credentials or purchase technical specification for IS 252:2013 via BIS e-Sale.
BIS-IS-0377,IS:2553,PAYWALL_BIS_STANDARD,https://www.manakonline.in/MANAK/standardSearch?standardNumber=2553,Log in to the BIS Manakonline portal (https://www.manakonline.in) with certified organizational credentials or purchase technical specification for IS 2553 via BIS e-Sale.
BIS-IS-0378,is 2566:1993,PAYWALL_BIS_STANDARD,https://www.manakonline.in/MANAK/standardSearch?standardNumber=2566%3A1993,Log in to the BIS Manakonline portal (https://www.manakonline.in) with certified organizational credentials or purchase technical specification for IS 2566:1993 via BIS e-Sale.
BIS-IS-0379,is 2593:1984,PAYWALL_BIS_STANDARD,https://www.manakonline.in/MANAK/standardSearch?standardNumber=2593%3A1984,Log in to the BIS Manakonline portal (https://www.manakonline.in) with certified organizational credentials or purchase technical specification for IS 2593:1984 via BIS e-Sale.
BIS-IS-0380,IS2619:2018,PAYWALL_BIS_STANDARD,https://www.manakonline.in/MANAK/standardSearch?standardNumber=2619%3A2018,Log in to the BIS Manakonline portal (https://www.manakonline.in) with certified organizational credentials or purchase technical specification for IS 2619:2018 via BIS e-Sale.
BIS-IS-0381,IS 2681:1993,PAYWALL_BIS_STANDARD,https://www.manakonline.in/MANAK/standardSearch?standardNumber=2681%3A1993,Log in to the BIS Manakonline portal (https://www.manakonline.in) with certified organizational credentials or purchase technical specification for IS 2681:1993 via BIS e-Sale.
BIS-IS-0382,is 269,PAYWALL_BIS_STANDARD,https://www.manakonline.in/MANAK/standardSearch?standardNumber=269,Log in to the BIS Manakonline portal (https://www.manakonline.in) with certified organizational credentials or purchase technical specification for IS 269 via BIS e-Sale.
BIS-IS-0383,IS 2692:1989,PAYWALL_BIS_STANDARD,https://www.manakonline.in/MANAK/standardSearch?standardNumber=2692%3A1989,Log in to the BIS Manakonline portal (https://www.manakonline.in) with certified organizational credentials or purchase technical specification for IS 2692:1989 via BIS e-Sale.
BIS-IS-0384,Is 2745:1983,PAYWALL_BIS_STANDARD,https://www.manakonline.in/MANAK/standardSearch?standardNumber=2745%3A1983,Log in to the BIS Manakonline portal (https://www.manakonline.in) with certified organizational credentials or purchase technical specification for IS 2745:1983 via BIS e-Sale.
BIS-IS-0385,is 277,PAYWALL_BIS_STANDARD,https://www.manakonline.in/MANAK/standardSearch?standardNumber=277,Log in to the BIS Manakonline portal (https://www.manakonline.in) with certified organizational credentials or purchase technical specification for IS 277 via BIS e-Sale.
BIS-IS-0386,is 2787,PAYWALL_BIS_STANDARD,https://www.manakonline.in/MANAK/standardSearch?standardNumber=2787,Log in to the BIS Manakonline portal (https://www.manakonline.in) with certified organizational credentials or purchase technical specification for IS 2787 via BIS e-Sale.
BIS-IS-0387,IS 278:2009,PAYWALL_BIS_STANDARD,https://www.manakonline.in/MANAK/standardSearch?standardNumber=278%3A2009,Log in to the BIS Manakonline portal (https://www.manakonline.in) with certified organizational credentials or purchase technical specification for IS 278:2009 via BIS e-Sale.
BIS-IS-0388,is 28,PAYWALL_BIS_STANDARD,https://www.manakonline.in/MANAK/standardSearch?standardNumber=28,Log in to the BIS Manakonline portal (https://www.manakonline.in) with certified organizational credentials or purchase technical specification for IS 28 via BIS e-Sale.
BIS-IS-0389,IS281:2009,PAYWALL_BIS_STANDARD,https://www.manakonline.in/MANAK/standardSearch?standardNumber=281%3A2009,Log in to the BIS Manakonline portal (https://www.manakonline.in) with certified organizational credentials or purchase technical specification for IS 281:2009 via BIS e-Sale.
BIS-IS-0390,is 2835,PAYWALL_BIS_STANDARD,https://www.manakonline.in/MANAK/standardSearch?standardNumber=2835,Log in to the BIS Manakonline portal (https://www.manakonline.in) with certified organizational credentials or purchase technical specification for IS 2835 via BIS e-Sale.
BIS-IS-0391,is 2835:1987,PAYWALL_BIS_STANDARD,https://www.manakonline.in/MANAK/standardSearch?standardNumber=2835%3A1987,Log in to the BIS Manakonline portal (https://www.manakonline.in) with certified organizational credentials or purchase technical specification for IS 2835:1987 via BIS e-Sale.
BIS-IS-0392,is 2925:1984,PAYWALL_BIS_STANDARD,https://www.manakonline.in/MANAK/standardSearch?standardNumber=2925%3A1984,Log in to the BIS Manakonline portal (https://www.manakonline.in) with certified organizational credentials or purchase technical specification for IS 2925:1984 via BIS e-Sale.
BIS-IS-0393,is 297:2001,PAYWALL_BIS_STANDARD,https://www.manakonline.in/MANAK/standardSearch?standardNumber=297%3A2001,Log in to the BIS Manakonline portal (https://www.manakonline.in) with certified organizational credentials or purchase technical specification for IS 297:2001 via BIS e-Sale.
BIS-IS-0394,is 2993,PAYWALL_BIS_STANDARD,https://www.manakonline.in/MANAK/standardSearch?standardNumber=2993,Log in to the BIS Manakonline portal (https://www.manakonline.in) with certified organizational credentials or purchase technical specification for IS 2993 via BIS e-Sale.
BIS-IS-0396,IS302,PAYWALL_BIS_STANDARD,https://www.manakonline.in/MANAK/standardSearch?standardNumber=302,Log in to the BIS Manakonline portal (https://www.manakonline.in) with certified organizational credentials or purchase technical specification for IS 302 via BIS e-Sale.
BIS-IS-0397,is 3024:2015,PAYWALL_BIS_STANDARD,https://www.manakonline.in/MANAK/standardSearch?standardNumber=3024%3A2015,Log in to the BIS Manakonline portal (https://www.manakonline.in) with certified organizational credentials or purchase technical specification for IS 3024:2015 via BIS e-Sale.
BIS-IS-0398,IS303:1989,PAYWALL_BIS_STANDARD,https://www.manakonline.in/MANAK/standardSearch?standardNumber=303%3A1989,Log in to the BIS Manakonline portal (https://www.manakonline.in) with certified organizational credentials or purchase technical specification for IS 303:1989 via BIS e-Sale.
BIS-IS-0399,is 3055,PAYWALL_BIS_STANDARD,https://www.manakonline.in/MANAK/standardSearch?standardNumber=3055,Log in to the BIS Manakonline portal (https://www.manakonline.in) with certified organizational credentials or purchase technical specification for IS 3055 via BIS e-Sale.
BIS-IS-0400,is 3055 (part 1),PAYWALL_BIS_STANDARD,https://www.manakonline.in/MANAK/standardSearch?standardNumber=3055%20%28part%201%29,Log in to the BIS Manakonline portal (https://www.manakonline.in) with certified organizational credentials or purchase technical specification for IS 3055 (part 1) via BIS e-Sale.
BIS-IS-0401,is 3055 (part 2),PAYWALL_BIS_STANDARD,https://www.manakonline.in/MANAK/standardSearch?standardNumber=3055%20%28part%202%29,Log in to the BIS Manakonline portal (https://www.manakonline.in) with certified organizational credentials or purchase technical specification for IS 3055 (part 2) via BIS e-Sale.
BIS-IS-0402,is3087:2005,PAYWALL_BIS_STANDARD,https://www.manakonline.in/MANAK/standardSearch?standardNumber=3087%3A2005,Log in to the BIS Manakonline portal (https://www.manakonline.in) with certified organizational credentials or purchase technical specification for IS 3087:2005 via BIS e-Sale.
BIS-IS-0403,is3097:2006,PAYWALL_BIS_STANDARD,https://www.manakonline.in/MANAK/standardSearch?standardNumber=3097%3A2006,Log in to the BIS Manakonline portal (https://www.manakonline.in) with certified organizational credentials or purchase technical specification for IS 3097:2006 via BIS e-Sale.
BIS-IS-0404,is 3196,PAYWALL_BIS_STANDARD,https://www.manakonline.in/MANAK/standardSearch?standardNumber=3196,Log in to the BIS Manakonline portal (https://www.manakonline.in) with certified organizational credentials or purchase technical specification for IS 3196 via BIS e-Sale.
BIS-IS-0405,is 3196 (part 1),PAYWALL_BIS_STANDARD,https://www.manakonline.in/MANAK/standardSearch?standardNumber=3196%20%28part%201%29,Log in to the BIS Manakonline portal (https://www.manakonline.in) with certified organizational credentials or purchase technical specification for IS 3196 (part 1) via BIS e-Sale.
BIS-IS-0406,is 3196 (part 4),PAYWALL_BIS_STANDARD,https://www.manakonline.in/MANAK/standardSearch?standardNumber=3196%20%28part%204%29,Log in to the BIS Manakonline portal (https://www.manakonline.in) with certified organizational credentials or purchase technical specification for IS 3196 (part 4) via BIS e-Sale.
BIS-IS-0407,is 3196 (part2),PAYWALL_BIS_STANDARD,https://www.manakonline.in/MANAK/standardSearch?standardNumber=3196%20%28part2%29,Log in to the BIS Manakonline portal (https://www.manakonline.in) with certified organizational credentials or purchase technical specification for IS 3196 (part2) via BIS e-Sale.
BIS-IS-0408,is 3205:1984,PAYWALL_BIS_STANDARD,https://www.manakonline.in/MANAK/standardSearch?standardNumber=3205%3A1984,Log in to the BIS Manakonline portal (https://www.manakonline.in) with certified organizational credentials or purchase technical specification for IS 3205:1984 via BIS e-Sale.
BIS-IS-0409,is:3224,PAYWALL_BIS_STANDARD,https://www.manakonline.in/MANAK/standardSearch?standardNumber=3224,Log in to the BIS Manakonline portal (https://www.manakonline.in) with certified organizational credentials or purchase technical specification for IS 3224 via BIS e-Sale.
BIS-IS-0410,Is 3298:1981,PAYWALL_BIS_STANDARD,https://www.manakonline.in/MANAK/standardSearch?standardNumber=3298%3A1981,Log in to the BIS Manakonline portal (https://www.manakonline.in) with certified organizational credentials or purchase technical specification for IS 3298:1981 via BIS e-Sale.
BIS-IS-0411,IS3315:2019,PAYWALL_BIS_STANDARD,https://www.manakonline.in/MANAK/standardSearch?standardNumber=3315%3A2019,Log in to the BIS Manakonline portal (https://www.manakonline.in) with certified organizational credentials or purchase technical specification for IS 3315:2019 via BIS e-Sale.
BIS-IS-0412,is 336:1973,PAYWALL_BIS_STANDARD,https://www.manakonline.in/MANAK/standardSearch?standardNumber=336%3A1973,Log in to the BIS Manakonline portal (https://www.manakonline.in) with certified organizational credentials or purchase technical specification for IS 336:1973 via BIS e-Sale.
BIS-IS-0413,is 3466,PAYWALL_BIS_STANDARD,https://www.manakonline.in/MANAK/standardSearch?standardNumber=3466,Log in to the BIS Manakonline portal (https://www.manakonline.in) with certified organizational credentials or purchase technical specification for IS 3466 via BIS e-Sale.
BIS-IS-0414,IS 3502:2009,PAYWALL_BIS_STANDARD,https://www.manakonline.in/MANAK/standardSearch?standardNumber=3502%3A2009,Log in to the BIS Manakonline portal (https://www.manakonline.in) with certified organizational credentials or purchase technical specification for IS 3502:2009 via BIS e-Sale.
BIS-IS-0415,Is3513,PAYWALL_BIS_STANDARD,https://www.manakonline.in/MANAK/standardSearch?standardNumber=3513,Log in to the BIS Manakonline portal (https://www.manakonline.in) with certified organizational credentials or purchase technical specification for IS 3513 via BIS e-Sale.
BIS-IS-0416,IS362:1991,PAYWALL_BIS_STANDARD,https://www.manakonline.in/MANAK/standardSearch?standardNumber=362%3A1991,Log in to the BIS Manakonline portal (https://www.manakonline.in) with certified organizational credentials or purchase technical specification for IS 362:1991 via BIS e-Sale.
BIS-IS-0417,IS3650,PAYWALL_BIS_STANDARD,https://www.manakonline.in/MANAK/standardSearch?standardNumber=3650,Log in to the BIS Manakonline portal (https://www.manakonline.in) with certified organizational credentials or purchase technical specification for IS 3650 via BIS e-Sale.
BIS-IS-0418,IS3650:1981,PAYWALL_BIS_STANDARD,https://www.manakonline.in/MANAK/standardSearch?standardNumber=3650%3A1981,Log in to the BIS Manakonline portal (https://www.manakonline.in) with certified organizational credentials or purchase technical specification for IS 3650:1981 via BIS e-Sale.
BIS-IS-0419,IS 368:2014,PAYWALL_BIS_STANDARD,https://www.manakonline.in/MANAK/standardSearch?standardNumber=368%3A2014,Log in to the BIS Manakonline portal (https://www.manakonline.in) with certified organizational credentials or purchase technical specification for IS 368:2014 via BIS e-Sale.
BIS-IS-0420,is 3735:1996,PAYWALL_BIS_STANDARD,https://www.manakonline.in/MANAK/standardSearch?standardNumber=3735%3A1996,Log in to the BIS Manakonline portal (https://www.manakonline.in) with certified organizational credentials or purchase technical specification for IS 3735:1996 via BIS e-Sale.
BIS-IS-0421,is 3736:1995,PAYWALL_BIS_STANDARD,https://www.manakonline.in/MANAK/standardSearch?standardNumber=3736%3A1995,Log in to the BIS Manakonline portal (https://www.manakonline.in) with certified organizational credentials or purchase technical specification for IS 3736:1995 via BIS e-Sale.
BIS-IS-0422,is:3745,PAYWALL_BIS_STANDARD,https://www.manakonline.in/MANAK/standardSearch?standardNumber=3745,Log in to the BIS Manakonline portal (https://www.manakonline.in) with certified organizational credentials or purchase technical specification for IS 3745 via BIS e-Sale.
BIS-IS-0423,is 3748:2022,PAYWALL_BIS_STANDARD,https://www.manakonline.in/MANAK/standardSearch?standardNumber=3748%3A2022,Log in to the BIS Manakonline portal (https://www.manakonline.in) with certified organizational credentials or purchase technical specification for IS 3748:2022 via BIS e-Sale.
BIS-IS-0424,IS374:2019,PAYWALL_BIS_STANDARD,https://www.manakonline.in/MANAK/standardSearch?standardNumber=374%3A2019,Log in to the BIS Manakonline portal (https://www.manakonline.in) with certified organizational credentials or purchase technical specification for IS 374:2019 via BIS e-Sale.
BIS-IS-0425,is 3757:1985,PAYWALL_BIS_STANDARD,https://www.manakonline.in/MANAK/standardSearch?standardNumber=3757%3A1985,Log in to the BIS Manakonline portal (https://www.manakonline.in) with certified organizational credentials or purchase technical specification for IS 3757:1985 via BIS e-Sale.
BIS-IS-0426,IS3818:1992,PAYWALL_BIS_STANDARD,https://www.manakonline.in/MANAK/standardSearch?standardNumber=3818%3A1992,Log in to the BIS Manakonline portal (https://www.manakonline.in) with certified organizational credentials or purchase technical specification for IS 3818:1992 via BIS e-Sale.
BIS-IS-0427,IS3843:1995,PAYWALL_BIS_STANDARD,https://www.manakonline.in/MANAK/standardSearch?standardNumber=3843%3A1995,Log in to the BIS Manakonline portal (https://www.manakonline.in) with certified organizational credentials or purchase technical specification for IS 3843:1995 via BIS e-Sale.
BIS-IS-0428,is 3854,PAYWALL_BIS_STANDARD,https://www.manakonline.in/MANAK/standardSearch?standardNumber=3854,Log in to the BIS Manakonline portal (https://www.manakonline.in) with certified organizational credentials or purchase technical specification for IS 3854 via BIS e-Sale.
BIS-IS-0429,is 3976:2018,PAYWALL_BIS_STANDARD,https://www.manakonline.in/MANAK/standardSearch?standardNumber=3976%3A2018,Log in to the BIS Manakonline portal (https://www.manakonline.in) with certified organizational credentials or purchase technical specification for IS 3976:2018 via BIS e-Sale.
BIS-IS-0430,is 3989,PAYWALL_BIS_STANDARD,https://www.manakonline.in/MANAK/standardSearch?standardNumber=3989,Log in to the BIS Manakonline portal (https://www.manakonline.in) with certified organizational credentials or purchase technical specification for IS 3989 via BIS e-Sale.
BIS-IS-0431,IS4003,PAYWALL_BIS_STANDARD,https://www.manakonline.in/MANAK/standardSearch?standardNumber=4003,Log in to the BIS Manakonline portal (https://www.manakonline.in) with certified organizational credentials or purchase technical specification for IS 4003 via BIS e-Sale.
BIS-IS-0432,IS 4003(Part 1),PAYWALL_BIS_STANDARD,https://www.manakonline.in/MANAK/standardSearch?standardNumber=4003%28Part%201%29,Log in to the BIS Manakonline portal (https://www.manakonline.in) with certified organizational credentials or purchase technical specification for IS 4003(Part 1) via BIS e-Sale.
BIS-IS-0433,IS4003(Part 2),PAYWALL_BIS_STANDARD,https://www.manakonline.in/MANAK/standardSearch?standardNumber=4003%28Part%202%29,Log in to the BIS Manakonline portal (https://www.manakonline.in) with certified organizational credentials or purchase technical specification for IS 4003(Part 2) via BIS e-Sale.
BIS-IS-0434,IS4123:1982,PAYWALL_BIS_STANDARD,https://www.manakonline.in/MANAK/standardSearch?standardNumber=4123%3A1982,Log in to the BIS Manakonline portal (https://www.manakonline.in) with certified organizational credentials or purchase technical specification for IS 4123:1982 via BIS e-Sale.
BIS-IS-0435,IS 4171:1983,PAYWALL_BIS_STANDARD,https://www.manakonline.in/MANAK/standardSearch?standardNumber=4171%3A1983,Log in to the BIS Manakonline portal (https://www.manakonline.in) with certified organizational credentials or purchase technical specification for IS 4171:1983 via BIS e-Sale.
BIS-IS-0436,is 418,PAYWALL_BIS_STANDARD,https://www.manakonline.in/MANAK/standardSearch?standardNumber=418,Log in to the BIS Manakonline portal (https://www.manakonline.in) with certified organizational credentials or purchase technical specification for IS 418 via BIS e-Sale.
BIS-IS-0437,IS 4246,PAYWALL_BIS_STANDARD,https://www.manakonline.in/MANAK/standardSearch?standardNumber=4246,Log in to the BIS Manakonline portal (https://www.manakonline.in) with certified organizational credentials or purchase technical specification for IS 4246 via BIS e-Sale.
BIS-IS-0438,is 4250,PAYWALL_BIS_STANDARD,https://www.manakonline.in/MANAK/standardSearch?standardNumber=4250,Log in to the BIS Manakonline portal (https://www.manakonline.in) with certified organizational credentials or purchase technical specification for IS 4250 via BIS e-Sale.
BIS-IS-0439,IS 4270:2001,PAYWALL_BIS_STANDARD,https://www.manakonline.in/MANAK/standardSearch?standardNumber=4270%3A2001,Log in to the BIS Manakonline portal (https://www.manakonline.in) with certified organizational credentials or purchase technical specification for IS 4270:2001 via BIS e-Sale.
BIS-IS-0440,is 4296,PAYWALL_BIS_STANDARD,https://www.manakonline.in/MANAK/standardSearch?standardNumber=4296,Log in to the BIS Manakonline portal (https://www.manakonline.in) with certified organizational credentials or purchase technical specification for IS 4296 via BIS e-Sale.
BIS-IS-0441,is 4296 (part 1),PAYWALL_BIS_STANDARD,https://www.manakonline.in/MANAK/standardSearch?standardNumber=4296%20%28part%201%29,Log in to the BIS Manakonline portal (https://www.manakonline.in) with certified organizational credentials or purchase technical specification for IS 4296 (part 1) via BIS e-Sale.
BIS-IS-0442,is 4296 (part 2),PAYWALL_BIS_STANDARD,https://www.manakonline.in/MANAK/standardSearch?standardNumber=4296%20%28part%202%29,Log in to the BIS Manakonline portal (https://www.manakonline.in) with certified organizational credentials or purchase technical specification for IS 4296 (part 2) via BIS e-Sale.
BIS-IS-0443,is 4296 (part 3),PAYWALL_BIS_STANDARD,https://www.manakonline.in/MANAK/standardSearch?standardNumber=4296%20%28part%203%29,Log in to the BIS Manakonline portal (https://www.manakonline.in) with certified organizational credentials or purchase technical specification for IS 4296 (part 3) via BIS e-Sale.
BIS-IS-0444,IS4296 (Part2),PAYWALL_BIS_STANDARD,https://www.manakonline.in/MANAK/standardSearch?standardNumber=4296%20%28Part2%29,Log in to the BIS Manakonline portal (https://www.manakonline.in) with certified organizational credentials or purchase technical specification for IS 4296 (Part2) via BIS e-Sale.
BIS-IS-0445,IS4296(Part 1),PAYWALL_BIS_STANDARD,https://www.manakonline.in/MANAK/standardSearch?standardNumber=4296%28Part%201%29,Log in to the BIS Manakonline portal (https://www.manakonline.in) with certified organizational credentials or purchase technical specification for IS 4296(Part 1) via BIS e-Sale.
BIS-IS-0446,IS4296(Part1),PAYWALL_BIS_STANDARD,https://www.manakonline.in/MANAK/standardSearch?standardNumber=4296%28Part1%29,Log in to the BIS Manakonline portal (https://www.manakonline.in) with certified organizational credentials or purchase technical specification for IS 4296(Part1) via BIS e-Sale.
BIS-IS-0447,IS 4412:1981,PAYWALL_BIS_STANDARD,https://www.manakonline.in/MANAK/standardSearch?standardNumber=4412%3A1981,Log in to the BIS Manakonline portal (https://www.manakonline.in) with certified organizational credentials or purchase technical specification for IS 4412:1981 via BIS e-Sale.
BIS-IS-0448,is 4505:2015,PAYWALL_BIS_STANDARD,https://www.manakonline.in/MANAK/standardSearch?standardNumber=4505%3A2015,Log in to the BIS Manakonline portal (https://www.manakonline.in) with certified organizational credentials or purchase technical specification for IS 4505:2015 via BIS e-Sale.
BIS-IS-0449,IS4508:1992,PAYWALL_BIS_STANDARD,https://www.manakonline.in/MANAK/standardSearch?standardNumber=4508%3A1992,Log in to the BIS Manakonline portal (https://www.manakonline.in) with certified organizational credentials or purchase technical specification for IS 4508:1992 via BIS e-Sale.
BIS-IS-0450,IS4509:1992,PAYWALL_BIS_STANDARD,https://www.manakonline.in/MANAK/standardSearch?standardNumber=4509%3A1992,Log in to the BIS Manakonline portal (https://www.manakonline.in) with certified organizational credentials or purchase technical specification for IS 4509:1992 via BIS e-Sale.
BIS-IS-0451,IS 4521:2001,PAYWALL_BIS_STANDARD,https://www.manakonline.in/MANAK/standardSearch?standardNumber=4521%3A2001,Log in to the BIS Manakonline portal (https://www.manakonline.in) with certified organizational credentials or purchase technical specification for IS 4521:2001 via BIS e-Sale.
BIS-IS-0452,IS453:1993,PAYWALL_BIS_STANDARD,https://www.manakonline.in/MANAK/standardSearch?standardNumber=453%3A1993,Log in to the BIS Manakonline portal (https://www.manakonline.in) with certified organizational credentials or purchase technical specification for IS 453:1993 via BIS e-Sale.
BIS-IS-0453,is 455,PAYWALL_BIS_STANDARD,https://www.manakonline.in/MANAK/standardSearch?standardNumber=455,Log in to the BIS Manakonline portal (https://www.manakonline.in) with certified organizational credentials or purchase technical specification for IS 455 via BIS e-Sale.
BIS-IS-0454,is 4566:2020,PAYWALL_BIS_STANDARD,https://www.manakonline.in/MANAK/standardSearch?standardNumber=4566%3A2020,Log in to the BIS Manakonline portal (https://www.manakonline.in) with certified organizational credentials or purchase technical specification for IS 4566:2020 via BIS e-Sale.
BIS-IS-0455,is 4572:2022,PAYWALL_BIS_STANDARD,https://www.manakonline.in/MANAK/standardSearch?standardNumber=4572%3A2022,Log in to the BIS Manakonline portal (https://www.manakonline.in) with certified organizational credentials or purchase technical specification for IS 4572:2022 via BIS e-Sale.
BIS-IS-0456,is 4581:1978,PAYWALL_BIS_STANDARD,https://www.manakonline.in/MANAK/standardSearch?standardNumber=4581%3A1978,Log in to the BIS Manakonline portal (https://www.manakonline.in) with certified organizational credentials or purchase technical specification for IS 4581:1978 via BIS e-Sale.
BIS-IS-0457,IS 459:1992,PAYWALL_BIS_STANDARD,https://www.manakonline.in/MANAK/standardSearch?standardNumber=459%3A1992,Log in to the BIS Manakonline portal (https://www.manakonline.in) with certified organizational credentials or purchase technical specification for IS 459:1992 via BIS e-Sale.
BIS-IS-0458,is 4621:1975,PAYWALL_BIS_STANDARD,https://www.manakonline.in/MANAK/standardSearch?standardNumber=4621%3A1975,Log in to the BIS Manakonline portal (https://www.manakonline.in) with certified organizational credentials or purchase technical specification for IS 4621:1975 via BIS e-Sale.
BIS-IS-0459,is 4859,PAYWALL_BIS_STANDARD,https://www.manakonline.in/MANAK/standardSearch?standardNumber=4859,Log in to the BIS Manakonline portal (https://www.manakonline.in) with certified organizational credentials or purchase technical specification for IS 4859 via BIS e-Sale.
BIS-IS-0460,is4990:2011,PAYWALL_BIS_STANDARD,https://www.manakonline.in/MANAK/standardSearch?standardNumber=4990%3A2011,Log in to the BIS Manakonline portal (https://www.manakonline.in) with certified organizational credentials or purchase technical specification for IS 4990:2011 via BIS e-Sale.
BIS-IS-0461,is 506:2019,PAYWALL_BIS_STANDARD,https://www.manakonline.in/MANAK/standardSearch?standardNumber=506%3A2019,Log in to the BIS Manakonline portal (https://www.manakonline.in) with certified organizational credentials or purchase technical specification for IS 506:2019 via BIS e-Sale.
BIS-IS-0462,IS5082:1998,PAYWALL_BIS_STANDARD,https://www.manakonline.in/MANAK/standardSearch?standardNumber=5082%3A1998,Log in to the BIS Manakonline portal (https://www.manakonline.in) with certified organizational credentials or purchase technical specification for IS 5082:1998 via BIS e-Sale.
BIS-IS-0463,IS 513,PAYWALL_BIS_STANDARD,https://www.manakonline.in/MANAK/standardSearch?standardNumber=513,Log in to the BIS Manakonline portal (https://www.manakonline.in) with certified organizational credentials or purchase technical specification for IS 513 via BIS e-Sale.
BIS-IS-0464,is 513(part1),PAYWALL_BIS_STANDARD,https://www.manakonline.in/MANAK/standardSearch?standardNumber=513%28part1%29,Log in to the BIS Manakonline portal (https://www.manakonline.in) with certified organizational credentials or purchase technical specification for IS 513(part1) via BIS e-Sale.
BIS-IS-0465,is 513(part2),PAYWALL_BIS_STANDARD,https://www.manakonline.in/MANAK/standardSearch?standardNumber=513%28part2%29,Log in to the BIS Manakonline portal (https://www.manakonline.in) with certified organizational credentials or purchase technical specification for IS 513(part2) via BIS e-Sale.
BIS-IS-0466,is 5158:1987,PAYWALL_BIS_STANDARD,https://www.manakonline.in/MANAK/standardSearch?standardNumber=5158%3A1987,Log in to the BIS Manakonline portal (https://www.manakonline.in) with certified organizational credentials or purchase technical specification for IS 5158:1987 via BIS e-Sale.
BIS-IS-0467,is 5168,PAYWALL_BIS_STANDARD,https://www.manakonline.in/MANAK/standardSearch?standardNumber=5168,Log in to the BIS Manakonline portal (https://www.manakonline.in) with certified organizational credentials or purchase technical specification for IS 5168 via BIS e-Sale.
BIS-IS-0468,is 5175:2022,PAYWALL_BIS_STANDARD,https://www.manakonline.in/MANAK/standardSearch?standardNumber=5175%3A2022,Log in to the BIS Manakonline portal (https://www.manakonline.in) with certified organizational credentials or purchase technical specification for IS 5175:2022 via BIS e-Sale.
BIS-IS-0469,is 5187:1972,PAYWALL_BIS_STANDARD,https://www.manakonline.in/MANAK/standardSearch?standardNumber=5187%3A1972,Log in to the BIS Manakonline portal (https://www.manakonline.in) with certified organizational credentials or purchase technical specification for IS 5187:1972 via BIS e-Sale.
BIS-IS-0470,IS 5405:2019,PAYWALL_BIS_STANDARD,https://www.manakonline.in/MANAK/standardSearch?standardNumber=5405%3A2019,Log in to the BIS Manakonline portal (https://www.manakonline.in) with certified organizational credentials or purchase technical specification for IS 5405:2019 via BIS e-Sale.
BIS-IS-0471,IS 5405:2025,PAYWALL_BIS_STANDARD,https://www.manakonline.in/MANAK/standardSearch?standardNumber=5405%3A2025,Log in to the BIS Manakonline portal (https://www.manakonline.in) with certified organizational credentials or purchase technical specification for IS 5405:2025 via BIS e-Sale.
BIS-IS-0472,is 5478:1969,PAYWALL_BIS_STANDARD,https://www.manakonline.in/MANAK/standardSearch?standardNumber=5478%3A1969,Log in to the BIS Manakonline portal (https://www.manakonline.in) with certified organizational credentials or purchase technical specification for IS 5478:1969 via BIS e-Sale.
BIS-IS-0473,IS5484:1997,PAYWALL_BIS_STANDARD,https://www.manakonline.in/MANAK/standardSearch?standardNumber=5484%3A1997,Log in to the BIS Manakonline portal (https://www.manakonline.in) with certified organizational credentials or purchase technical specification for IS 5484:1997 via BIS e-Sale.
BIS-IS-0474,IS5509:2021,PAYWALL_BIS_STANDARD,https://www.manakonline.in/MANAK/standardSearch?standardNumber=5509%3A2021,Log in to the BIS Manakonline portal (https://www.manakonline.in) with certified organizational credentials or purchase technical specification for IS 5509:2021 via BIS e-Sale.
BIS-IS-0475,is 5522,PAYWALL_BIS_STANDARD,https://www.manakonline.in/MANAK/standardSearch?standardNumber=5522,Log in to the BIS Manakonline portal (https://www.manakonline.in) with certified organizational credentials or purchase technical specification for IS 5522 via BIS e-Sale.
BIS-IS-0476,is 5557,PAYWALL_BIS_STANDARD,https://www.manakonline.in/MANAK/standardSearch?standardNumber=5557,Log in to the BIS Manakonline portal (https://www.manakonline.in) with certified organizational credentials or purchase technical specification for IS 5557 via BIS e-Sale.
BIS-IS-0477,is 5557 (part 2),PAYWALL_BIS_STANDARD,https://www.manakonline.in/MANAK/standardSearch?standardNumber=5557%20%28part%202%29,Log in to the BIS Manakonline portal (https://www.manakonline.in) with certified organizational credentials or purchase technical specification for IS 5557 (part 2) via BIS e-Sale.
BIS-IS-0478,is 5557:2004,PAYWALL_BIS_STANDARD,https://www.manakonline.in/MANAK/standardSearch?standardNumber=5557%3A2004,Log in to the BIS Manakonline portal (https://www.manakonline.in) with certified organizational credentials or purchase technical specification for IS 5557:2004 via BIS e-Sale.
BIS-IS-0479,is 5676:1995,PAYWALL_BIS_STANDARD,https://www.manakonline.in/MANAK/standardSearch?standardNumber=5676%3A1995,Log in to the BIS Manakonline portal (https://www.manakonline.in) with certified organizational credentials or purchase technical specification for IS 5676:1995 via BIS e-Sale.
BIS-IS-0480,is 5866,PAYWALL_BIS_STANDARD,https://www.manakonline.in/MANAK/standardSearch?standardNumber=5866,Log in to the BIS Manakonline portal (https://www.manakonline.in) with certified organizational credentials or purchase technical specification for IS 5866 via BIS e-Sale.
BIS-IS-0481,is 5950:1984,PAYWALL_BIS_STANDARD,https://www.manakonline.in/MANAK/standardSearch?standardNumber=5950%3A1984,Log in to the BIS Manakonline portal (https://www.manakonline.in) with certified organizational credentials or purchase technical specification for IS 5950:1984 via BIS e-Sale.
BIS-IS-0482,IS 5986:2017,PAYWALL_BIS_STANDARD,https://www.manakonline.in/MANAK/standardSearch?standardNumber=5986%3A2017,Log in to the BIS Manakonline portal (https://www.manakonline.in) with certified organizational credentials or purchase technical specification for IS 5986:2017 via BIS e-Sale.
BIS-IS-0484,IS60669,PAYWALL_BIS_STANDARD,https://www.manakonline.in/MANAK/standardSearch?standardNumber=60669,Log in to the BIS Manakonline portal (https://www.manakonline.in) with certified organizational credentials or purchase technical specification for IS 60669 via BIS e-Sale.
BIS-IS-0485,IS 613:2000,PAYWALL_BIS_STANDARD,https://www.manakonline.in/MANAK/standardSearch?standardNumber=613%3A2000,Log in to the BIS Manakonline portal (https://www.manakonline.in) with certified organizational credentials or purchase technical specification for IS 613:2000 via BIS e-Sale.
BIS-IS-0486,is 6149:1984,PAYWALL_BIS_STANDARD,https://www.manakonline.in/MANAK/standardSearch?standardNumber=6149%3A1984,Log in to the BIS Manakonline portal (https://www.manakonline.in) with certified organizational credentials or purchase technical specification for IS 6149:1984 via BIS e-Sale.
BIS-IS-0487,IS616,PAYWALL_BIS_STANDARD,https://www.manakonline.in/MANAK/standardSearch?standardNumber=616,Log in to the BIS Manakonline portal (https://www.manakonline.in) with certified organizational credentials or purchase technical specification for IS 616 via BIS e-Sale.
BIS-IS-0488,IS616:2017,PAYWALL_BIS_STANDARD,https://www.manakonline.in/MANAK/standardSearch?standardNumber=616%3A2017,Log in to the BIS Manakonline portal (https://www.manakonline.in) with certified organizational credentials or purchase technical specification for IS 616:2017 via BIS e-Sale.
BIS-IS-0489,IS 6240:2008,PAYWALL_BIS_STANDARD,https://www.manakonline.in/MANAK/standardSearch?standardNumber=6240%3A2008,Log in to the BIS Manakonline portal (https://www.manakonline.in) with certified organizational credentials or purchase technical specification for IS 6240:2008 via BIS e-Sale.
BIS-IS-0490,IS 6392:2020,PAYWALL_BIS_STANDARD,https://www.manakonline.in/MANAK/standardSearch?standardNumber=6392%3A2020,Log in to the BIS Manakonline portal (https://www.manakonline.in) with certified organizational credentials or purchase technical specification for IS 6392:2020 via BIS e-Sale.
BIS-IS-0491,IS6419:1996,PAYWALL_BIS_STANDARD,https://www.manakonline.in/MANAK/standardSearch?standardNumber=6419%3A1996,Log in to the BIS Manakonline portal (https://www.manakonline.in) with certified organizational credentials or purchase technical specification for IS 6419:1996 via BIS e-Sale.
BIS-IS-0492,is 6452,PAYWALL_BIS_STANDARD,https://www.manakonline.in/MANAK/standardSearch?standardNumber=6452,Log in to the BIS Manakonline portal (https://www.manakonline.in) with certified organizational credentials or purchase technical specification for IS 6452 via BIS e-Sale.
BIS-IS-0493,is 648:2006,PAYWALL_BIS_STANDARD,https://www.manakonline.in/MANAK/standardSearch?standardNumber=648%3A2006,Log in to the BIS Manakonline portal (https://www.manakonline.in) with certified organizational credentials or purchase technical specification for IS 648:2006 via BIS e-Sale.
BIS-IS-0494,IS 6590:1972,PAYWALL_BIS_STANDARD,https://www.manakonline.in/MANAK/standardSearch?standardNumber=6590%3A1972,Log in to the BIS Manakonline portal (https://www.manakonline.in) with certified organizational credentials or purchase technical specification for IS 6590:1972 via BIS e-Sale.
BIS-IS-0495,is 6623:2004,PAYWALL_BIS_STANDARD,https://www.manakonline.in/MANAK/standardSearch?standardNumber=6623%3A2004,Log in to the BIS Manakonline portal (https://www.manakonline.in) with certified organizational credentials or purchase technical specification for IS 6623:2004 via BIS e-Sale.
BIS-IS-0496,is 6664:1992,PAYWALL_BIS_STANDARD,https://www.manakonline.in/MANAK/standardSearch?standardNumber=6664%3A1992,Log in to the BIS Manakonline portal (https://www.manakonline.in) with certified organizational credentials or purchase technical specification for IS 6664:1992 via BIS e-Sale.
BIS-IS-0497,is 6719:1972,PAYWALL_BIS_STANDARD,https://www.manakonline.in/MANAK/standardSearch?standardNumber=6719%3A1972,Log in to the BIS Manakonline portal (https://www.manakonline.in) with certified organizational credentials or purchase technical specification for IS 6719:1972 via BIS e-Sale.
BIS-IS-0498,is 6721:2023,PAYWALL_BIS_STANDARD,https://www.manakonline.in/MANAK/standardSearch?standardNumber=6721%3A2023,Log in to the BIS Manakonline portal (https://www.manakonline.in) with certified organizational credentials or purchase technical specification for IS 6721:2023 via BIS e-Sale.
BIS-IS-0499,IS 6908:1991,PAYWALL_BIS_STANDARD,https://www.manakonline.in/MANAK/standardSearch?standardNumber=6908%3A1991,Log in to the BIS Manakonline portal (https://www.manakonline.in) with certified organizational credentials or purchase technical specification for IS 6908:1991 via BIS e-Sale.
BIS-IS-0500,is 6909,PAYWALL_BIS_STANDARD,https://www.manakonline.in/MANAK/standardSearch?standardNumber=6909,Log in to the BIS Manakonline portal (https://www.manakonline.in) with certified organizational credentials or purchase technical specification for IS 6909 via BIS e-Sale.
BIS-IS-0501,is 6911,PAYWALL_BIS_STANDARD,https://www.manakonline.in/MANAK/standardSearch?standardNumber=6911,Log in to the BIS Manakonline portal (https://www.manakonline.in) with certified organizational credentials or purchase technical specification for IS 6911 via BIS e-Sale.
BIS-IS-0502,IS 6913:1973,PAYWALL_BIS_STANDARD,https://www.manakonline.in/MANAK/standardSearch?standardNumber=6913%3A1973,Log in to the BIS Manakonline portal (https://www.manakonline.in) with certified organizational credentials or purchase technical specification for IS 6913:1973 via BIS e-Sale.
BIS-IS-0503,is 694,PAYWALL_BIS_STANDARD,https://www.manakonline.in/MANAK/standardSearch?standardNumber=694,Log in to the BIS Manakonline portal (https://www.manakonline.in) with certified organizational credentials or purchase technical specification for IS 694 via BIS e-Sale.
BIS-IS-0504,is 709,PAYWALL_BIS_STANDARD,https://www.manakonline.in/MANAK/standardSearch?standardNumber=709,Log in to the BIS Manakonline portal (https://www.manakonline.in) with certified organizational credentials or purchase technical specification for IS 709 via BIS e-Sale.
BIS-IS-0505,IS7092,PAYWALL_BIS_STANDARD,https://www.manakonline.in/MANAK/standardSearch?standardNumber=7092,Log in to the BIS Manakonline portal (https://www.manakonline.in) with certified organizational credentials or purchase technical specification for IS 7092 via BIS e-Sale.
BIS-IS-0506,IS7092 (Part 2),PAYWALL_BIS_STANDARD,https://www.manakonline.in/MANAK/standardSearch?standardNumber=7092%20%28Part%202%29,Log in to the BIS Manakonline portal (https://www.manakonline.in) with certified organizational credentials or purchase technical specification for IS 7092 (Part 2) via BIS e-Sale.
BIS-IS-0507,IS7092(Part 1),PAYWALL_BIS_STANDARD,https://www.manakonline.in/MANAK/standardSearch?standardNumber=7092%28Part%201%29,Log in to the BIS Manakonline portal (https://www.manakonline.in) with certified organizational credentials or purchase technical specification for IS 7092(Part 1) via BIS e-Sale.
BIS-IS-0508,is 7098,PAYWALL_BIS_STANDARD,https://www.manakonline.in/MANAK/standardSearch?standardNumber=7098,Log in to the BIS Manakonline portal (https://www.manakonline.in) with certified organizational credentials or purchase technical specification for IS 7098 via BIS e-Sale.
BIS-IS-0509,is 7098 (part 1),PAYWALL_BIS_STANDARD,https://www.manakonline.in/MANAK/standardSearch?standardNumber=7098%20%28part%201%29,Log in to the BIS Manakonline portal (https://www.manakonline.in) with certified organizational credentials or purchase technical specification for IS 7098 (part 1) via BIS e-Sale.
BIS-IS-0510,is 7098 (part 2),PAYWALL_BIS_STANDARD,https://www.manakonline.in/MANAK/standardSearch?standardNumber=7098%20%28part%202%29,Log in to the BIS Manakonline portal (https://www.manakonline.in) with certified organizational credentials or purchase technical specification for IS 7098 (part 2) via BIS e-Sale.
BIS-IS-0511,is 7098 (part 3),PAYWALL_BIS_STANDARD,https://www.manakonline.in/MANAK/standardSearch?standardNumber=7098%20%28part%203%29,Log in to the BIS Manakonline portal (https://www.manakonline.in) with certified organizational credentials or purchase technical specification for IS 7098 (part 3) via BIS e-Sale.
BIS-IS-0512,is 710,PAYWALL_BIS_STANDARD,https://www.manakonline.in/MANAK/standardSearch?standardNumber=710,Log in to the BIS Manakonline portal (https://www.manakonline.in) with certified organizational credentials or purchase technical specification for IS 710 via BIS e-Sale.
BIS-IS-0513,IS710:2010,PAYWALL_BIS_STANDARD,https://www.manakonline.in/MANAK/standardSearch?standardNumber=710%3A2010,Log in to the BIS Manakonline portal (https://www.manakonline.in) with certified organizational credentials or purchase technical specification for IS 710:2010 via BIS e-Sale.
BIS-IS-0514,is 7129:1992,PAYWALL_BIS_STANDARD,https://www.manakonline.in/MANAK/standardSearch?standardNumber=7129%3A1992,Log in to the BIS Manakonline portal (https://www.manakonline.in) with certified organizational credentials or purchase technical specification for IS 7129:1992 via BIS e-Sale.
BIS-IS-0515,is 7142,PAYWALL_BIS_STANDARD,https://www.manakonline.in/MANAK/standardSearch?standardNumber=7142,Log in to the BIS Manakonline portal (https://www.manakonline.in) with certified organizational credentials or purchase technical specification for IS 7142 via BIS e-Sale.
BIS-IS-0516,is 7285,PAYWALL_BIS_STANDARD,https://www.manakonline.in/MANAK/standardSearch?standardNumber=7285,Log in to the BIS Manakonline portal (https://www.manakonline.in) with certified organizational credentials or purchase technical specification for IS 7285 via BIS e-Sale.
BIS-IS-0517,is 7285 (part 1),PAYWALL_BIS_STANDARD,https://www.manakonline.in/MANAK/standardSearch?standardNumber=7285%20%28part%201%29,Log in to the BIS Manakonline portal (https://www.manakonline.in) with certified organizational credentials or purchase technical specification for IS 7285 (part 1) via BIS e-Sale.
BIS-IS-0518,is 7285 (part2),PAYWALL_BIS_STANDARD,https://www.manakonline.in/MANAK/standardSearch?standardNumber=7285%20%28part2%29,Log in to the BIS Manakonline portal (https://www.manakonline.in) with certified organizational credentials or purchase technical specification for IS 7285 (part2) via BIS e-Sale.
BIS-IS-0519,IS 7291:1981,PAYWALL_BIS_STANDARD,https://www.manakonline.in/MANAK/standardSearch?standardNumber=7291%3A1981,Log in to the BIS Manakonline portal (https://www.manakonline.in) with certified organizational credentials or purchase technical specification for IS 7291:1981 via BIS e-Sale.
BIS-IS-0520,is:7302,PAYWALL_BIS_STANDARD,https://www.manakonline.in/MANAK/standardSearch?standardNumber=7302,Log in to the BIS Manakonline portal (https://www.manakonline.in) with certified organizational credentials or purchase technical specification for IS 7302 via BIS e-Sale.
BIS-IS-0521,is 7312,PAYWALL_BIS_STANDARD,https://www.manakonline.in/MANAK/standardSearch?standardNumber=7312,Log in to the BIS Manakonline portal (https://www.manakonline.in) with certified organizational credentials or purchase technical specification for IS 7312 via BIS e-Sale.
BIS-IS-0522,IS733:1983,PAYWALL_BIS_STANDARD,https://www.manakonline.in/MANAK/standardSearch?standardNumber=733%3A1983,Log in to the BIS Manakonline portal (https://www.manakonline.in) with certified organizational credentials or purchase technical specification for IS 733:1983 via BIS e-Sale.
BIS-IS-0523,IS734:1975,PAYWALL_BIS_STANDARD,https://www.manakonline.in/MANAK/standardSearch?standardNumber=734%3A1975,Log in to the BIS Manakonline portal (https://www.manakonline.in) with certified organizational credentials or purchase technical specification for IS 734:1975 via BIS e-Sale.
BIS-IS-0524,IS736:1986,PAYWALL_BIS_STANDARD,https://www.manakonline.in/MANAK/standardSearch?standardNumber=736%3A1986,Log in to the BIS Manakonline portal (https://www.manakonline.in) with certified organizational credentials or purchase technical specification for IS 736:1986 via BIS e-Sale.
BIS-IS-0525,IS737:2008,PAYWALL_BIS_STANDARD,https://www.manakonline.in/MANAK/standardSearch?standardNumber=737%3A2008,Log in to the BIS Manakonline portal (https://www.manakonline.in) with certified organizational credentials or purchase technical specification for IS 737:2008 via BIS e-Sale.
BIS-IS-0526,IS739:1992,PAYWALL_BIS_STANDARD,https://www.manakonline.in/MANAK/standardSearch?standardNumber=739%3A1992,Log in to the BIS Manakonline portal (https://www.manakonline.in) with certified organizational credentials or purchase technical specification for IS 739:1992 via BIS e-Sale.
BIS-IS-0527,IS740:1977,PAYWALL_BIS_STANDARD,https://www.manakonline.in/MANAK/standardSearch?standardNumber=740%3A1977,Log in to the BIS Manakonline portal (https://www.manakonline.in) with certified organizational credentials or purchase technical specification for IS 740:1977 via BIS e-Sale.
BIS-IS-0528,IS 7466:1994,PAYWALL_BIS_STANDARD,https://www.manakonline.in/MANAK/standardSearch?standardNumber=7466%3A1994,Log in to the BIS Manakonline portal (https://www.manakonline.in) with certified organizational credentials or purchase technical specification for IS 7466:1994 via BIS e-Sale.
BIS-IS-0529,IS 7483,PAYWALL_BIS_STANDARD,https://www.manakonline.in/MANAK/standardSearch?standardNumber=7483,Log in to the BIS Manakonline portal (https://www.manakonline.in) with certified organizational credentials or purchase technical specification for IS 7483 via BIS e-Sale.
BIS-IS-0530,IS 7485,PAYWALL_BIS_STANDARD,https://www.manakonline.in/MANAK/standardSearch?standardNumber=7485,Log in to the BIS Manakonline portal (https://www.manakonline.in) with certified organizational credentials or purchase technical specification for IS 7485 via BIS e-Sale.
BIS-IS-0531,IS 7485 (PART1),PAYWALL_BIS_STANDARD,https://www.manakonline.in/MANAK/standardSearch?standardNumber=7485%20%28PART1%29,Log in to the BIS Manakonline portal (https://www.manakonline.in) with certified organizational credentials or purchase technical specification for IS 7485 (PART1) via BIS e-Sale.
BIS-IS-0532,IS 7486:2018,PAYWALL_BIS_STANDARD,https://www.manakonline.in/MANAK/standardSearch?standardNumber=7486%3A2018,Log in to the BIS Manakonline portal (https://www.manakonline.in) with certified organizational credentials or purchase technical specification for IS 7486:2018 via BIS e-Sale.
BIS-IS-0533,IS7534:1985,PAYWALL_BIS_STANDARD,https://www.manakonline.in/MANAK/standardSearch?standardNumber=7534%3A1985,Log in to the BIS Manakonline portal (https://www.manakonline.in) with certified organizational credentials or purchase technical specification for IS 7534:1985 via BIS e-Sale.
BIS-IS-0534,is 7620,PAYWALL_BIS_STANDARD,https://www.manakonline.in/MANAK/standardSearch?standardNumber=7620,Log in to the BIS Manakonline portal (https://www.manakonline.in) with certified organizational credentials or purchase technical specification for IS 7620 via BIS e-Sale.
BIS-IS-0535,is 7620 (pt 1),PAYWALL_BIS_STANDARD,https://www.manakonline.in/MANAK/standardSearch?standardNumber=7620%20%28pt%201%29,Log in to the BIS Manakonline portal (https://www.manakonline.in) with certified organizational credentials or purchase technical specification for IS 7620 (pt 1) via BIS e-Sale.
BIS-IS-0536,IS 779:1994,PAYWALL_BIS_STANDARD,https://www.manakonline.in/MANAK/standardSearch?standardNumber=779%3A1994,Log in to the BIS Manakonline portal (https://www.manakonline.in) with certified organizational credentials or purchase technical specification for IS 779:1994 via BIS e-Sale.
BIS-IS-0537,IS7902:2001,PAYWALL_BIS_STANDARD,https://www.manakonline.in/MANAK/standardSearch?standardNumber=7902%3A2001,Log in to the BIS Manakonline portal (https://www.manakonline.in) with certified organizational credentials or purchase technical specification for IS 7902:2001 via BIS e-Sale.
BIS-IS-0538,is 798:2020,PAYWALL_BIS_STANDARD,https://www.manakonline.in/MANAK/standardSearch?standardNumber=798%3A2020,Log in to the BIS Manakonline portal (https://www.manakonline.in) with certified organizational credentials or purchase technical specification for IS 798:2020 via BIS e-Sale.
BIS-IS-0539,is 8041,PAYWALL_BIS_STANDARD,https://www.manakonline.in/MANAK/standardSearch?standardNumber=8041,Log in to the BIS Manakonline portal (https://www.manakonline.in) with certified organizational credentials or purchase technical specification for IS 8041 via BIS e-Sale.
BIS-IS-0540,is 8042,PAYWALL_BIS_STANDARD,https://www.manakonline.in/MANAK/standardSearch?standardNumber=8042,Log in to the BIS Manakonline portal (https://www.manakonline.in) with certified organizational credentials or purchase technical specification for IS 8042 via BIS e-Sale.
BIS-IS-0541,is 8043,PAYWALL_BIS_STANDARD,https://www.manakonline.in/MANAK/standardSearch?standardNumber=8043,Log in to the BIS Manakonline portal (https://www.manakonline.in) with certified organizational credentials or purchase technical specification for IS 8043 via BIS e-Sale.
BIS-IS-0542,IS8144:2018,PAYWALL_BIS_STANDARD,https://www.manakonline.in/MANAK/standardSearch?standardNumber=8144%3A2018,Log in to the BIS Manakonline portal (https://www.manakonline.in) with certified organizational credentials or purchase technical specification for IS 8144:2018 via BIS e-Sale.
BIS-IS-0543,IS8148:2018,PAYWALL_BIS_STANDARD,https://www.manakonline.in/MANAK/standardSearch?standardNumber=8148%3A2018,Log in to the BIS Manakonline portal (https://www.manakonline.in) with certified organizational credentials or purchase technical specification for IS 8148:2018 via BIS e-Sale.
BIS-IS-0544,IS814:2004,PAYWALL_BIS_STANDARD,https://www.manakonline.in/MANAK/standardSearch?standardNumber=814%3A2004,Log in to the BIS Manakonline portal (https://www.manakonline.in) with certified organizational credentials or purchase technical specification for IS 814:2004 via BIS e-Sale.
BIS-IS-0545,is 8229,PAYWALL_BIS_STANDARD,https://www.manakonline.in/MANAK/standardSearch?standardNumber=8229,Log in to the BIS Manakonline portal (https://www.manakonline.in) with certified organizational credentials or purchase technical specification for IS 8229 via BIS e-Sale.
BIS-IS-0546,is8329,PAYWALL_BIS_STANDARD,https://www.manakonline.in/MANAK/standardSearch?standardNumber=8329,Log in to the BIS Manakonline portal (https://www.manakonline.in) with certified organizational credentials or purchase technical specification for IS 8329 via BIS e-Sale.
BIS-IS-0547,is 8674:2013,PAYWALL_BIS_STANDARD,https://www.manakonline.in/MANAK/standardSearch?standardNumber=8674%3A2013,Log in to the BIS Manakonline portal (https://www.manakonline.in) with certified organizational credentials or purchase technical specification for IS 8674:2013 via BIS e-Sale.
BIS-IS-0548,is: 8737,PAYWALL_BIS_STANDARD,https://www.manakonline.in/MANAK/standardSearch?standardNumber=8737,Log in to the BIS Manakonline portal (https://www.manakonline.in) with certified organizational credentials or purchase technical specification for IS 8737 via BIS e-Sale.
BIS-IS-0549,is:8776,PAYWALL_BIS_STANDARD,https://www.manakonline.in/MANAK/standardSearch?standardNumber=8776,Log in to the BIS Manakonline portal (https://www.manakonline.in) with certified organizational credentials or purchase technical specification for IS 8776 via BIS e-Sale.
BIS-IS-0550,is 8784:1987,PAYWALL_BIS_STANDARD,https://www.manakonline.in/MANAK/standardSearch?standardNumber=8784%3A1987,Log in to the BIS Manakonline portal (https://www.manakonline.in) with certified organizational credentials or purchase technical specification for IS 8784:1987 via BIS e-Sale.
BIS-IS-0551,IS878:2008,PAYWALL_BIS_STANDARD,https://www.manakonline.in/MANAK/standardSearch?standardNumber=878%3A2008,Log in to the BIS Manakonline portal (https://www.manakonline.in) with certified organizational credentials or purchase technical specification for IS 878:2008 via BIS e-Sale.
BIS-IS-0552,is 8828,PAYWALL_BIS_STANDARD,https://www.manakonline.in/MANAK/standardSearch?standardNumber=8828,Log in to the BIS Manakonline portal (https://www.manakonline.in) with certified organizational credentials or purchase technical specification for IS 8828 via BIS e-Sale.
BIS-IS-0553,IS 8870:1978,PAYWALL_BIS_STANDARD,https://www.manakonline.in/MANAK/standardSearch?standardNumber=8870%3A1978,Log in to the BIS Manakonline portal (https://www.manakonline.in) with certified organizational credentials or purchase technical specification for IS 8870:1978 via BIS e-Sale.
BIS-IS-0554,is 9136:1993,PAYWALL_BIS_STANDARD,https://www.manakonline.in/MANAK/standardSearch?standardNumber=9136%3A1993,Log in to the BIS Manakonline portal (https://www.manakonline.in) with certified organizational credentials or purchase technical specification for IS 9136:1993 via BIS e-Sale.
BIS-IS-0555,IS 9139:1979,PAYWALL_BIS_STANDARD,https://www.manakonline.in/MANAK/standardSearch?standardNumber=9139%3A1979,Log in to the BIS Manakonline portal (https://www.manakonline.in) with certified organizational credentials or purchase technical specification for IS 9139:1979 via BIS e-Sale.
BIS-IS-0556,IS 915:2012,PAYWALL_BIS_STANDARD,https://www.manakonline.in/MANAK/standardSearch?standardNumber=915%3A2012,Log in to the BIS Manakonline portal (https://www.manakonline.in) with certified organizational credentials or purchase technical specification for IS 915:2012 via BIS e-Sale.
BIS-IS-0557,IS9436,PAYWALL_BIS_STANDARD,https://www.manakonline.in/MANAK/standardSearch?standardNumber=9436,Log in to the BIS Manakonline portal (https://www.manakonline.in) with certified organizational credentials or purchase technical specification for IS 9436 via BIS e-Sale.
BIS-IS-0558,is 9523,PAYWALL_BIS_STANDARD,https://www.manakonline.in/MANAK/standardSearch?standardNumber=9523,Log in to the BIS Manakonline portal (https://www.manakonline.in) with certified organizational credentials or purchase technical specification for IS 9523 via BIS e-Sale.
BIS-IS-0559,is 9562:1980,PAYWALL_BIS_STANDARD,https://www.manakonline.in/MANAK/standardSearch?standardNumber=9562%3A1980,Log in to the BIS Manakonline portal (https://www.manakonline.in) with certified organizational credentials or purchase technical specification for IS 9562:1980 via BIS e-Sale.
BIS-IS-0560,is 9573,PAYWALL_BIS_STANDARD,https://www.manakonline.in/MANAK/standardSearch?standardNumber=9573,Log in to the BIS Manakonline portal (https://www.manakonline.in) with certified organizational credentials or purchase technical specification for IS 9573 via BIS e-Sale.
BIS-IS-0561,is 9573(part 1),PAYWALL_BIS_STANDARD,https://www.manakonline.in/MANAK/standardSearch?standardNumber=9573%28part%201%29,Log in to the BIS Manakonline portal (https://www.manakonline.in) with certified organizational credentials or purchase technical specification for IS 9573(part 1) via BIS e-Sale.
BIS-IS-0562,is 9573(part 2),PAYWALL_BIS_STANDARD,https://www.manakonline.in/MANAK/standardSearch?standardNumber=9573%28part%202%29,Log in to the BIS Manakonline portal (https://www.manakonline.in) with certified organizational credentials or purchase technical specification for IS 9573(part 2) via BIS e-Sale.
BIS-IS-0563,IS 9627:1980,PAYWALL_BIS_STANDARD,https://www.manakonline.in/MANAK/standardSearch?standardNumber=9627%3A1980,Log in to the BIS Manakonline portal (https://www.manakonline.in) with certified organizational credentials or purchase technical specification for IS 9627:1980 via BIS e-Sale.
BIS-IS-0564,IS9755:2021,PAYWALL_BIS_STANDARD,https://www.manakonline.in/MANAK/standardSearch?standardNumber=9755%3A2021,Log in to the BIS Manakonline portal (https://www.manakonline.in) with certified organizational credentials or purchase technical specification for IS 9755:2021 via BIS e-Sale.
BIS-IS-0565,is :9798,PAYWALL_BIS_STANDARD,https://www.manakonline.in/MANAK/standardSearch?standardNumber=9798,Log in to the BIS Manakonline portal (https://www.manakonline.in) with certified organizational credentials or purchase technical specification for IS 9798 via BIS e-Sale.
BIS-IS-0566,IS9857:1990,PAYWALL_BIS_STANDARD,https://www.manakonline.in/MANAK/standardSearch?standardNumber=9857%3A1990,Log in to the BIS Manakonline portal (https://www.manakonline.in) with certified organizational credentials or purchase technical specification for IS 9857:1990 via BIS e-Sale.
BIS-IS-0567,is 9917:1993,PAYWALL_BIS_STANDARD,https://www.manakonline.in/MANAK/standardSearch?standardNumber=9917%3A1993,Log in to the BIS Manakonline portal (https://www.manakonline.in) with certified organizational credentials or purchase technical specification for IS 9917:1993 via BIS e-Sale.
BIS-IS-0568,is 9968,PAYWALL_BIS_STANDARD,https://www.manakonline.in/MANAK/standardSearch?standardNumber=9968,Log in to the BIS Manakonline portal (https://www.manakonline.in) with certified organizational credentials or purchase technical specification for IS 9968 via BIS e-Sale.
BIS-IS-0569,is 9968 (part 2),PAYWALL_BIS_STANDARD,https://www.manakonline.in/MANAK/standardSearch?standardNumber=9968%20%28part%202%29,Log in to the BIS Manakonline portal (https://www.manakonline.in) with certified organizational credentials or purchase technical specification for IS 9968 (part 2) via BIS e-Sale.
RULE-0001,"Aircraft Rules, 1937",404_NOT_FOUND,https://www.indiacode.nic.in,"Retrieve Gazette publication of Aircraft Rules, 1937 from the respective nodal Ministry portal or e-Gazette portal."
RULE-0002,"Ammonium Nitrate Rules, 2012",404_NOT_FOUND,https://www.indiacode.nic.in,"Retrieve Gazette publication of Ammonium Nitrate Rules, 2012 from the respective nodal Ministry portal or e-Gazette portal."
RULE-0003,"Applicable Extended Producer Responsibility (EPR) Rules (E-Waste Rules, 2022",404_NOT_FOUND,https://www.indiacode.nic.in,"Retrieve Gazette publication of Applicable Extended Producer Responsibility (EPR) Rules (E-Waste Rules, 2022 from the respective nodal Ministry portal or e-Gazette portal."
RULE-0004,"Arms Rules, 2016",404_NOT_FOUND,https://www.indiacode.nic.in,"Retrieve Gazette publication of Arms Rules, 2016 from the respective nodal Ministry portal or e-Gazette portal."
RULE-0005,"Assessment) Regulations, 2018",404_NOT_FOUND,https://www.indiacode.nic.in,"Retrieve Gazette publication of Assessment) Regulations, 2018 from the respective nodal Ministry portal or e-Gazette portal."
RULE-0006,"Atomic Energy (Radiation Protection) Rules, 2004",404_NOT_FOUND,https://www.indiacode.nic.in,"Retrieve Gazette publication of Atomic Energy (Radiation Protection) Rules, 2004 from the respective nodal Ministry portal or e-Gazette portal."
RULE-0007,BIS (ca) regulations 2018,404_NOT_FOUND,https://www.indiacode.nic.in,Retrieve Gazette publication of BIS (ca) regulations 2018 from the respective nodal Ministry portal or e-Gazette portal.
RULE-0008,"BIS (ca) regulations, 2018",404_NOT_FOUND,https://www.indiacode.nic.in,"Retrieve Gazette publication of BIS (ca) regulations, 2018 from the respective nodal Ministry portal or e-Gazette portal."
RULE-0009,"BIS as per Scheme II of Schedule II of BIS (CA) Regulations, 2018",404_NOT_FOUND,https://www.indiacode.nic.in,"Retrieve Gazette publication of BIS as per Scheme II of Schedule II of BIS (CA) Regulations, 2018 from the respective nodal Ministry portal or e-Gazette portal."
RULE-0010,"BIS as per Scheme II of Schedule II of BIS (CA) regulations, 2018",404_NOT_FOUND,https://www.indiacode.nic.in,"Retrieve Gazette publication of BIS as per Scheme II of Schedule II of BIS (CA) regulations, 2018 from the respective nodal Ministry portal or e-Gazette portal."
RULE-0011,BIS as per scheme i of schedule ii of the BIS(ca) regulations 2018,404_NOT_FOUND,https://www.indiacode.nic.in,Retrieve Gazette publication of BIS as per scheme i of schedule ii of the BIS(ca) regulations 2018 from the respective nodal Ministry portal or e-Gazette portal.
RULE-0012,"BIS as per scheme ii of schedule ii of BIS (ca) regulations, 2018",404_NOT_FOUND,https://www.indiacode.nic.in,"Retrieve Gazette publication of BIS as per scheme ii of schedule ii of BIS (ca) regulations, 2018 from the respective nodal Ministry portal or e-Gazette portal."
RULE-0013,BIS(ca) regulations 2018,404_NOT_FOUND,https://www.indiacode.nic.in,Retrieve Gazette publication of BIS(ca) regulations 2018 from the respective nodal Ministry portal or e-Gazette portal.
RULE-0014,BUREAU AS PER SCHEME-I OF SCHEDULE-II TO BIS(CA) REGULATIONS 2018,404_NOT_FOUND,https://www.indiacode.nic.in,Retrieve Gazette publication of BUREAU AS PER SCHEME-I OF SCHEDULE-II TO BIS(CA) REGULATIONS 2018 from the respective nodal Ministry portal or e-Gazette portal.
RULE-0015,"Battery Waste Rules, 2022",404_NOT_FOUND,https://www.indiacode.nic.in,"Retrieve Gazette publication of Battery Waste Rules, 2022 from the respective nodal Ministry portal or e-Gazette portal."
RULE-0016,"Bis As Per Scheme Ii Of Schedule Ii Of Bis (Ca) Regulations, 2018",404_NOT_FOUND,https://www.indiacode.nic.in,"Retrieve Gazette publication of Bis As Per Scheme Ii Of Schedule Ii Of Bis (Ca) Regulations, 2018 from the respective nodal Ministry portal or e-Gazette portal."
RULE-0017,Bureau as per Scheme-I OF Schd II of BIS(CA) Regulations 2018,404_NOT_FOUND,https://www.indiacode.nic.in,Retrieve Gazette publication of Bureau as per Scheme-I OF Schd II of BIS(CA) Regulations 2018 from the respective nodal Ministry portal or e-Gazette portal.
RULE-0018,Bureau as per Scheme-I of Schd-II of BIS (CA) Regulations 2018,404_NOT_FOUND,https://www.indiacode.nic.in,Retrieve Gazette publication of Bureau as per Scheme-I of Schd-II of BIS (CA) Regulations 2018 from the respective nodal Ministry portal or e-Gazette portal.
RULE-0019,"Central Motor Vehicles (Eleventh Amendment) Rules, 2018",404_NOT_FOUND,https://www.indiacode.nic.in,"Retrieve Gazette publication of Central Motor Vehicles (Eleventh Amendment) Rules, 2018 from the respective nodal Ministry portal or e-Gazette portal."
RULE-0020,"Central Motor Vehicles (Eleventh amendment) Rules, 2018",404_NOT_FOUND,https://www.indiacode.nic.in,"Retrieve Gazette publication of Central Motor Vehicles (Eleventh amendment) Rules, 2018 from the respective nodal Ministry portal or e-Gazette portal."
RULE-0021,"Central Motor Vehicles Rules, 1989",404_NOT_FOUND,https://www.indiacode.nic.in,"Retrieve Gazette publication of Central Motor Vehicles Rules, 1989 from the respective nodal Ministry portal or e-Gazette portal."
RULE-0022,Control) Rules 2000,404_NOT_FOUND,https://www.indiacode.nic.in,Retrieve Gazette publication of Control) Rules 2000 from the respective nodal Ministry portal or e-Gazette portal.
RULE-0023,"Cosmetics Rules, 2020",404_NOT_FOUND,https://www.indiacode.nic.in,"Retrieve Gazette publication of Cosmetics Rules, 2020 from the respective nodal Ministry portal or e-Gazette portal."
RULE-0024,"Drugs and Cosmetics Rules, 1945",404_NOT_FOUND,https://www.indiacode.nic.in,"Retrieve Gazette publication of Drugs and Cosmetics Rules, 1945 from the respective nodal Ministry portal or e-Gazette portal."
RULE-0025,E-Waste Management Rules 2022,404_NOT_FOUND,https://www.indiacode.nic.in,Retrieve Gazette publication of E-Waste Management Rules 2022 from the respective nodal Ministry portal or e-Gazette portal.
RULE-0026,"E-Waste Management Rules, 2022",404_NOT_FOUND,https://www.indiacode.nic.in,"Retrieve Gazette publication of E-Waste Management Rules, 2022 from the respective nodal Ministry portal or e-Gazette portal."
RULE-0027,"E-Waste Manegement Rules, 2022",404_NOT_FOUND,https://www.indiacode.nic.in,"Retrieve Gazette publication of E-Waste Manegement Rules, 2022 from the respective nodal Ministry portal or e-Gazette portal."
RULE-0028,Efficiency (Appliance Labeling & Compliance) Regulations 2026,404_NOT_FOUND,https://www.indiacode.nic.in,Retrieve Gazette publication of Efficiency (Appliance Labeling & Compliance) Regulations 2026 from the respective nodal Ministry portal or e-Gazette portal.
RULE-0029,"Efficiency (Appliance Labeling And Compliance) Regulations,2026",404_NOT_FOUND,https://www.indiacode.nic.in,"Retrieve Gazette publication of Efficiency (Appliance Labeling And Compliance) Regulations,2026 from the respective nodal Ministry portal or e-Gazette portal."
RULE-0030,Efficiency (Appliance Labelling And Compliance) Regulations 2026,404_NOT_FOUND,https://www.indiacode.nic.in,Retrieve Gazette publication of Efficiency (Appliance Labelling And Compliance) Regulations 2026 from the respective nodal Ministry portal or e-Gazette portal.
RULE-0031,"Efficiency (Appliance Labelling And Compliance) Regulations,2026",404_NOT_FOUND,https://www.indiacode.nic.in,"Retrieve Gazette publication of Efficiency (Appliance Labelling And Compliance) Regulations,2026 from the respective nodal Ministry portal or e-Gazette portal."
RULE-0032,"Efficiency (Appliance Labelling and Compliance) Regulations,2026",404_NOT_FOUND,https://www.indiacode.nic.in,"Retrieve Gazette publication of Efficiency (Appliance Labelling and Compliance) Regulations,2026 from the respective nodal Ministry portal or e-Gazette portal."
RULE-0033,Energy Efficiency (Appliance Labeling&Compliance) Regulations 2026,404_NOT_FOUND,https://www.indiacode.nic.in,Retrieve Gazette publication of Energy Efficiency (Appliance Labeling&Compliance) Regulations 2026 from the respective nodal Ministry portal or e-Gazette portal.
RULE-0034,"Energy Efficiency (Appliance Labeling&Compliance) Regulations,2026",404_NOT_FOUND,https://www.indiacode.nic.in,"Retrieve Gazette publication of Energy Efficiency (Appliance Labeling&Compliance) Regulations,2026 from the respective nodal Ministry portal or e-Gazette portal."
RULE-0035,Ensure compliance of Indian Telegraph (Amendment) Rules 2017,404_NOT_FOUND,https://www.indiacode.nic.in,Retrieve Gazette publication of Ensure compliance of Indian Telegraph (Amendment) Rules 2017 from the respective nodal Ministry portal or e-Gazette portal.
RULE-0036,"Explosive Rules, 2008",404_NOT_FOUND,https://www.indiacode.nic.in,"Retrieve Gazette publication of Explosive Rules, 2008 from the respective nodal Ministry portal or e-Gazette portal."
RULE-0037,"Explosives Rules, 2008",404_NOT_FOUND,https://www.indiacode.nic.in,"Retrieve Gazette publication of Explosives Rules, 2008 from the respective nodal Ministry portal or e-Gazette portal."
RULE-0038,"Fertilizer (Control) Order, 1985",404_NOT_FOUND,https://www.indiacode.nic.in,"Retrieve Gazette publication of Fertilizer (Control) Order, 1985 from the respective nodal Ministry portal or e-Gazette portal."
RULE-0039,"Food Safety and Standards (Import) Regulations, 2017",404_NOT_FOUND,https://www.indiacode.nic.in,"Retrieve Gazette publication of Food Safety and Standards (Import) Regulations, 2017 from the respective nodal Ministry portal or e-Gazette portal."
RULE-0040,"Gas Cylinders Rules, 2016",404_NOT_FOUND,https://www.indiacode.nic.in,"Retrieve Gazette publication of Gas Cylinders Rules, 2016 from the respective nodal Ministry portal or e-Gazette portal."
RULE-0041,"Hazardous and Other Wastes Rules, 2016",404_NOT_FOUND,https://www.indiacode.nic.in,"Retrieve Gazette publication of Hazardous and Other Wastes Rules, 2016 from the respective nodal Ministry portal or e-Gazette portal."
RULE-0042,"I of Schedule-II of BIS (Conformity Assessment) Regulations, 2018",404_NOT_FOUND,https://www.indiacode.nic.in,"Retrieve Gazette publication of I of Schedule-II of BIS (Conformity Assessment) Regulations, 2018 from the respective nodal Ministry portal or e-Gazette portal."
RULE-0043,"II OF THE PLASTIC WASTE MANAGEMENT (AMENDMENT) RULES, 2022",404_NOT_FOUND,https://www.indiacode.nic.in,"Retrieve Gazette publication of II OF THE PLASTIC WASTE MANAGEMENT (AMENDMENT) RULES, 2022 from the respective nodal Ministry portal or e-Gazette portal."
RULE-0044,II TO BIS(CA) REGULATIONS 2018,404_NOT_FOUND,https://www.indiacode.nic.in,Retrieve Gazette publication of II TO BIS(CA) REGULATIONS 2018 from the respective nodal Ministry portal or e-Gazette portal.
RULE-0045,II of the BIS (CA) Regulations 2018,404_NOT_FOUND,https://www.indiacode.nic.in,Retrieve Gazette publication of II of the BIS (CA) Regulations 2018 from the respective nodal Ministry portal or e-Gazette portal.
RULE-0046,"II of the Bureau of Indian Standards (CA) Regulations, 2018",404_NOT_FOUND,https://www.indiacode.nic.in,"Retrieve Gazette publication of II of the Bureau of Indian Standards (CA) Regulations, 2018 from the respective nodal Ministry portal or e-Gazette portal."
RULE-0047,"II of the Bureau of Indian standards (CA) Regulations, 2018",404_NOT_FOUND,https://www.indiacode.nic.in,"Retrieve Gazette publication of II of the Bureau of Indian standards (CA) Regulations, 2018 from the respective nodal Ministry portal or e-Gazette portal."
RULE-0048,"II to the BIS (CA) Regulations, 2018",404_NOT_FOUND,https://www.indiacode.nic.in,"Retrieve Gazette publication of II to the BIS (CA) Regulations, 2018 from the respective nodal Ministry portal or e-Gazette portal."
RULE-0049,II to the Bureau of Indian Standards (CA) Regulations 2018,404_NOT_FOUND,https://www.indiacode.nic.in,Retrieve Gazette publication of II to the Bureau of Indian Standards (CA) Regulations 2018 from the respective nodal Ministry portal or e-Gazette portal.
RULE-0050,"II to the bureau of Indian Standards (CA) Regulations, 2018",404_NOT_FOUND,https://www.indiacode.nic.in,"Retrieve Gazette publication of II to the bureau of Indian Standards (CA) Regulations, 2018 from the respective nodal Ministry portal or e-Gazette portal."
RULE-0051,"II to the bureau of Indian Standards (CA) Regulations,2018",404_NOT_FOUND,https://www.indiacode.nic.in,"Retrieve Gazette publication of II to the bureau of Indian Standards (CA) Regulations,2018 from the respective nodal Ministry portal or e-Gazette portal."
RULE-0052,INTEGRATED DECLARATION AND PAPERLESS PROCESSING) REGULATIONS 2018,404_NOT_FOUND,https://www.indiacode.nic.in,Retrieve Gazette publication of INTEGRATED DECLARATION AND PAPERLESS PROCESSING) REGULATIONS 2018 from the respective nodal Ministry portal or e-Gazette portal.
RULE-0053,Ii Of The Bis (Ca) Regulations 2018,404_NOT_FOUND,https://www.indiacode.nic.in,Retrieve Gazette publication of Ii Of The Bis (Ca) Regulations 2018 from the respective nodal Ministry portal or e-Gazette portal.
RULE-0054,"Indian Telegraph (Amendment) Rules, 2017",404_NOT_FOUND,https://www.indiacode.nic.in,"Retrieve Gazette publication of Indian Telegraph (Amendment) Rules, 2017 from the respective nodal Ministry portal or e-Gazette portal."
RULE-0055,"Insecticides Rules, 1971",404_NOT_FOUND,https://www.indiacode.nic.in,"Retrieve Gazette publication of Insecticides Rules, 1971 from the respective nodal Ministry portal or e-Gazette portal."
RULE-0056,Integrated Declaration&Paperless Processing) Regulations 2018,404_NOT_FOUND,https://www.indiacode.nic.in,Retrieve Gazette publication of Integrated Declaration&Paperless Processing) Regulations 2018 from the respective nodal Ministry portal or e-Gazette portal.
RULE-0057,"Jute and Jute Products (Control) Order, 2016",404_NOT_FOUND,https://www.indiacode.nic.in,"Retrieve Gazette publication of Jute and Jute Products (Control) Order, 2016 from the respective nodal Ministry portal or e-Gazette portal."
RULE-0058,"Legal Metrology (General) Rules, 2011",404_NOT_FOUND,https://www.indiacode.nic.in,"Retrieve Gazette publication of Legal Metrology (General) Rules, 2011 from the respective nodal Ministry portal or e-Gazette portal."
RULE-0059,"Legal Metrology (Packaged Commodities) Rules, 2011",404_NOT_FOUND,https://www.indiacode.nic.in,"Retrieve Gazette publication of Legal Metrology (Packaged Commodities) Rules, 2011 from the respective nodal Ministry portal or e-Gazette portal."
RULE-0060,MOCI On Relaxations Provided Under Gas Cylinders Rules 2016,404_NOT_FOUND,https://www.indiacode.nic.in,Retrieve Gazette publication of MOCI On Relaxations Provided Under Gas Cylinders Rules 2016 from the respective nodal Ministry portal or e-Gazette portal.
RULE-0061,MOCI on relaxations provided under Gas Cylinders Rules 2016,404_NOT_FOUND,https://www.indiacode.nic.in,Retrieve Gazette publication of MOCI on relaxations provided under Gas Cylinders Rules 2016 from the respective nodal Ministry portal or e-Gazette portal.
RULE-0062,"Manner Of Their Display On Labels Of Chillers) Regulations, 2023",404_NOT_FOUND,https://www.indiacode.nic.in,"Retrieve Gazette publication of Manner Of Their Display On Labels Of Chillers) Regulations, 2023 from the respective nodal Ministry portal or e-Gazette portal."
RULE-0063,"Medical Devices Rules, 2017",404_NOT_FOUND,https://www.indiacode.nic.in,"Retrieve Gazette publication of Medical Devices Rules, 2017 from the respective nodal Ministry portal or e-Gazette portal."
RULE-0064,ND Amendment) Rules 2023,404_NOT_FOUND,https://www.indiacode.nic.in,Retrieve Gazette publication of ND Amendment) Rules 2023 from the respective nodal Ministry portal or e-Gazette portal.
RULE-0065,"NDPS (Regulation of Controlled Substances) Order, 2013",404_NOT_FOUND,https://www.indiacode.nic.in,"Retrieve Gazette publication of NDPS (Regulation of Controlled Substances) Order, 2013 from the respective nodal Ministry portal or e-Gazette portal."
RULE-0066,"NDPS Act) & NDPS Rules, 1985",404_NOT_FOUND,https://www.indiacode.nic.in,"Retrieve Gazette publication of NDPS Act) & NDPS Rules, 1985 from the respective nodal Ministry portal or e-Gazette portal."
RULE-0067,"OF THE PLASTIC WASTE MANAGEMENT (AMENDMENT) RULES, 2022",404_NOT_FOUND,https://www.indiacode.nic.in,"Retrieve Gazette publication of OF THE PLASTIC WASTE MANAGEMENT (AMENDMENT) RULES, 2022 from the respective nodal Ministry portal or e-Gazette portal."
RULE-0068,"OF THE PWM(AMENDMENT) RULES, 2022",404_NOT_FOUND,https://www.indiacode.nic.in,"Retrieve Gazette publication of OF THE PWM(AMENDMENT) RULES, 2022 from the respective nodal Ministry portal or e-Gazette portal."
RULE-0069,"Of Battery Waste Management (Amendment) Rules, 2023",404_NOT_FOUND,https://www.indiacode.nic.in,"Retrieve Gazette publication of Of Battery Waste Management (Amendment) Rules, 2023 from the respective nodal Ministry portal or e-Gazette portal."
RULE-0070,"Of Indian Standards (Conformity Assessment) Regulations, 2018",404_NOT_FOUND,https://www.indiacode.nic.in,"Retrieve Gazette publication of Of Indian Standards (Conformity Assessment) Regulations, 2018 from the respective nodal Ministry portal or e-Gazette portal."
RULE-0071,"Of Lm(General) Rules, 2011",404_NOT_FOUND,https://www.indiacode.nic.in,"Retrieve Gazette publication of Of Lm(General) Rules, 2011 from the respective nodal Ministry portal or e-Gazette portal."
RULE-0072,"Of ODS Rules,2000",404_NOT_FOUND,https://www.indiacode.nic.in,"Retrieve Gazette publication of Of ODS Rules,2000 from the respective nodal Ministry portal or e-Gazette portal."
RULE-0073,"Of Ods Rules,2000",404_NOT_FOUND,https://www.indiacode.nic.in,"Retrieve Gazette publication of Of Ods Rules,2000 from the respective nodal Ministry portal or e-Gazette portal."
RULE-0074,Of Schedule Ii Of Bis (Ca) Regulations 2018,404_NOT_FOUND,https://www.indiacode.nic.in,Retrieve Gazette publication of Of Schedule Ii Of Bis (Ca) Regulations 2018 from the respective nodal Ministry portal or e-Gazette portal.
RULE-0075,Of Schedule Ii Of Bis(Ca)Regulations 2018,404_NOT_FOUND,https://www.indiacode.nic.in,Retrieve Gazette publication of Of Schedule Ii Of Bis(Ca)Regulations 2018 from the respective nodal Ministry portal or e-Gazette portal.
RULE-0076,Of Schedule Ii Of The Bis (Ca) Regulations 2018,404_NOT_FOUND,https://www.indiacode.nic.in,Retrieve Gazette publication of Of Schedule Ii Of The Bis (Ca) Regulations 2018 from the respective nodal Ministry portal or e-Gazette portal.
RULE-0077,"Of The Ozone Depleting Substances(Ods) Rules, 2000",404_NOT_FOUND,https://www.indiacode.nic.in,"Retrieve Gazette publication of Of The Ozone Depleting Substances(Ods) Rules, 2000 from the respective nodal Ministry portal or e-Gazette portal."
RULE-0078,"Of The Plastic Waste Management (Amendment) Rules, 2022",404_NOT_FOUND,https://www.indiacode.nic.in,"Retrieve Gazette publication of Of The Plastic Waste Management (Amendment) Rules, 2022 from the respective nodal Ministry portal or e-Gazette portal."
RULE-0079,"On Relaxations Provided Under Gas Cylinders Rules, 2016",404_NOT_FOUND,https://www.indiacode.nic.in,"Retrieve Gazette publication of On Relaxations Provided Under Gas Cylinders Rules, 2016 from the respective nodal Ministry portal or e-Gazette portal."
RULE-0080,"Ozone Depleting Substances Rules, 2000",404_NOT_FOUND,https://www.indiacode.nic.in,"Retrieve Gazette publication of Ozone Depleting Substances Rules, 2000 from the respective nodal Ministry portal or e-Gazette portal."
RULE-0081,"PLASTIC WASTE MANAGEMENT (SECOND AMENDMENT) RULES, 2023",404_NOT_FOUND,https://www.indiacode.nic.in,"Retrieve Gazette publication of PLASTIC WASTE MANAGEMENT (SECOND AMENDMENT) RULES, 2023 from the respective nodal Ministry portal or e-Gazette portal."
RULE-0082,"PWM (AMENDMENT) RULES, 2022",404_NOT_FOUND,https://www.indiacode.nic.in,"Retrieve Gazette publication of PWM (AMENDMENT) RULES, 2022 from the respective nodal Ministry portal or e-Gazette portal."
RULE-0083,PWM(Amend) Rules 2022,404_NOT_FOUND,https://www.indiacode.nic.in,Retrieve Gazette publication of PWM(Amend) Rules 2022 from the respective nodal Ministry portal or e-Gazette portal.
RULE-0084,"Plant Quarantine (Regulation of Import into India) Order, 2003",404_NOT_FOUND,https://www.indiacode.nic.in,"Retrieve Gazette publication of Plant Quarantine (Regulation of Import into India) Order, 2003 from the respective nodal Ministry portal or e-Gazette portal."
RULE-0085,"Plants, Fruits and Seeds (Regulation of Import into India) Order, 1989",404_NOT_FOUND,https://www.indiacode.nic.in,"Retrieve Gazette publication of Plants, Fruits and Seeds (Regulation of Import into India) Order, 1989 from the respective nodal Ministry portal or e-Gazette portal."
RULE-0086,"Plastic Waste Management (Amendment) Rules, 2022",404_NOT_FOUND,https://www.indiacode.nic.in,"Retrieve Gazette publication of Plastic Waste Management (Amendment) Rules, 2022 from the respective nodal Ministry portal or e-Gazette portal."
RULE-0087,Plastic Waste Management (Second Amendment) Rules 2023,404_NOT_FOUND,https://www.indiacode.nic.in,Retrieve Gazette publication of Plastic Waste Management (Second Amendment) Rules 2023 from the respective nodal Ministry portal or e-Gazette portal.
RULE-0088,"Plastic Waste Management (Second Amendment) Rules, 2023",404_NOT_FOUND,https://www.indiacode.nic.in,"Retrieve Gazette publication of Plastic Waste Management (Second Amendment) Rules, 2023 from the respective nodal Ministry portal or e-Gazette portal."
RULE-0089,"Plastic Waste Rules, 2016",404_NOT_FOUND,https://www.indiacode.nic.in,"Retrieve Gazette publication of Plastic Waste Rules, 2016 from the respective nodal Ministry portal or e-Gazette portal."
RULE-0090,"Products (Packaging and Labelling) Amendment Rules, 2022",404_NOT_FOUND,https://www.indiacode.nic.in,"Retrieve Gazette publication of Products (Packaging and Labelling) Amendment Rules, 2022 from the respective nodal Ministry portal or e-Gazette portal."
RULE-0091,"Products (Packaging and Labelling) amendment rules, 2022",404_NOT_FOUND,https://www.indiacode.nic.in,"Retrieve Gazette publication of Products (Packaging and Labelling) amendment rules, 2022 from the respective nodal Ministry portal or e-Gazette portal."
RULE-0092,Ref Schedule-I Of E-Waste Management Rules 2022,404_NOT_FOUND,https://www.indiacode.nic.in,Retrieve Gazette publication of Ref Schedule-I Of E-Waste Management Rules 2022 from the respective nodal Ministry portal or e-Gazette portal.
RULE-0093,Ref Schedule-I Of Ewm Rules 2022,404_NOT_FOUND,https://www.indiacode.nic.in,Retrieve Gazette publication of Ref Schedule-I Of Ewm Rules 2022 from the respective nodal Ministry portal or e-Gazette portal.
RULE-0094,Scheme I Of Schedule II Of the BIS (CA) Regulations 2018,404_NOT_FOUND,https://www.indiacode.nic.in,Retrieve Gazette publication of Scheme I Of Schedule II Of the BIS (CA) Regulations 2018 from the respective nodal Ministry portal or e-Gazette portal.
RULE-0095,Scheme I Of Schedule Ii Of The Bis (Ca) Regulations 2018,404_NOT_FOUND,https://www.indiacode.nic.in,Retrieve Gazette publication of Scheme I Of Schedule Ii Of The Bis (Ca) Regulations 2018 from the respective nodal Ministry portal or e-Gazette portal.
RULE-0096,Scheme I of Schedule II of the BIS (CA) Regulations 2018,404_NOT_FOUND,https://www.indiacode.nic.in,Retrieve Gazette publication of Scheme I of Schedule II of the BIS (CA) Regulations 2018 from the respective nodal Ministry portal or e-Gazette portal.
RULE-0097,"Scheme-I of Schedule-II of BIS (CA) Regulations, 2018",404_NOT_FOUND,https://www.indiacode.nic.in,"Retrieve Gazette publication of Scheme-I of Schedule-II of BIS (CA) Regulations, 2018 from the respective nodal Ministry portal or e-Gazette portal."
RULE-0098,"Scheme-IV of Schedule-II of BIS (CA) Regulations, 2018",404_NOT_FOUND,https://www.indiacode.nic.in,"Retrieve Gazette publication of Scheme-IV of Schedule-II of BIS (CA) Regulations, 2018 from the respective nodal Ministry portal or e-Gazette portal."
RULE-0099,"Tea (Distribution and Export) Control Order, 2005",404_NOT_FOUND,https://www.indiacode.nic.in,"Retrieve Gazette publication of Tea (Distribution and Export) Control Order, 2005 from the respective nodal Ministry portal or e-Gazette portal."
RULE-0100,"Tools)Refer Schedule-I of E-Waste Management Rules, 2022",404_NOT_FOUND,https://www.indiacode.nic.in,"Retrieve Gazette publication of Tools)Refer Schedule-I of E-Waste Management Rules, 2022 from the respective nodal Ministry portal or e-Gazette portal."
RULE-0101,Waste (Management & Transboundary Movement) Rules 2016,404_NOT_FOUND,https://www.indiacode.nic.in,Retrieve Gazette publication of Waste (Management & Transboundary Movement) Rules 2016 from the respective nodal Ministry portal or e-Gazette portal.
RULE-0102,Waste (Management & Transboundry Movement) Rules 2016,404_NOT_FOUND,https://www.indiacode.nic.in,Retrieve Gazette publication of Waste (Management & Transboundry Movement) Rules 2016 from the respective nodal Ministry portal or e-Gazette portal.
RULE-0103,"Waste (Management & Transboundry Movement) Rules, 2016",404_NOT_FOUND,https://www.indiacode.nic.in,"Retrieve Gazette publication of Waste (Management & Transboundry Movement) Rules, 2016 from the respective nodal Ministry portal or e-Gazette portal."
RULE-0104,"Waste (Management & Transboundry Movement) rules, 2016",404_NOT_FOUND,https://www.indiacode.nic.in,"Retrieve Gazette publication of Waste (Management & Transboundry Movement) rules, 2016 from the respective nodal Ministry portal or e-Gazette portal."
RULE-0105,Waste(Management & Transboundry Movement) Rules 2016,404_NOT_FOUND,https://www.indiacode.nic.in,Retrieve Gazette publication of Waste(Management & Transboundry Movement) Rules 2016 from the respective nodal Ministry portal or e-Gazette portal.
RULE-0106,"Wastes (Management and Transboundary Movement) Rules, 2016",404_NOT_FOUND,https://www.indiacode.nic.in,"Retrieve Gazette publication of Wastes (Management and Transboundary Movement) Rules, 2016 from the respective nodal Ministry portal or e-Gazette portal."
RULE-0107,"Wastes(Management and Transboundary Movement) rules, 2016",404_NOT_FOUND,https://www.indiacode.nic.in,"Retrieve Gazette publication of Wastes(Management and Transboundary Movement) rules, 2016 from the respective nodal Ministry portal or e-Gazette portal."
RULE-0108,a licence from the bureau as per the BIS (ca) regulations 2018,404_NOT_FOUND,https://www.indiacode.nic.in,Retrieve Gazette publication of a licence from the bureau as per the BIS (ca) regulations 2018 from the respective nodal Ministry portal or e-Gazette portal.
RULE-0109,"a licence from the bureau as per the BIS (ca) regulations, 2018",404_NOT_FOUND,https://www.indiacode.nic.in,"Retrieve Gazette publication of a licence from the bureau as per the BIS (ca) regulations, 2018 from the respective nodal Ministry portal or e-Gazette portal."
RULE-0110,amendment rules 2021,404_NOT_FOUND,https://www.indiacode.nic.in,Retrieve Gazette publication of amendment rules 2021 from the respective nodal Ministry portal or e-Gazette portal.
RULE-0111,"bis as per Scheme II of Schedule II of BIS (CA) Regulations, 2018",404_NOT_FOUND,https://www.indiacode.nic.in,"Retrieve Gazette publication of bis as per Scheme II of Schedule II of BIS (CA) Regulations, 2018 from the respective nodal Ministry portal or e-Gazette portal."
RULE-0112,"bis as per Scheme II of Schedule II of BIS (CA) regulations, 2018",404_NOT_FOUND,https://www.indiacode.nic.in,"Retrieve Gazette publication of bis as per Scheme II of Schedule II of BIS (CA) regulations, 2018 from the respective nodal Ministry portal or e-Gazette portal."
RULE-0113,"bureau as per Scheme I of Schedule II of BIS (CA) Regulations, 2018",404_NOT_FOUND,https://www.indiacode.nic.in,"Retrieve Gazette publication of bureau as per Scheme I of Schedule II of BIS (CA) Regulations, 2018 from the respective nodal Ministry portal or e-Gazette portal."
RULE-0114,bureau as per Scheme-I of Schedule-II of BIS (CA) Regulations 2018,404_NOT_FOUND,https://www.indiacode.nic.in,Retrieve Gazette publication of bureau as per Scheme-I of Schedule-II of BIS (CA) Regulations 2018 from the respective nodal Ministry portal or e-Gazette portal.
RULE-0115,"bureau as per scheme i of sched-ii of BIS(ca) regulations, 2018",404_NOT_FOUND,https://www.indiacode.nic.in,"Retrieve Gazette publication of bureau as per scheme i of sched-ii of BIS(ca) regulations, 2018 from the respective nodal Ministry portal or e-Gazette portal."
RULE-0116,bureau as per scheme-i of schedule-ii ofbis(ca) regulations 2018,404_NOT_FOUND,https://www.indiacode.nic.in,Retrieve Gazette publication of bureau as per scheme-i of schedule-ii ofbis(ca) regulations 2018 from the respective nodal Ministry portal or e-Gazette portal.
RULE-0117,"bureau of indian standard (conformity assessment) regulations, 2018",404_NOT_FOUND,https://www.indiacode.nic.in,"Retrieve Gazette publication of bureau of indian standard (conformity assessment) regulations, 2018 from the respective nodal Ministry portal or e-Gazette portal."
RULE-0118,"bureau of indian standard (conformity assessment) regulations,2018",404_NOT_FOUND,https://www.indiacode.nic.in,"Retrieve Gazette publication of bureau of indian standard (conformity assessment) regulations,2018 from the respective nodal Ministry portal or e-Gazette portal."
RULE-0119,"bureau of indian standard(conformity assessment) regulations, 2018",404_NOT_FOUND,https://www.indiacode.nic.in,"Retrieve Gazette publication of bureau of indian standard(conformity assessment) regulations, 2018 from the respective nodal Ministry portal or e-Gazette portal."
RULE-0120,"bureau of indian standards (conformity assessment)regulations,2018",404_NOT_FOUND,https://www.indiacode.nic.in,"Retrieve Gazette publication of bureau of indian standards (conformity assessment)regulations,2018 from the respective nodal Ministry portal or e-Gazette portal."
RULE-0121,"bureau of indian stds (conformity assessment) regulations,2018",404_NOT_FOUND,https://www.indiacode.nic.in,"Retrieve Gazette publication of bureau of indian stds (conformity assessment) regulations,2018 from the respective nodal Ministry portal or e-Gazette portal."
RULE-0122,by the commissioner of customs-refer petroleum rules 2002,404_NOT_FOUND,https://www.indiacode.nic.in,Retrieve Gazette publication of by the commissioner of customs-refer petroleum rules 2002 from the respective nodal Ministry portal or e-Gazette portal.
RULE-0123,"c Of Schedule-I Of Environment Protection Rules, 1986",404_NOT_FOUND,https://www.indiacode.nic.in,"Retrieve Gazette publication of c Of Schedule-I Of Environment Protection Rules, 1986 from the respective nodal Ministry portal or e-Gazette portal."
RULE-0124,"c of schedule-i of environment protection rules, 1986",404_NOT_FOUND,https://www.indiacode.nic.in,"Retrieve Gazette publication of c of schedule-i of environment protection rules, 1986 from the respective nodal Ministry portal or e-Gazette portal."
RULE-0125,"ca) regulations, 2018",404_NOT_FOUND,https://www.indiacode.nic.in,"Retrieve Gazette publication of ca) regulations, 2018 from the respective nodal Ministry portal or e-Gazette portal."
RULE-0126,calcium carbide rules 1987,404_NOT_FOUND,https://www.indiacode.nic.in,Retrieve Gazette publication of calcium carbide rules 1987 from the respective nodal Ministry portal or e-Gazette portal.
RULE-0127,"control) amendment rules, 2014",404_NOT_FOUND,https://www.indiacode.nic.in,"Retrieve Gazette publication of control) amendment rules, 2014 from the respective nodal Ministry portal or e-Gazette portal."
RULE-0128,control) rules 2000,404_NOT_FOUND,https://www.indiacode.nic.in,Retrieve Gazette publication of control) rules 2000 from the respective nodal Ministry portal or e-Gazette portal.
RULE-0129,"control) rules, 2000",404_NOT_FOUND,https://www.indiacode.nic.in,"Retrieve Gazette publication of control) rules, 2000 from the respective nodal Ministry portal or e-Gazette portal."
RULE-0130,e-Waste Management Rules 2022,404_NOT_FOUND,https://www.indiacode.nic.in,Retrieve Gazette publication of e-Waste Management Rules 2022 from the respective nodal Ministry portal or e-Gazette portal.
RULE-0131,"e-Waste Management Rules, 2022",404_NOT_FOUND,https://www.indiacode.nic.in,"Retrieve Gazette publication of e-Waste Management Rules, 2022 from the respective nodal Ministry portal or e-Gazette portal."
RULE-0132,"e-waste (management) rules, 2016",404_NOT_FOUND,https://www.indiacode.nic.in,"Retrieve Gazette publication of e-waste (management) rules, 2016 from the respective nodal Ministry portal or e-Gazette portal."
RULE-0133,"e-waste manegement rules, 2022",404_NOT_FOUND,https://www.indiacode.nic.in,"Retrieve Gazette publication of e-waste manegement rules, 2022 from the respective nodal Ministry portal or e-Gazette portal."
RULE-0134,"food safety standards (fss) (import) regulations, 2017",404_NOT_FOUND,https://www.indiacode.nic.in,"Retrieve Gazette publication of food safety standards (fss) (import) regulations, 2017 from the respective nodal Ministry portal or e-Gazette portal."
RULE-0135,"gas cylinder rules, 2016",404_NOT_FOUND,https://www.indiacode.nic.in,"Retrieve Gazette publication of gas cylinder rules, 2016 from the respective nodal Ministry portal or e-Gazette portal."
RULE-0136,"gas cylinder rules,2016",404_NOT_FOUND,https://www.indiacode.nic.in,"Retrieve Gazette publication of gas cylinder rules,2016 from the respective nodal Ministry portal or e-Gazette portal."
RULE-0137,"has been provided under reg of FSS (Import) Regulations, 2017",404_NOT_FOUND,https://www.indiacode.nic.in,"Retrieve Gazette publication of has been provided under reg of FSS (Import) Regulations, 2017 from the respective nodal Ministry portal or e-Gazette portal."
RULE-0138,"hazardous waste management rules, 2016",404_NOT_FOUND,https://www.indiacode.nic.in,"Retrieve Gazette publication of hazardous waste management rules, 2016 from the respective nodal Ministry portal or e-Gazette portal."
RULE-0139,i in Schedule-Ii to the BIS (ca) regulations 2018,404_NOT_FOUND,https://www.indiacode.nic.in,Retrieve Gazette publication of i in Schedule-Ii to the BIS (ca) regulations 2018 from the respective nodal Ministry portal or e-Gazette portal.
RULE-0140,i of Schedule-Ii to BIS (ca) regulations 2018,404_NOT_FOUND,https://www.indiacode.nic.in,Retrieve Gazette publication of i of Schedule-Ii to BIS (ca) regulations 2018 from the respective nodal Ministry portal or e-Gazette portal.
RULE-0141,"i of Schedule-Ii to BIS (ca) regulations, 2018",404_NOT_FOUND,https://www.indiacode.nic.in,"Retrieve Gazette publication of i of Schedule-Ii to BIS (ca) regulations, 2018 from the respective nodal Ministry portal or e-Gazette portal."
RULE-0142,"i of Schedule-Ii to BIS (conformity assessment) regulations, 2018",404_NOT_FOUND,https://www.indiacode.nic.in,"Retrieve Gazette publication of i of Schedule-Ii to BIS (conformity assessment) regulations, 2018 from the respective nodal Ministry portal or e-Gazette portal."
RULE-0143,i of Schedule-Ii to the BIS (ca) regulations 2018,404_NOT_FOUND,https://www.indiacode.nic.in,Retrieve Gazette publication of i of Schedule-Ii to the BIS (ca) regulations 2018 from the respective nodal Ministry portal or e-Gazette portal.
RULE-0144,"i of Schedule-Ii to the BIS (ca) regulations, 2018",404_NOT_FOUND,https://www.indiacode.nic.in,"Retrieve Gazette publication of i of Schedule-Ii to the BIS (ca) regulations, 2018 from the respective nodal Ministry portal or e-Gazette portal."
RULE-0145,i of Schedule-Ii to the BIS(ca) regulations 2018,404_NOT_FOUND,https://www.indiacode.nic.in,Retrieve Gazette publication of i of Schedule-Ii to the BIS(ca) regulations 2018 from the respective nodal Ministry portal or e-Gazette portal.
RULE-0146,"i of Schedule-Ii to the BIS(ca) regulations, 2018",404_NOT_FOUND,https://www.indiacode.nic.in,"Retrieve Gazette publication of i of Schedule-Ii to the BIS(ca) regulations, 2018 from the respective nodal Ministry portal or e-Gazette portal."
RULE-0147,i of Schedule-Ii to the BIS(ca)regulations 2018,404_NOT_FOUND,https://www.indiacode.nic.in,Retrieve Gazette publication of i of Schedule-Ii to the BIS(ca)regulations 2018 from the respective nodal Ministry portal or e-Gazette portal.
RULE-0148,"i of schedule-ii of BIS (conformity assessment) regulations, 2018",404_NOT_FOUND,https://www.indiacode.nic.in,"Retrieve Gazette publication of i of schedule-ii of BIS (conformity assessment) regulations, 2018 from the respective nodal Ministry portal or e-Gazette portal."
RULE-0149,"i of schedule-ii of the bureau of ind stds (ca) regulations, 2018",404_NOT_FOUND,https://www.indiacode.nic.in,"Retrieve Gazette publication of i of schedule-ii of the bureau of ind stds (ca) regulations, 2018 from the respective nodal Ministry portal or e-Gazette portal."
RULE-0150,"i of schedule-ii of thebis(confrmity assessment)regulations,2018",404_NOT_FOUND,https://www.indiacode.nic.in,"Retrieve Gazette publication of i of schedule-ii of thebis(confrmity assessment)regulations,2018 from the respective nodal Ministry portal or e-Gazette portal."
RULE-0151,"i of scheduleii of the bureau of ind stds (ca) regulations,2018",404_NOT_FOUND,https://www.indiacode.nic.in,"Retrieve Gazette publication of i of scheduleii of the bureau of ind stds (ca) regulations,2018 from the respective nodal Ministry portal or e-Gazette portal."
RULE-0152,ii of the BIS (ca) regulations 2018,404_NOT_FOUND,https://www.indiacode.nic.in,Retrieve Gazette publication of ii of the BIS (ca) regulations 2018 from the respective nodal Ministry portal or e-Gazette portal.
RULE-0153,"ii of the plastic waste management (amendment) rules, 2022",404_NOT_FOUND,https://www.indiacode.nic.in,"Retrieve Gazette publication of ii of the plastic waste management (amendment) rules, 2022 from the respective nodal Ministry portal or e-Gazette portal."
RULE-0154,ii to the BIS (ca) regulations 2018,404_NOT_FOUND,https://www.indiacode.nic.in,Retrieve Gazette publication of ii to the BIS (ca) regulations 2018 from the respective nodal Ministry portal or e-Gazette portal.
RULE-0155,ii to the BIS(ca) regulations 2018,404_NOT_FOUND,https://www.indiacode.nic.in,Retrieve Gazette publication of ii to the BIS(ca) regulations 2018 from the respective nodal Ministry portal or e-Gazette portal.
RULE-0156,"in polyvinyl chloride (pvc) pipes and fittings rules, 2021",404_NOT_FOUND,https://www.indiacode.nic.in,"Retrieve Gazette publication of in polyvinyl chloride (pvc) pipes and fittings rules, 2021 from the respective nodal Ministry portal or e-Gazette portal."
RULE-0157,in the applicable schedule-ii under the BIS(ca) regulations 2018,404_NOT_FOUND,https://www.indiacode.nic.in,Retrieve Gazette publication of in the applicable schedule-ii under the BIS(ca) regulations 2018 from the respective nodal Ministry portal or e-Gazette portal.
RULE-0158,"indian telegraph (amendment) rules, 2017",404_NOT_FOUND,https://www.indiacode.nic.in,"Retrieve Gazette publication of indian telegraph (amendment) rules, 2017 from the respective nodal Ministry portal or e-Gazette portal."
RULE-0159,integrated declaration and paperless processing) regulations 2018,404_NOT_FOUND,https://www.indiacode.nic.in,Retrieve Gazette publication of integrated declaration and paperless processing) regulations 2018 from the respective nodal Ministry portal or e-Gazette portal.
RULE-0160,iv of Schedule-Ii to the BIS(ca) regulations 2018,404_NOT_FOUND,https://www.indiacode.nic.in,Retrieve Gazette publication of iv of Schedule-Ii to the BIS(ca) regulations 2018 from the respective nodal Ministry portal or e-Gazette portal.
RULE-0161,"iv of schedule-ii of BIS (conformity assessment) regulations, 2018",404_NOT_FOUND,https://www.indiacode.nic.in,"Retrieve Gazette publication of iv of schedule-ii of BIS (conformity assessment) regulations, 2018 from the respective nodal Ministry portal or e-Gazette portal."
RULE-0162,licence from bureau as per scheme ii of BIS(ca) regulations 2018,404_NOT_FOUND,https://www.indiacode.nic.in,Retrieve Gazette publication of licence from bureau as per scheme ii of BIS(ca) regulations 2018 from the respective nodal Ministry portal or e-Gazette portal.
RULE-0163,license as per Scheme-I of Schedule-II of BIS(CA) Regulations 2018,404_NOT_FOUND,https://www.indiacode.nic.in,Retrieve Gazette publication of license as per Scheme-I of Schedule-II of BIS(CA) Regulations 2018 from the respective nodal Ministry portal or e-Gazette portal.
RULE-0164,"management, handling and transboundary movement) rules 2016",404_NOT_FOUND,https://www.indiacode.nic.in,"Retrieve Gazette publication of management, handling and transboundary movement) rules 2016 from the respective nodal Ministry portal or e-Gazette portal."
RULE-0165,"moci on relaxations provided under gas cylinders rules, 2016",404_NOT_FOUND,https://www.indiacode.nic.in,"Retrieve Gazette publication of moci on relaxations provided under gas cylinders rules, 2016 from the respective nodal Ministry portal or e-Gazette portal."
RULE-0166,"moci on relaxations provided under gas cylinders rules,2016",404_NOT_FOUND,https://www.indiacode.nic.in,"Retrieve Gazette publication of moci on relaxations provided under gas cylinders rules,2016 from the respective nodal Ministry portal or e-Gazette portal."
RULE-0167,of AN Rules 2012,404_NOT_FOUND,https://www.indiacode.nic.in,Retrieve Gazette publication of of AN Rules 2012 from the respective nodal Ministry portal or e-Gazette portal.
RULE-0168,"of Central Motor Vehicle Rules, 1989",404_NOT_FOUND,https://www.indiacode.nic.in,"Retrieve Gazette publication of of Central Motor Vehicle Rules, 1989 from the respective nodal Ministry portal or e-Gazette portal."
RULE-0169,of Explosive Rules 2008,404_NOT_FOUND,https://www.indiacode.nic.in,Retrieve Gazette publication of of Explosive Rules 2008 from the respective nodal Ministry portal or e-Gazette portal.
RULE-0170,"of Explosive Rules, 2008",404_NOT_FOUND,https://www.indiacode.nic.in,"Retrieve Gazette publication of of Explosive Rules, 2008 from the respective nodal Ministry portal or e-Gazette portal."
RULE-0171,"of Explosives under the Ammonium Nitrate Rules, 2012",404_NOT_FOUND,https://www.indiacode.nic.in,"Retrieve Gazette publication of of Explosives under the Ammonium Nitrate Rules, 2012 from the respective nodal Ministry portal or e-Gazette portal."
RULE-0172,"of FSS (Import) Regulations, 2017",404_NOT_FOUND,https://www.indiacode.nic.in,"Retrieve Gazette publication of of FSS (Import) Regulations, 2017 from the respective nodal Ministry portal or e-Gazette portal."
RULE-0173,"of FSS (Import) regulations, 2017",404_NOT_FOUND,https://www.indiacode.nic.in,"Retrieve Gazette publication of of FSS (Import) regulations, 2017 from the respective nodal Ministry portal or e-Gazette portal."
RULE-0174,"of FSS (import) Regulations, 2017",404_NOT_FOUND,https://www.indiacode.nic.in,"Retrieve Gazette publication of of FSS (import) Regulations, 2017 from the respective nodal Ministry portal or e-Gazette portal."
RULE-0175,"of FSS (import) regulations, 2017",404_NOT_FOUND,https://www.indiacode.nic.in,"Retrieve Gazette publication of of FSS (import) regulations, 2017 from the respective nodal Ministry portal or e-Gazette portal."
RULE-0176,of HWM Rules 2016,404_NOT_FOUND,https://www.indiacode.nic.in,Retrieve Gazette publication of of HWM Rules 2016 from the respective nodal Ministry portal or e-Gazette portal.
RULE-0177,"of ITC HS schedule, the Import of Cigarette or Any Other Tobacco Product shall be subject to the provisions contained in the Cigarettes and other Tobacco Products (Packaging and Labelling) amendment rules, 2022",404_NOT_FOUND,https://www.indiacode.nic.in,"Retrieve Gazette publication of of ITC HS schedule, the Import of Cigarette or Any Other Tobacco Product shall be subject to the provisions contained in the Cigarettes and other Tobacco Products (Packaging and Labelling) amendment rules, 2022 from the respective nodal Ministry portal or e-Gazette portal."
RULE-0178,"of ITC HS schedule, the Import of Cigarette or any Other Tobacco Product shall be subject to the provisions contained in the Cigarettes and other Tobacco Products (Packaging and Labelling) amendment rules, 2022",404_NOT_FOUND,https://www.indiacode.nic.in,"Retrieve Gazette publication of of ITC HS schedule, the Import of Cigarette or any Other Tobacco Product shall be subject to the provisions contained in the Cigarettes and other Tobacco Products (Packaging and Labelling) amendment rules, 2022 from the respective nodal Ministry portal or e-Gazette portal."
RULE-0179,"of ITC HS schedule, the Import of Cigarette or any other Tobacco Product shall be subject to the provisions contained in the Cigarettes and other Tobacco Products (Packaging and Labelling) amendment rules, 2022",404_NOT_FOUND,https://www.indiacode.nic.in,"Retrieve Gazette publication of of ITC HS schedule, the Import of Cigarette or any other Tobacco Product shall be subject to the provisions contained in the Cigarettes and other Tobacco Products (Packaging and Labelling) amendment rules, 2022 from the respective nodal Ministry portal or e-Gazette portal."
RULE-0180,"of ITC HS schedule, the Import of Cigarette or any other tobacco product shall be subject to the provisions contained in the Cigarettes and other Tobacco Products (Packaging and Labelling) Amendment Rules, 2022",404_NOT_FOUND,https://www.indiacode.nic.in,"Retrieve Gazette publication of of ITC HS schedule, the Import of Cigarette or any other tobacco product shall be subject to the provisions contained in the Cigarettes and other Tobacco Products (Packaging and Labelling) Amendment Rules, 2022 from the respective nodal Ministry portal or e-Gazette portal."
RULE-0181,"of ITC HS schedule, the import of cigarette or any other tobacco product shall be subject to the provisions contained in the cigarettes and other tobacco products (packaging and labelling) amendment rules, 2022",404_NOT_FOUND,https://www.indiacode.nic.in,"Retrieve Gazette publication of of ITC HS schedule, the import of cigarette or any other tobacco product shall be subject to the provisions contained in the cigarettes and other tobacco products (packaging and labelling) amendment rules, 2022 from the respective nodal Ministry portal or e-Gazette portal."
RULE-0182,of Indian Standards (Conformity Assessment) Regulations 2018,404_NOT_FOUND,https://www.indiacode.nic.in,Retrieve Gazette publication of of Indian Standards (Conformity Assessment) Regulations 2018 from the respective nodal Ministry portal or e-Gazette portal.
RULE-0183,"of Indian Standards (Conformity Assessment) Regulations, 2018",404_NOT_FOUND,https://www.indiacode.nic.in,"Retrieve Gazette publication of of Indian Standards (Conformity Assessment) Regulations, 2018 from the respective nodal Ministry portal or e-Gazette portal."
RULE-0184,"of Indian standards (Conformity Assessment) Regulations, 2018",404_NOT_FOUND,https://www.indiacode.nic.in,"Retrieve Gazette publication of of Indian standards (Conformity Assessment) Regulations, 2018 from the respective nodal Ministry portal or e-Gazette portal."
RULE-0185,of Insecticides Rules 1971,404_NOT_FOUND,https://www.indiacode.nic.in,Retrieve Gazette publication of of Insecticides Rules 1971 from the respective nodal Ministry portal or e-Gazette portal.
RULE-0186,"of Insecticides Rules, 1971",404_NOT_FOUND,https://www.indiacode.nic.in,"Retrieve Gazette publication of of Insecticides Rules, 1971 from the respective nodal Ministry portal or e-Gazette portal."
RULE-0187,"of Insecticides Rules,1971",404_NOT_FOUND,https://www.indiacode.nic.in,"Retrieve Gazette publication of of Insecticides Rules,1971 from the respective nodal Ministry portal or e-Gazette portal."
RULE-0188,"of LM(General) Rules, 2011",404_NOT_FOUND,https://www.indiacode.nic.in,"Retrieve Gazette publication of of LM(General) Rules, 2011 from the respective nodal Ministry portal or e-Gazette portal."
RULE-0189,"of Licence granted under Ammonium Nitrate (AN) Rules, 2012",404_NOT_FOUND,https://www.indiacode.nic.in,"Retrieve Gazette publication of of Licence granted under Ammonium Nitrate (AN) Rules, 2012 from the respective nodal Ministry portal or e-Gazette portal."
RULE-0190,of PWM(Amend) Rules 2022,404_NOT_FOUND,https://www.indiacode.nic.in,Retrieve Gazette publication of of PWM(Amend) Rules 2022 from the respective nodal Ministry portal or e-Gazette portal.
RULE-0191,"of Project Import Regulations, 1986",404_NOT_FOUND,https://www.indiacode.nic.in,"Retrieve Gazette publication of of Project Import Regulations, 1986 from the respective nodal Ministry portal or e-Gazette portal."
RULE-0192,"of SEZ Rules, 2006",404_NOT_FOUND,https://www.indiacode.nic.in,"Retrieve Gazette publication of of SEZ Rules, 2006 from the respective nodal Ministry portal or e-Gazette portal."
RULE-0193,of Schd-II of PWM(Amend) Rules 2022,404_NOT_FOUND,https://www.indiacode.nic.in,Retrieve Gazette publication of of Schd-II of PWM(Amend) Rules 2022 from the respective nodal Ministry portal or e-Gazette portal.
RULE-0194,"of Schedule II of the BIS (CA) Regulations, 2018",404_NOT_FOUND,https://www.indiacode.nic.in,"Retrieve Gazette publication of of Schedule II of the BIS (CA) Regulations, 2018 from the respective nodal Ministry portal or e-Gazette portal."
RULE-0195,"of Schedule II of the BIS (Conformity Assessment) Regulations, 2018",404_NOT_FOUND,https://www.indiacode.nic.in,"Retrieve Gazette publication of of Schedule II of the BIS (Conformity Assessment) Regulations, 2018 from the respective nodal Ministry portal or e-Gazette portal."
RULE-0196,"of Schedule II to the BIS (CA) Regulations, 2018",404_NOT_FOUND,https://www.indiacode.nic.in,"Retrieve Gazette publication of of Schedule II to the BIS (CA) Regulations, 2018 from the respective nodal Ministry portal or e-Gazette portal."
RULE-0197,of Schedule II to the BIS(CA) Regulations 2018,404_NOT_FOUND,https://www.indiacode.nic.in,Retrieve Gazette publication of of Schedule II to the BIS(CA) Regulations 2018 from the respective nodal Ministry portal or e-Gazette portal.
RULE-0198,of Schedule-II Of the BIS(Conformity Assessment) Regulations 2018,404_NOT_FOUND,https://www.indiacode.nic.in,Retrieve Gazette publication of of Schedule-II Of the BIS(Conformity Assessment) Regulations 2018 from the respective nodal Ministry portal or e-Gazette portal.
RULE-0199,of Schedule-II of BIS (CA) Regulations 2018,404_NOT_FOUND,https://www.indiacode.nic.in,Retrieve Gazette publication of of Schedule-II of BIS (CA) Regulations 2018 from the respective nodal Ministry portal or e-Gazette portal.
RULE-0200,"of Schedule-II of the BIS (Conformity Assessment) Regulations, 2018",404_NOT_FOUND,https://www.indiacode.nic.in,"Retrieve Gazette publication of of Schedule-II of the BIS (Conformity Assessment) Regulations, 2018 from the respective nodal Ministry portal or e-Gazette portal."
RULE-0201,of Schedule-II of the BIS(CA) REGULATIONS 2018,404_NOT_FOUND,https://www.indiacode.nic.in,Retrieve Gazette publication of of Schedule-II of the BIS(CA) REGULATIONS 2018 from the respective nodal Ministry portal or e-Gazette portal.
RULE-0202,"of Schedule-II of the BIS(Conformity Assessment) Regulations, 2018",404_NOT_FOUND,https://www.indiacode.nic.in,"Retrieve Gazette publication of of Schedule-II of the BIS(Conformity Assessment) Regulations, 2018 from the respective nodal Ministry portal or e-Gazette portal."
RULE-0203,of Schedule-II to the BIS(CA)Regulations 2018,404_NOT_FOUND,https://www.indiacode.nic.in,Retrieve Gazette publication of of Schedule-II to the BIS(CA)Regulations 2018 from the respective nodal Ministry portal or e-Gazette portal.
RULE-0204,"of Schedule-Ii to the BIS (conformity assessment) regulations, 2018",404_NOT_FOUND,https://www.indiacode.nic.in,"Retrieve Gazette publication of of Schedule-Ii to the BIS (conformity assessment) regulations, 2018 from the respective nodal Ministry portal or e-Gazette portal."
RULE-0205,"of amendments made in the pwm(second amendment) rules, 2023",404_NOT_FOUND,https://www.indiacode.nic.in,"Retrieve Gazette publication of of amendments made in the pwm(second amendment) rules, 2023 from the respective nodal Ministry portal or e-Gazette portal."
RULE-0206,of battery waste management (amendment) rules 2023,404_NOT_FOUND,https://www.indiacode.nic.in,Retrieve Gazette publication of of battery waste management (amendment) rules 2023 from the respective nodal Ministry portal or e-Gazette portal.
RULE-0207,"of battery waste management (amendment) rules, 2023",404_NOT_FOUND,https://www.indiacode.nic.in,"Retrieve Gazette publication of of battery waste management (amendment) rules, 2023 from the respective nodal Ministry portal or e-Gazette portal."
RULE-0208,"of gas cylinder rules, 2016",404_NOT_FOUND,https://www.indiacode.nic.in,"Retrieve Gazette publication of of gas cylinder rules, 2016 from the respective nodal Ministry portal or e-Gazette portal."
RULE-0209,of indian standards (conformity assessment) regulations 2018,404_NOT_FOUND,https://www.indiacode.nic.in,Retrieve Gazette publication of of indian standards (conformity assessment) regulations 2018 from the respective nodal Ministry portal or e-Gazette portal.
RULE-0210,"of indian standards (conformity assessment) regulations, 2018",404_NOT_FOUND,https://www.indiacode.nic.in,"Retrieve Gazette publication of of indian standards (conformity assessment) regulations, 2018 from the respective nodal Ministry portal or e-Gazette portal."
RULE-0211,"of indian standards (conformity assessment) regulations,2018",404_NOT_FOUND,https://www.indiacode.nic.in,"Retrieve Gazette publication of of indian standards (conformity assessment) regulations,2018 from the respective nodal Ministry portal or e-Gazette portal."
RULE-0212,"of insecticides rules, 1971",404_NOT_FOUND,https://www.indiacode.nic.in,"Retrieve Gazette publication of of insecticides rules, 1971 from the respective nodal Ministry portal or e-Gazette portal."
RULE-0213,"of insecticides rules,1971",404_NOT_FOUND,https://www.indiacode.nic.in,"Retrieve Gazette publication of of insecticides rules,1971 from the respective nodal Ministry portal or e-Gazette portal."
RULE-0214,"of lm(general) rules, 2011",404_NOT_FOUND,https://www.indiacode.nic.in,"Retrieve Gazette publication of of lm(general) rules, 2011 from the respective nodal Ministry portal or e-Gazette portal."
RULE-0215,"of medical devices under the medical device rules, 2017",404_NOT_FOUND,https://www.indiacode.nic.in,"Retrieve Gazette publication of of medical devices under the medical device rules, 2017 from the respective nodal Ministry portal or e-Gazette portal."
RULE-0216,of petroleum rules 2002,404_NOT_FOUND,https://www.indiacode.nic.in,Retrieve Gazette publication of of petroleum rules 2002 from the respective nodal Ministry portal or e-Gazette portal.
RULE-0217,"of petroleum rules, 2002",404_NOT_FOUND,https://www.indiacode.nic.in,"Retrieve Gazette publication of of petroleum rules, 2002 from the respective nodal Ministry portal or e-Gazette portal."
RULE-0218,of schedule ii of BIS (ca) regulations 2018,404_NOT_FOUND,https://www.indiacode.nic.in,Retrieve Gazette publication of of schedule ii of BIS (ca) regulations 2018 from the respective nodal Ministry portal or e-Gazette portal.
RULE-0219,of schedule ii of BIS(ca)regulations 2018,404_NOT_FOUND,https://www.indiacode.nic.in,Retrieve Gazette publication of of schedule ii of BIS(ca)regulations 2018 from the respective nodal Ministry portal or e-Gazette portal.
RULE-0220,of schedule ii of the BIS (ca) regulations 2018,404_NOT_FOUND,https://www.indiacode.nic.in,Retrieve Gazette publication of of schedule ii of the BIS (ca) regulations 2018 from the respective nodal Ministry portal or e-Gazette portal.
RULE-0221,"of schedule ii to the BIS (conformity assessment) regulations, 2018",404_NOT_FOUND,https://www.indiacode.nic.in,"Retrieve Gazette publication of of schedule ii to the BIS (conformity assessment) regulations, 2018 from the respective nodal Ministry portal or e-Gazette portal."
RULE-0222,"of schedule-i of environment protection rules, 1986",404_NOT_FOUND,https://www.indiacode.nic.in,"Retrieve Gazette publication of of schedule-i of environment protection rules, 1986 from the respective nodal Ministry portal or e-Gazette portal."
RULE-0223,"of schedule-ii to the BIS (conformity assessment) regulations, 2018",404_NOT_FOUND,https://www.indiacode.nic.in,"Retrieve Gazette publication of of schedule-ii to the BIS (conformity assessment) regulations, 2018 from the respective nodal Ministry portal or e-Gazette portal."
RULE-0224,of schedule-ii tobis(ca) regulations 2018,404_NOT_FOUND,https://www.indiacode.nic.in,Retrieve Gazette publication of of schedule-ii tobis(ca) regulations 2018 from the respective nodal Ministry portal or e-Gazette portal.
RULE-0225,"of scheduleii of the BIS (conformity assessment) regulations,2018",404_NOT_FOUND,https://www.indiacode.nic.in,"Retrieve Gazette publication of of scheduleii of the BIS (conformity assessment) regulations,2018 from the respective nodal Ministry portal or e-Gazette portal."
RULE-0226,"of scheduleii of the bureau of ind stds (ca) regulations, 2018",404_NOT_FOUND,https://www.indiacode.nic.in,"Retrieve Gazette publication of of scheduleii of the bureau of ind stds (ca) regulations, 2018 from the respective nodal Ministry portal or e-Gazette portal."
RULE-0227,of the Ozone Depleting Substances(ODS) Rules 2000,404_NOT_FOUND,https://www.indiacode.nic.in,Retrieve Gazette publication of of the Ozone Depleting Substances(ODS) Rules 2000 from the respective nodal Ministry portal or e-Gazette portal.
RULE-0228,"of the Ozone Depleting Substances(ODS) Rules, 2000",404_NOT_FOUND,https://www.indiacode.nic.in,"Retrieve Gazette publication of of the Ozone Depleting Substances(ODS) Rules, 2000 from the respective nodal Ministry portal or e-Gazette portal."
RULE-0229,"of the Plastic Waste Management (Amendment) Rules, 2022",404_NOT_FOUND,https://www.indiacode.nic.in,"Retrieve Gazette publication of of the Plastic Waste Management (Amendment) Rules, 2022 from the respective nodal Ministry portal or e-Gazette portal."
RULE-0230,"of the Special Economic Zones (SEZ) Rules, 2006",404_NOT_FOUND,https://www.indiacode.nic.in,"Retrieve Gazette publication of of the Special Economic Zones (SEZ) Rules, 2006 from the respective nodal Ministry portal or e-Gazette portal."
RULE-0231,"of the ods rules, 2000",404_NOT_FOUND,https://www.indiacode.nic.in,"Retrieve Gazette publication of of the ods rules, 2000 from the respective nodal Ministry portal or e-Gazette portal."
RULE-0232,"of the ozone depleting substances(ods) rules, 2000",404_NOT_FOUND,https://www.indiacode.nic.in,"Retrieve Gazette publication of of the ozone depleting substances(ods) rules, 2000 from the respective nodal Ministry portal or e-Gazette portal."
RULE-0233,"of the plastic waste management (Amendment) rules, 2022",404_NOT_FOUND,https://www.indiacode.nic.in,"Retrieve Gazette publication of of the plastic waste management (Amendment) rules, 2022 from the respective nodal Ministry portal or e-Gazette portal."
RULE-0234,"of the plastic waste management (amendment) rules, 2022",404_NOT_FOUND,https://www.indiacode.nic.in,"Retrieve Gazette publication of of the plastic waste management (amendment) rules, 2022 from the respective nodal Ministry portal or e-Gazette portal."
RULE-0235,"of the pwm (amendment) rules, 2022",404_NOT_FOUND,https://www.indiacode.nic.in,"Retrieve Gazette publication of of the pwm (amendment) rules, 2022 from the respective nodal Ministry portal or e-Gazette portal."
RULE-0236,"on relaxations provided under gas cylinders rules, 2016",404_NOT_FOUND,https://www.indiacode.nic.in,"Retrieve Gazette publication of on relaxations provided under gas cylinders rules, 2016 from the respective nodal Ministry portal or e-Gazette portal."
RULE-0237,"per the requirement of FSS (Labeling And Display) Regulations, 2020",404_NOT_FOUND,https://www.indiacode.nic.in,"Retrieve Gazette publication of per the requirement of FSS (Labeling And Display) Regulations, 2020 from the respective nodal Ministry portal or e-Gazette portal."
RULE-0238,"per the requirement of FSS (Labeling and Display) Regulations, 2020",404_NOT_FOUND,https://www.indiacode.nic.in,"Retrieve Gazette publication of per the requirement of FSS (Labeling and Display) Regulations, 2020 from the respective nodal Ministry portal or e-Gazette portal."
RULE-0239,"per the requirement of FSS (Labeling and Display) regulations, 2020",404_NOT_FOUND,https://www.indiacode.nic.in,"Retrieve Gazette publication of per the requirement of FSS (Labeling and Display) regulations, 2020 from the respective nodal Ministry portal or e-Gazette portal."
RULE-0240,"per the requirement of FSS (labeling and Display) Regulations, 2020",404_NOT_FOUND,https://www.indiacode.nic.in,"Retrieve Gazette publication of per the requirement of FSS (labeling and Display) Regulations, 2020 from the respective nodal Ministry portal or e-Gazette portal."
RULE-0241,"per the requirement of FSS (labeling and display) Regulations, 2020",404_NOT_FOUND,https://www.indiacode.nic.in,"Retrieve Gazette publication of per the requirement of FSS (labeling and display) Regulations, 2020 from the respective nodal Ministry portal or e-Gazette portal."
RULE-0242,"per the requirement of FSS (labeling and display) regulations, 2020",404_NOT_FOUND,https://www.indiacode.nic.in,"Retrieve Gazette publication of per the requirement of FSS (labeling and display) regulations, 2020 from the respective nodal Ministry portal or e-Gazette portal."
RULE-0243,petroleum rules 2002,404_NOT_FOUND,https://www.indiacode.nic.in,Retrieve Gazette publication of petroleum rules 2002 from the respective nodal Ministry portal or e-Gazette portal.
RULE-0244,"plastic waste management (Amendment) rules, 2022",404_NOT_FOUND,https://www.indiacode.nic.in,"Retrieve Gazette publication of plastic waste management (Amendment) rules, 2022 from the respective nodal Ministry portal or e-Gazette portal."
RULE-0245,"plastic waste management (Second Amendment) rules, 2023",404_NOT_FOUND,https://www.indiacode.nic.in,"Retrieve Gazette publication of plastic waste management (Second Amendment) rules, 2023 from the respective nodal Ministry portal or e-Gazette portal."
RULE-0246,"plastic waste management (amendment) rules, 2022",404_NOT_FOUND,https://www.indiacode.nic.in,"Retrieve Gazette publication of plastic waste management (amendment) rules, 2022 from the respective nodal Ministry portal or e-Gazette portal."
RULE-0247,"plastic waste management (second amendment) rules, 2023",404_NOT_FOUND,https://www.indiacode.nic.in,"Retrieve Gazette publication of plastic waste management (second amendment) rules, 2023 from the respective nodal Ministry portal or e-Gazette portal."
RULE-0248,"products (packaging and labelling) amendment rules, 2022",404_NOT_FOUND,https://www.indiacode.nic.in,"Retrieve Gazette publication of products (packaging and labelling) amendment rules, 2022 from the respective nodal Ministry portal or e-Gazette portal."
RULE-0249,"provisions of the plastic waste management rules, 2016",404_NOT_FOUND,https://www.indiacode.nic.in,"Retrieve Gazette publication of provisions of the plastic waste management rules, 2016 from the respective nodal Ministry portal or e-Gazette portal."
RULE-0250,"purposes as per Chapter VII-A of the NDPS Rules, 1985",404_NOT_FOUND,https://www.indiacode.nic.in,"Retrieve Gazette publication of purposes as per Chapter VII-A of the NDPS Rules, 1985 from the respective nodal Ministry portal or e-Gazette portal."
RULE-0251,"purposes as per chapter vii-a of the NDPS Rules, 1985",404_NOT_FOUND,https://www.indiacode.nic.in,"Retrieve Gazette publication of purposes as per chapter vii-a of the NDPS Rules, 1985 from the respective nodal Ministry portal or e-Gazette portal."
RULE-0252,"purposes as per chapter vii-a of the NDPS rules, 1985",404_NOT_FOUND,https://www.indiacode.nic.in,"Retrieve Gazette publication of purposes as per chapter vii-a of the NDPS rules, 1985 from the respective nodal Ministry portal or e-Gazette portal."
RULE-0253,"purposes as per chapter vii-a of the NDPS rules,1985",404_NOT_FOUND,https://www.indiacode.nic.in,"Retrieve Gazette publication of purposes as per chapter vii-a of the NDPS rules,1985 from the respective nodal Ministry portal or e-Gazette portal."
RULE-0254,"pwm (amendment) rules, 2022",404_NOT_FOUND,https://www.indiacode.nic.in,"Retrieve Gazette publication of pwm (amendment) rules, 2022 from the respective nodal Ministry portal or e-Gazette portal."
RULE-0255,"read with PLI Rules, 1991",404_NOT_FOUND,https://www.indiacode.nic.in,"Retrieve Gazette publication of read with PLI Rules, 1991 from the respective nodal Ministry portal or e-Gazette portal."
RULE-0256,"read with denaturing of spirit rules,1972",404_NOT_FOUND,https://www.indiacode.nic.in,"Retrieve Gazette publication of read with denaturing of spirit rules,1972 from the respective nodal Ministry portal or e-Gazette portal."
RULE-0257,ref indian telegraph (amendment) rules 2017,404_NOT_FOUND,https://www.indiacode.nic.in,Retrieve Gazette publication of ref indian telegraph (amendment) rules 2017 from the respective nodal Ministry portal or e-Gazette portal.
RULE-0258,"ref indian telegraph (amendment) rules, 2017",404_NOT_FOUND,https://www.indiacode.nic.in,"Retrieve Gazette publication of ref indian telegraph (amendment) rules, 2017 from the respective nodal Ministry portal or e-Gazette portal."
RULE-0259,"schedule ii of the BIS (ca) regulations, 2018",404_NOT_FOUND,https://www.indiacode.nic.in,"Retrieve Gazette publication of schedule ii of the BIS (ca) regulations, 2018 from the respective nodal Ministry portal or e-Gazette portal."
RULE-0260,scheme i of schedule ii of the BIS (ca) regulations 2018,404_NOT_FOUND,https://www.indiacode.nic.in,Retrieve Gazette publication of scheme i of schedule ii of the BIS (ca) regulations 2018 from the respective nodal Ministry portal or e-Gazette portal.
RULE-0261,"scheme i of schedule ii of the BIS (ca) regulations, 2018",404_NOT_FOUND,https://www.indiacode.nic.in,"Retrieve Gazette publication of scheme i of schedule ii of the BIS (ca) regulations, 2018 from the respective nodal Ministry portal or e-Gazette portal."
RULE-0262,scheme i of schedule ii of thebis (ca) regulations 2018,404_NOT_FOUND,https://www.indiacode.nic.in,Retrieve Gazette publication of scheme i of schedule ii of thebis (ca) regulations 2018 from the respective nodal Ministry portal or e-Gazette portal.
RULE-0263,scheme i of schedule ii to the BIS (ca) regulations 2018,404_NOT_FOUND,https://www.indiacode.nic.in,Retrieve Gazette publication of scheme i of schedule ii to the BIS (ca) regulations 2018 from the respective nodal Ministry portal or e-Gazette portal.
RULE-0264,"scheme ii of BIS conformity assessment regulations, 2018",404_NOT_FOUND,https://www.indiacode.nic.in,"Retrieve Gazette publication of scheme ii of BIS conformity assessment regulations, 2018 from the respective nodal Ministry portal or e-Gazette portal."
RULE-0265,scheme-I of schedule-II of the BIS (CA) Regulations 2018,404_NOT_FOUND,https://www.indiacode.nic.in,Retrieve Gazette publication of scheme-I of schedule-II of the BIS (CA) Regulations 2018 from the respective nodal Ministry portal or e-Gazette portal.
RULE-0266,"scheme-i of schedule-ii of the BIS (CA) regulations, 2018",404_NOT_FOUND,https://www.indiacode.nic.in,"Retrieve Gazette publication of scheme-i of schedule-ii of the BIS (CA) regulations, 2018 from the respective nodal Ministry portal or e-Gazette portal."
RULE-0267,"scientific purposes as per CH vii-a of the NDPS rules, 1985",404_NOT_FOUND,https://www.indiacode.nic.in,"Retrieve Gazette publication of scientific purposes as per CH vii-a of the NDPS rules, 1985 from the respective nodal Ministry portal or e-Gazette portal."
RULE-0268,scientific use (NDPS rules 1985,404_NOT_FOUND,https://www.indiacode.nic.in,Retrieve Gazette publication of scientific use (NDPS rules 1985 from the respective nodal Ministry portal or e-Gazette portal.
RULE-0269,thebis (ca) regulations 2018,404_NOT_FOUND,https://www.indiacode.nic.in,Retrieve Gazette publication of thebis (ca) regulations 2018 from the respective nodal Ministry portal or e-Gazette portal.
RULE-0270,to the BIS(CA) Regulations 2018,404_NOT_FOUND,https://www.indiacode.nic.in,Retrieve Gazette publication of to the BIS(CA) Regulations 2018 from the respective nodal Ministry portal or e-Gazette portal.
RULE-0271,to the BIS(ca) regulations 2018,404_NOT_FOUND,https://www.indiacode.nic.in,Retrieve Gazette publication of to the BIS(ca) regulations 2018 from the respective nodal Ministry portal or e-Gazette portal.
RULE-0272,transboundary movement) second amendment rules 2023,404_NOT_FOUND,https://www.indiacode.nic.in,Retrieve Gazette publication of transboundary movement) second amendment rules 2023 from the respective nodal Ministry portal or e-Gazette portal.
RULE-0273,"waste (Management & Transboundry Movement) rules, 2016",404_NOT_FOUND,https://www.indiacode.nic.in,"Retrieve Gazette publication of waste (Management & Transboundry Movement) rules, 2016 from the respective nodal Ministry portal or e-Gazette portal."
RULE-0274,"waste (Management & Transboundry movement) rules, 2016",404_NOT_FOUND,https://www.indiacode.nic.in,"Retrieve Gazette publication of waste (Management & Transboundry movement) rules, 2016 from the respective nodal Ministry portal or e-Gazette portal."
RULE-0275,waste (management & transboundry movement) rules 2016,404_NOT_FOUND,https://www.indiacode.nic.in,Retrieve Gazette publication of waste (management & transboundry movement) rules 2016 from the respective nodal Ministry portal or e-Gazette portal.
RULE-0276,"waste (management & transboundry movement) rules, 2016",404_NOT_FOUND,https://www.indiacode.nic.in,"Retrieve Gazette publication of waste (management & transboundry movement) rules, 2016 from the respective nodal Ministry portal or e-Gazette portal."
RULE-0277,waste (management&transboundry movement) rules 2016,404_NOT_FOUND,https://www.indiacode.nic.in,Retrieve Gazette publication of waste (management&transboundry movement) rules 2016 from the respective nodal Ministry portal or e-Gazette portal.
RULE-0278,with Scheme I of Schedule II to the BIS(CA) Regulations 2018,404_NOT_FOUND,https://www.indiacode.nic.in,Retrieve Gazette publication of with Scheme I of Schedule II to the BIS(CA) Regulations 2018 from the respective nodal Ministry portal or e-Gazette portal.
RULE-0279,"with scheme i of schedule ii of the BIS(CA) regulations, 2018",404_NOT_FOUND,https://www.indiacode.nic.in,"Retrieve Gazette publication of with scheme i of schedule ii of the BIS(CA) regulations, 2018 from the respective nodal Ministry portal or e-Gazette portal."
RULE-0280,with scheme i of schedule ii to the BIS(ca) regulations 2018,404_NOT_FOUND,https://www.indiacode.nic.in,Retrieve Gazette publication of with scheme i of schedule ii to the BIS(ca) regulations 2018 from the respective nodal Ministry portal or e-Gazette portal.
RULE-0281,"with scheme-i of schedule-ii to the BIS (ca) regulations, 2018",404_NOT_FOUND,https://www.indiacode.nic.in,"Retrieve Gazette publication of with scheme-i of schedule-ii to the BIS (ca) regulations, 2018 from the respective nodal Ministry portal or e-Gazette portal."
RULE-0282,x in Schedule-Ii to the BIS(ca) regulations 2018,404_NOT_FOUND,https://www.indiacode.nic.in,Retrieve Gazette publication of x in Schedule-Ii to the BIS(ca) regulations 2018 from the respective nodal Ministry portal or e-Gazette portal.
BIS-QCO-0001,s.o.03(e),CAPTCHA_BLOCKED,https://dpiit.gov.in/quality-control-orders,Look up S.O. 03(e) on the DPIIT QCO portal (https://dpiit.gov.in/quality-control-orders) or Central e-Gazette (https://egazette.gov.in).
BIS-QCO-0002,s.o.1018(e),CAPTCHA_BLOCKED,https://dpiit.gov.in/quality-control-orders,Look up S.O. 1018(e) on the DPIIT QCO portal (https://dpiit.gov.in/quality-control-orders) or Central e-Gazette (https://egazette.gov.in).
BIS-QCO-0003,S.O.1045(E),CAPTCHA_BLOCKED,https://dpiit.gov.in/quality-control-orders,Look up S.O. 1045(E) on the DPIIT QCO portal (https://dpiit.gov.in/quality-control-orders) or Central e-Gazette (https://egazette.gov.in).
BIS-QCO-0004,S.O.1071(E),CAPTCHA_BLOCKED,https://dpiit.gov.in/quality-control-orders,Look up S.O. 1071(E) on the DPIIT QCO portal (https://dpiit.gov.in/quality-control-orders) or Central e-Gazette (https://egazette.gov.in).
BIS-QCO-0005,S.O.1072(E),CAPTCHA_BLOCKED,https://dpiit.gov.in/quality-control-orders,Look up S.O. 1072(E) on the DPIIT QCO portal (https://dpiit.gov.in/quality-control-orders) or Central e-Gazette (https://egazette.gov.in).
BIS-QCO-0006,S.O.1125(E),CAPTCHA_BLOCKED,https://dpiit.gov.in/quality-control-orders,Look up S.O. 1125(E) on the DPIIT QCO portal (https://dpiit.gov.in/quality-control-orders) or Central e-Gazette (https://egazette.gov.in).
BIS-QCO-0007,s.o.1128(e),CAPTCHA_BLOCKED,https://dpiit.gov.in/quality-control-orders,Look up S.O. 1128(e) on the DPIIT QCO portal (https://dpiit.gov.in/quality-control-orders) or Central e-Gazette (https://egazette.gov.in).
BIS-QCO-0008,S.O.1129 (E),CAPTCHA_BLOCKED,https://dpiit.gov.in/quality-control-orders,Look up S.O. 1129 (E) on the DPIIT QCO portal (https://dpiit.gov.in/quality-control-orders) or Central e-Gazette (https://egazette.gov.in).
BIS-QCO-0009,s.o.1142(e),CAPTCHA_BLOCKED,https://dpiit.gov.in/quality-control-orders,Look up S.O. 1142(e) on the DPIIT QCO portal (https://dpiit.gov.in/quality-control-orders) or Central e-Gazette (https://egazette.gov.in).
BIS-QCO-0010,s.o.1152(e),CAPTCHA_BLOCKED,https://dpiit.gov.in/quality-control-orders,Look up S.O. 1152(e) on the DPIIT QCO portal (https://dpiit.gov.in/quality-control-orders) or Central e-Gazette (https://egazette.gov.in).
BIS-QCO-0011,s.o.1153(e),CAPTCHA_BLOCKED,https://dpiit.gov.in/quality-control-orders,Look up S.O. 1153(e) on the DPIIT QCO portal (https://dpiit.gov.in/quality-control-orders) or Central e-Gazette (https://egazette.gov.in).
BIS-QCO-0012,S.O. 1158(e),CAPTCHA_BLOCKED,https://dpiit.gov.in/quality-control-orders,Look up S.O. 1158(e) on the DPIIT QCO portal (https://dpiit.gov.in/quality-control-orders) or Central e-Gazette (https://egazette.gov.in).
BIS-QCO-0013,so 116(e),CAPTCHA_BLOCKED,https://dpiit.gov.in/quality-control-orders,Look up S.O. 116(e) on the DPIIT QCO portal (https://dpiit.gov.in/quality-control-orders) or Central e-Gazette (https://egazette.gov.in).
BIS-QCO-0014,S.O.1203(E),CAPTCHA_BLOCKED,https://dpiit.gov.in/quality-control-orders,Look up S.O. 1203(E) on the DPIIT QCO portal (https://dpiit.gov.in/quality-control-orders) or Central e-Gazette (https://egazette.gov.in).
BIS-QCO-0015,s.o.1205,CAPTCHA_BLOCKED,https://dpiit.gov.in/quality-control-orders,Look up S.O. 1205 on the DPIIT QCO portal (https://dpiit.gov.in/quality-control-orders) or Central e-Gazette (https://egazette.gov.in).
BIS-QCO-0016,s.o.1205(e),CAPTCHA_BLOCKED,https://dpiit.gov.in/quality-control-orders,Look up S.O. 1205(e) on the DPIIT QCO portal (https://dpiit.gov.in/quality-control-orders) or Central e-Gazette (https://egazette.gov.in).
BIS-QCO-0017,s.o.1207(e),CAPTCHA_BLOCKED,https://dpiit.gov.in/quality-control-orders,Look up S.O. 1207(e) on the DPIIT QCO portal (https://dpiit.gov.in/quality-control-orders) or Central e-Gazette (https://egazette.gov.in).
BIS-QCO-0018,So 1221(E),CAPTCHA_BLOCKED,https://dpiit.gov.in/quality-control-orders,Look up S.O. 1221(E) on the DPIIT QCO portal (https://dpiit.gov.in/quality-control-orders) or Central e-Gazette (https://egazette.gov.in).
BIS-QCO-0019,S.O. 1239(e),CAPTCHA_BLOCKED,https://dpiit.gov.in/quality-control-orders,Look up S.O. 1239(e) on the DPIIT QCO portal (https://dpiit.gov.in/quality-control-orders) or Central e-Gazette (https://egazette.gov.in).
BIS-QCO-0020,S.O.1248(E),CAPTCHA_BLOCKED,https://dpiit.gov.in/quality-control-orders,Look up S.O. 1248(E) on the DPIIT QCO portal (https://dpiit.gov.in/quality-control-orders) or Central e-Gazette (https://egazette.gov.in).
BIS-QCO-0021,s.o.1307(e),CAPTCHA_BLOCKED,https://dpiit.gov.in/quality-control-orders,Look up S.O. 1307(e) on the DPIIT QCO portal (https://dpiit.gov.in/quality-control-orders) or Central e-Gazette (https://egazette.gov.in).
BIS-QCO-0022,S.O.1319(E),CAPTCHA_BLOCKED,https://dpiit.gov.in/quality-control-orders,Look up S.O. 1319(E) on the DPIIT QCO portal (https://dpiit.gov.in/quality-control-orders) or Central e-Gazette (https://egazette.gov.in).
BIS-QCO-0023,S.O.1353(E),CAPTCHA_BLOCKED,https://dpiit.gov.in/quality-control-orders,Look up S.O. 1353(E) on the DPIIT QCO portal (https://dpiit.gov.in/quality-control-orders) or Central e-Gazette (https://egazette.gov.in).
BIS-QCO-0024,S.O.1368(E),CAPTCHA_BLOCKED,https://dpiit.gov.in/quality-control-orders,Look up S.O. 1368(E) on the DPIIT QCO portal (https://dpiit.gov.in/quality-control-orders) or Central e-Gazette (https://egazette.gov.in).
BIS-QCO-0025,s.o.1377 (e),CAPTCHA_BLOCKED,https://dpiit.gov.in/quality-control-orders,Look up S.O. 1377 (e) on the DPIIT QCO portal (https://dpiit.gov.in/quality-control-orders) or Central e-Gazette (https://egazette.gov.in).
BIS-QCO-0026,s.o.1377(e),CAPTCHA_BLOCKED,https://dpiit.gov.in/quality-control-orders,Look up S.O. 1377(e) on the DPIIT QCO portal (https://dpiit.gov.in/quality-control-orders) or Central e-Gazette (https://egazette.gov.in).
BIS-QCO-0027,s.o.1389 (e),CAPTCHA_BLOCKED,https://dpiit.gov.in/quality-control-orders,Look up S.O. 1389 (e) on the DPIIT QCO portal (https://dpiit.gov.in/quality-control-orders) or Central e-Gazette (https://egazette.gov.in).
BIS-QCO-0028,S.O.1403(E),CAPTCHA_BLOCKED,https://dpiit.gov.in/quality-control-orders,Look up S.O. 1403(E) on the DPIIT QCO portal (https://dpiit.gov.in/quality-control-orders) or Central e-Gazette (https://egazette.gov.in).
BIS-QCO-0029,s.o.1421(e),CAPTCHA_BLOCKED,https://dpiit.gov.in/quality-control-orders,Look up S.O. 1421(e) on the DPIIT QCO portal (https://dpiit.gov.in/quality-control-orders) or Central e-Gazette (https://egazette.gov.in).
BIS-QCO-0030,S.O. 1422(e),CAPTCHA_BLOCKED,https://dpiit.gov.in/quality-control-orders,Look up S.O. 1422(e) on the DPIIT QCO portal (https://dpiit.gov.in/quality-control-orders) or Central e-Gazette (https://egazette.gov.in).
BIS-QCO-0031,SO1431(E),CAPTCHA_BLOCKED,https://dpiit.gov.in/quality-control-orders,Look up S.O. 1431(E) on the DPIIT QCO portal (https://dpiit.gov.in/quality-control-orders) or Central e-Gazette (https://egazette.gov.in).
BIS-QCO-0032,S.O. 1459(e),CAPTCHA_BLOCKED,https://dpiit.gov.in/quality-control-orders,Look up S.O. 1459(e) on the DPIIT QCO portal (https://dpiit.gov.in/quality-control-orders) or Central e-Gazette (https://egazette.gov.in).
BIS-QCO-0033,SO15480,CAPTCHA_BLOCKED,https://dpiit.gov.in/quality-control-orders,Look up S.O. 15480 on the DPIIT QCO portal (https://dpiit.gov.in/quality-control-orders) or Central e-Gazette (https://egazette.gov.in).
BIS-QCO-0034,SO15481,CAPTCHA_BLOCKED,https://dpiit.gov.in/quality-control-orders,Look up S.O. 15481 on the DPIIT QCO portal (https://dpiit.gov.in/quality-control-orders) or Central e-Gazette (https://egazette.gov.in).
BIS-QCO-0035,SO15482,CAPTCHA_BLOCKED,https://dpiit.gov.in/quality-control-orders,Look up S.O. 15482 on the DPIIT QCO portal (https://dpiit.gov.in/quality-control-orders) or Central e-Gazette (https://egazette.gov.in).
BIS-QCO-0036,SO15483,CAPTCHA_BLOCKED,https://dpiit.gov.in/quality-control-orders,Look up S.O. 15483 on the DPIIT QCO portal (https://dpiit.gov.in/quality-control-orders) or Central e-Gazette (https://egazette.gov.in).
BIS-QCO-0037,so 1579(e),CAPTCHA_BLOCKED,https://dpiit.gov.in/quality-control-orders,Look up S.O. 1579(e) on the DPIIT QCO portal (https://dpiit.gov.in/quality-control-orders) or Central e-Gazette (https://egazette.gov.in).
BIS-QCO-0038,s.o.1626(e),CAPTCHA_BLOCKED,https://dpiit.gov.in/quality-control-orders,Look up S.O. 1626(e) on the DPIIT QCO portal (https://dpiit.gov.in/quality-control-orders) or Central e-Gazette (https://egazette.gov.in).
BIS-QCO-0039,S.O. 1634(e),CAPTCHA_BLOCKED,https://dpiit.gov.in/quality-control-orders,Look up S.O. 1634(e) on the DPIIT QCO portal (https://dpiit.gov.in/quality-control-orders) or Central e-Gazette (https://egazette.gov.in).
BIS-QCO-0040,so 1637(e),CAPTCHA_BLOCKED,https://dpiit.gov.in/quality-control-orders,Look up S.O. 1637(e) on the DPIIT QCO portal (https://dpiit.gov.in/quality-control-orders) or Central e-Gazette (https://egazette.gov.in).
BIS-QCO-0041,S.O. 1648(E),CAPTCHA_BLOCKED,https://dpiit.gov.in/quality-control-orders,Look up S.O. 1648(E) on the DPIIT QCO portal (https://dpiit.gov.in/quality-control-orders) or Central e-Gazette (https://egazette.gov.in).
BIS-QCO-0042,s.o.1652(e),CAPTCHA_BLOCKED,https://dpiit.gov.in/quality-control-orders,Look up S.O. 1652(e) on the DPIIT QCO portal (https://dpiit.gov.in/quality-control-orders) or Central e-Gazette (https://egazette.gov.in).
BIS-QCO-0043,so 1654(e),CAPTCHA_BLOCKED,https://dpiit.gov.in/quality-control-orders,Look up S.O. 1654(e) on the DPIIT QCO portal (https://dpiit.gov.in/quality-control-orders) or Central e-Gazette (https://egazette.gov.in).
BIS-QCO-0044,S.O.1655(E),CAPTCHA_BLOCKED,https://dpiit.gov.in/quality-control-orders,Look up S.O. 1655(E) on the DPIIT QCO portal (https://dpiit.gov.in/quality-control-orders) or Central e-Gazette (https://egazette.gov.in).
BIS-QCO-0045,S.O.1661(E),CAPTCHA_BLOCKED,https://dpiit.gov.in/quality-control-orders,Look up S.O. 1661(E) on the DPIIT QCO portal (https://dpiit.gov.in/quality-control-orders) or Central e-Gazette (https://egazette.gov.in).
BIS-QCO-0046,SO 16890,CAPTCHA_BLOCKED,https://dpiit.gov.in/quality-control-orders,Look up S.O. 16890 on the DPIIT QCO portal (https://dpiit.gov.in/quality-control-orders) or Central e-Gazette (https://egazette.gov.in).
BIS-QCO-0047,so 1706(e),CAPTCHA_BLOCKED,https://dpiit.gov.in/quality-control-orders,Look up S.O. 1706(e) on the DPIIT QCO portal (https://dpiit.gov.in/quality-control-orders) or Central e-Gazette (https://egazette.gov.in).
BIS-QCO-0048,S.O.1707(E),CAPTCHA_BLOCKED,https://dpiit.gov.in/quality-control-orders,Look up S.O. 1707(E) on the DPIIT QCO portal (https://dpiit.gov.in/quality-control-orders) or Central e-Gazette (https://egazette.gov.in).
BIS-QCO-0049,S.O.1722(E),CAPTCHA_BLOCKED,https://dpiit.gov.in/quality-control-orders,Look up S.O. 1722(E) on the DPIIT QCO portal (https://dpiit.gov.in/quality-control-orders) or Central e-Gazette (https://egazette.gov.in).
BIS-QCO-0050,S.O. 1766(e),CAPTCHA_BLOCKED,https://dpiit.gov.in/quality-control-orders,Look up S.O. 1766(e) on the DPIIT QCO portal (https://dpiit.gov.in/quality-control-orders) or Central e-Gazette (https://egazette.gov.in).
BIS-QCO-0051,So 178(E),CAPTCHA_BLOCKED,https://dpiit.gov.in/quality-control-orders,Look up S.O. 178(E) on the DPIIT QCO portal (https://dpiit.gov.in/quality-control-orders) or Central e-Gazette (https://egazette.gov.in).
BIS-QCO-0052,s.o.1801(e),CAPTCHA_BLOCKED,https://dpiit.gov.in/quality-control-orders,Look up S.O. 1801(e) on the DPIIT QCO portal (https://dpiit.gov.in/quality-control-orders) or Central e-Gazette (https://egazette.gov.in).
BIS-QCO-0053,s.o.1839(e),CAPTCHA_BLOCKED,https://dpiit.gov.in/quality-control-orders,Look up S.O. 1839(e) on the DPIIT QCO portal (https://dpiit.gov.in/quality-control-orders) or Central e-Gazette (https://egazette.gov.in).
BIS-QCO-0054,S.O.1854(E),CAPTCHA_BLOCKED,https://dpiit.gov.in/quality-control-orders,Look up S.O. 1854(E) on the DPIIT QCO portal (https://dpiit.gov.in/quality-control-orders) or Central e-Gazette (https://egazette.gov.in).
BIS-QCO-0055,s.o.1870(e),CAPTCHA_BLOCKED,https://dpiit.gov.in/quality-control-orders,Look up S.O. 1870(e) on the DPIIT QCO portal (https://dpiit.gov.in/quality-control-orders) or Central e-Gazette (https://egazette.gov.in).
BIS-QCO-0056,so 189(e),CAPTCHA_BLOCKED,https://dpiit.gov.in/quality-control-orders,Look up S.O. 189(e) on the DPIIT QCO portal (https://dpiit.gov.in/quality-control-orders) or Central e-Gazette (https://egazette.gov.in).
BIS-QCO-0057,s.o.1891(e),CAPTCHA_BLOCKED,https://dpiit.gov.in/quality-control-orders,Look up S.O. 1891(e) on the DPIIT QCO portal (https://dpiit.gov.in/quality-control-orders) or Central e-Gazette (https://egazette.gov.in).
BIS-QCO-0058,s.o.1894(e),CAPTCHA_BLOCKED,https://dpiit.gov.in/quality-control-orders,Look up S.O. 1894(e) on the DPIIT QCO portal (https://dpiit.gov.in/quality-control-orders) or Central e-Gazette (https://egazette.gov.in).
BIS-QCO-0059,s.o.1895(e),CAPTCHA_BLOCKED,https://dpiit.gov.in/quality-control-orders,Look up S.O. 1895(e) on the DPIIT QCO portal (https://dpiit.gov.in/quality-control-orders) or Central e-Gazette (https://egazette.gov.in).
BIS-QCO-0060,s.o.1896(e),CAPTCHA_BLOCKED,https://dpiit.gov.in/quality-control-orders,Look up S.O. 1896(e) on the DPIIT QCO portal (https://dpiit.gov.in/quality-control-orders) or Central e-Gazette (https://egazette.gov.in).
BIS-QCO-0061,s.o.1897(e),CAPTCHA_BLOCKED,https://dpiit.gov.in/quality-control-orders,Look up S.O. 1897(e) on the DPIIT QCO portal (https://dpiit.gov.in/quality-control-orders) or Central e-Gazette (https://egazette.gov.in).
BIS-QCO-0062,s.o.1898(e),CAPTCHA_BLOCKED,https://dpiit.gov.in/quality-control-orders,Look up S.O. 1898(e) on the DPIIT QCO portal (https://dpiit.gov.in/quality-control-orders) or Central e-Gazette (https://egazette.gov.in).
BIS-QCO-0063,s.o.1899(e),CAPTCHA_BLOCKED,https://dpiit.gov.in/quality-control-orders,Look up S.O. 1899(e) on the DPIIT QCO portal (https://dpiit.gov.in/quality-control-orders) or Central e-Gazette (https://egazette.gov.in).
BIS-QCO-0064,s.o.1901(e),CAPTCHA_BLOCKED,https://dpiit.gov.in/quality-control-orders,Look up S.O. 1901(e) on the DPIIT QCO portal (https://dpiit.gov.in/quality-control-orders) or Central e-Gazette (https://egazette.gov.in).
BIS-QCO-0065,s.o.1902(e),CAPTCHA_BLOCKED,https://dpiit.gov.in/quality-control-orders,Look up S.O. 1902(e) on the DPIIT QCO portal (https://dpiit.gov.in/quality-control-orders) or Central e-Gazette (https://egazette.gov.in).
BIS-QCO-0066,so 191(e),CAPTCHA_BLOCKED,https://dpiit.gov.in/quality-control-orders,Look up S.O. 191(e) on the DPIIT QCO portal (https://dpiit.gov.in/quality-control-orders) or Central e-Gazette (https://egazette.gov.in).
BIS-QCO-0067,so 1920(e),CAPTCHA_BLOCKED,https://dpiit.gov.in/quality-control-orders,Look up S.O. 1920(e) on the DPIIT QCO portal (https://dpiit.gov.in/quality-control-orders) or Central e-Gazette (https://egazette.gov.in).
BIS-QCO-0068,S.O.1929(E),CAPTCHA_BLOCKED,https://dpiit.gov.in/quality-control-orders,Look up S.O. 1929(E) on the DPIIT QCO portal (https://dpiit.gov.in/quality-control-orders) or Central e-Gazette (https://egazette.gov.in).
BIS-QCO-0069,s.o.1960 (e),CAPTCHA_BLOCKED,https://dpiit.gov.in/quality-control-orders,Look up S.O. 1960 (e) on the DPIIT QCO portal (https://dpiit.gov.in/quality-control-orders) or Central e-Gazette (https://egazette.gov.in).
BIS-QCO-0070,S.O.1962(E),CAPTCHA_BLOCKED,https://dpiit.gov.in/quality-control-orders,Look up S.O. 1962(E) on the DPIIT QCO portal (https://dpiit.gov.in/quality-control-orders) or Central e-Gazette (https://egazette.gov.in).
BIS-QCO-0071,s.o.1966 (e),CAPTCHA_BLOCKED,https://dpiit.gov.in/quality-control-orders,Look up S.O. 1966 (e) on the DPIIT QCO portal (https://dpiit.gov.in/quality-control-orders) or Central e-Gazette (https://egazette.gov.in).
BIS-QCO-0072,S.O. 2017(e),CAPTCHA_BLOCKED,https://dpiit.gov.in/quality-control-orders,Look up S.O. 2017(e) on the DPIIT QCO portal (https://dpiit.gov.in/quality-control-orders) or Central e-Gazette (https://egazette.gov.in).
BIS-QCO-0073,S.O.2019(E),CAPTCHA_BLOCKED,https://dpiit.gov.in/quality-control-orders,Look up S.O. 2019(E) on the DPIIT QCO portal (https://dpiit.gov.in/quality-control-orders) or Central e-Gazette (https://egazette.gov.in).
BIS-QCO-0074,S.O. 2031(e),CAPTCHA_BLOCKED,https://dpiit.gov.in/quality-control-orders,Look up S.O. 2031(e) on the DPIIT QCO portal (https://dpiit.gov.in/quality-control-orders) or Central e-Gazette (https://egazette.gov.in).
BIS-QCO-0075,s.o.2032 (e),CAPTCHA_BLOCKED,https://dpiit.gov.in/quality-control-orders,Look up S.O. 2032 (e) on the DPIIT QCO portal (https://dpiit.gov.in/quality-control-orders) or Central e-Gazette (https://egazette.gov.in).
BIS-QCO-0076,S.O. 2149(E),CAPTCHA_BLOCKED,https://dpiit.gov.in/quality-control-orders,Look up S.O. 2149(E) on the DPIIT QCO portal (https://dpiit.gov.in/quality-control-orders) or Central e-Gazette (https://egazette.gov.in).
BIS-QCO-0077,s.o.2174(e),CAPTCHA_BLOCKED,https://dpiit.gov.in/quality-control-orders,Look up S.O. 2174(e) on the DPIIT QCO portal (https://dpiit.gov.in/quality-control-orders) or Central e-Gazette (https://egazette.gov.in).
BIS-QCO-0078,S.O.2180(E),CAPTCHA_BLOCKED,https://dpiit.gov.in/quality-control-orders,Look up S.O. 2180(E) on the DPIIT QCO portal (https://dpiit.gov.in/quality-control-orders) or Central e-Gazette (https://egazette.gov.in).
BIS-QCO-0079,S.O. 2183(e),CAPTCHA_BLOCKED,https://dpiit.gov.in/quality-control-orders,Look up S.O. 2183(e) on the DPIIT QCO portal (https://dpiit.gov.in/quality-control-orders) or Central e-Gazette (https://egazette.gov.in).
BIS-QCO-0080,S.O.2204(E),CAPTCHA_BLOCKED,https://dpiit.gov.in/quality-control-orders,Look up S.O. 2204(E) on the DPIIT QCO portal (https://dpiit.gov.in/quality-control-orders) or Central e-Gazette (https://egazette.gov.in).
BIS-QCO-0081,s.o 227 (e),CAPTCHA_BLOCKED,https://dpiit.gov.in/quality-control-orders,Look up S.O. 227 (e) on the DPIIT QCO portal (https://dpiit.gov.in/quality-control-orders) or Central e-Gazette (https://egazette.gov.in).
BIS-QCO-0082,S.O.227(E),CAPTCHA_BLOCKED,https://dpiit.gov.in/quality-control-orders,Look up S.O. 227(E) on the DPIIT QCO portal (https://dpiit.gov.in/quality-control-orders) or Central e-Gazette (https://egazette.gov.in).
BIS-QCO-0083,SO 22702,CAPTCHA_BLOCKED,https://dpiit.gov.in/quality-control-orders,Look up S.O. 22702 on the DPIIT QCO portal (https://dpiit.gov.in/quality-control-orders) or Central e-Gazette (https://egazette.gov.in).
BIS-QCO-0084,S.O.2283(E),CAPTCHA_BLOCKED,https://dpiit.gov.in/quality-control-orders,Look up S.O. 2283(E) on the DPIIT QCO portal (https://dpiit.gov.in/quality-control-orders) or Central e-Gazette (https://egazette.gov.in).
BIS-QCO-0085,S.O. 2287(e),CAPTCHA_BLOCKED,https://dpiit.gov.in/quality-control-orders,Look up S.O. 2287(e) on the DPIIT QCO portal (https://dpiit.gov.in/quality-control-orders) or Central e-Gazette (https://egazette.gov.in).
BIS-QCO-0086,s.o.2320 (e),CAPTCHA_BLOCKED,https://dpiit.gov.in/quality-control-orders,Look up S.O. 2320 (e) on the DPIIT QCO portal (https://dpiit.gov.in/quality-control-orders) or Central e-Gazette (https://egazette.gov.in).
BIS-QCO-0087,s.o.2335(e),CAPTCHA_BLOCKED,https://dpiit.gov.in/quality-control-orders,Look up S.O. 2335(e) on the DPIIT QCO portal (https://dpiit.gov.in/quality-control-orders) or Central e-Gazette (https://egazette.gov.in).
BIS-QCO-0088,S.O. 2357(e),CAPTCHA_BLOCKED,https://dpiit.gov.in/quality-control-orders,Look up S.O. 2357(e) on the DPIIT QCO portal (https://dpiit.gov.in/quality-control-orders) or Central e-Gazette (https://egazette.gov.in).
BIS-QCO-0089,S.O.2408(E),CAPTCHA_BLOCKED,https://dpiit.gov.in/quality-control-orders,Look up S.O. 2408(E) on the DPIIT QCO portal (https://dpiit.gov.in/quality-control-orders) or Central e-Gazette (https://egazette.gov.in).
BIS-QCO-0090,so 2434(e),CAPTCHA_BLOCKED,https://dpiit.gov.in/quality-control-orders,Look up S.O. 2434(e) on the DPIIT QCO portal (https://dpiit.gov.in/quality-control-orders) or Central e-Gazette (https://egazette.gov.in).
BIS-QCO-0091,s.o.2548(e),CAPTCHA_BLOCKED,https://dpiit.gov.in/quality-control-orders,Look up S.O. 2548(e) on the DPIIT QCO portal (https://dpiit.gov.in/quality-control-orders) or Central e-Gazette (https://egazette.gov.in).
BIS-QCO-0092,s.o.2581(e),CAPTCHA_BLOCKED,https://dpiit.gov.in/quality-control-orders,Look up S.O. 2581(e) on the DPIIT QCO portal (https://dpiit.gov.in/quality-control-orders) or Central e-Gazette (https://egazette.gov.in).
BIS-QCO-0093,s.o.2600(e),CAPTCHA_BLOCKED,https://dpiit.gov.in/quality-control-orders,Look up S.O. 2600(e) on the DPIIT QCO portal (https://dpiit.gov.in/quality-control-orders) or Central e-Gazette (https://egazette.gov.in).
BIS-QCO-0094,s.o.2601(e),CAPTCHA_BLOCKED,https://dpiit.gov.in/quality-control-orders,Look up S.O. 2601(e) on the DPIIT QCO portal (https://dpiit.gov.in/quality-control-orders) or Central e-Gazette (https://egazette.gov.in).
AQCS-0001,s.o 2666(e),404_NOT_FOUND,https://dahd.gov.in/trade,Access DAHD Trade Orders repository at https://dahd.gov.in/trade or https://aqcsindia.gov.in to obtain import directive for 2666(e).
BIS-QCO-0095,S.O.2729(E),CAPTCHA_BLOCKED,https://dpiit.gov.in/quality-control-orders,Look up S.O. 2729(E) on the DPIIT QCO portal (https://dpiit.gov.in/quality-control-orders) or Central e-Gazette (https://egazette.gov.in).
BIS-QCO-0096,So 2742(E),CAPTCHA_BLOCKED,https://dpiit.gov.in/quality-control-orders,Look up S.O. 2742(E) on the DPIIT QCO portal (https://dpiit.gov.in/quality-control-orders) or Central e-Gazette (https://egazette.gov.in).
BIS-QCO-0097,so 2767(e),CAPTCHA_BLOCKED,https://dpiit.gov.in/quality-control-orders,Look up S.O. 2767(e) on the DPIIT QCO portal (https://dpiit.gov.in/quality-control-orders) or Central e-Gazette (https://egazette.gov.in).
BIS-QCO-0098,S.O.2771(E),CAPTCHA_BLOCKED,https://dpiit.gov.in/quality-control-orders,Look up S.O. 2771(E) on the DPIIT QCO portal (https://dpiit.gov.in/quality-control-orders) or Central e-Gazette (https://egazette.gov.in).
BIS-QCO-0099,S.O. 2790(e),CAPTCHA_BLOCKED,https://dpiit.gov.in/quality-control-orders,Look up S.O. 2790(e) on the DPIIT QCO portal (https://dpiit.gov.in/quality-control-orders) or Central e-Gazette (https://egazette.gov.in).
BIS-QCO-0100,so 2791(e),CAPTCHA_BLOCKED,https://dpiit.gov.in/quality-control-orders,Look up S.O. 2791(e) on the DPIIT QCO portal (https://dpiit.gov.in/quality-control-orders) or Central e-Gazette (https://egazette.gov.in).
BIS-QCO-0101,s.o.2792(e),CAPTCHA_BLOCKED,https://dpiit.gov.in/quality-control-orders,Look up S.O. 2792(e) on the DPIIT QCO portal (https://dpiit.gov.in/quality-control-orders) or Central e-Gazette (https://egazette.gov.in).
BIS-QCO-0102,S.O. 2793(e),CAPTCHA_BLOCKED,https://dpiit.gov.in/quality-control-orders,Look up S.O. 2793(e) on the DPIIT QCO portal (https://dpiit.gov.in/quality-control-orders) or Central e-Gazette (https://egazette.gov.in).
BIS-QCO-0103,so 281(e),CAPTCHA_BLOCKED,https://dpiit.gov.in/quality-control-orders,Look up S.O. 281(e) on the DPIIT QCO portal (https://dpiit.gov.in/quality-control-orders) or Central e-Gazette (https://egazette.gov.in).
BIS-QCO-0104,S.O.2871(E),CAPTCHA_BLOCKED,https://dpiit.gov.in/quality-control-orders,Look up S.O. 2871(E) on the DPIIT QCO portal (https://dpiit.gov.in/quality-control-orders) or Central e-Gazette (https://egazette.gov.in).
BIS-QCO-0105,S.O. 2920(e),CAPTCHA_BLOCKED,https://dpiit.gov.in/quality-control-orders,Look up S.O. 2920(e) on the DPIIT QCO portal (https://dpiit.gov.in/quality-control-orders) or Central e-Gazette (https://egazette.gov.in).
BIS-QCO-0106,so 294 (e),CAPTCHA_BLOCKED,https://dpiit.gov.in/quality-control-orders,Look up S.O. 294 (e) on the DPIIT QCO portal (https://dpiit.gov.in/quality-control-orders) or Central e-Gazette (https://egazette.gov.in).
BIS-QCO-0107,S.O.294(E),CAPTCHA_BLOCKED,https://dpiit.gov.in/quality-control-orders,Look up S.O. 294(E) on the DPIIT QCO portal (https://dpiit.gov.in/quality-control-orders) or Central e-Gazette (https://egazette.gov.in).
BIS-QCO-0108,S.O.2986(E),CAPTCHA_BLOCKED,https://dpiit.gov.in/quality-control-orders,Look up S.O. 2986(E) on the DPIIT QCO portal (https://dpiit.gov.in/quality-control-orders) or Central e-Gazette (https://egazette.gov.in).
BIS-QCO-0109,s.o.2996(e),CAPTCHA_BLOCKED,https://dpiit.gov.in/quality-control-orders,Look up S.O. 2996(e) on the DPIIT QCO portal (https://dpiit.gov.in/quality-control-orders) or Central e-Gazette (https://egazette.gov.in).
BIS-QCO-0110,s.o.3034(e),CAPTCHA_BLOCKED,https://dpiit.gov.in/quality-control-orders,Look up S.O. 3034(e) on the DPIIT QCO portal (https://dpiit.gov.in/quality-control-orders) or Central e-Gazette (https://egazette.gov.in).
BIS-QCO-0111,S.O.3076(E),CAPTCHA_BLOCKED,https://dpiit.gov.in/quality-control-orders,Look up S.O. 3076(E) on the DPIIT QCO portal (https://dpiit.gov.in/quality-control-orders) or Central e-Gazette (https://egazette.gov.in).
BIS-QCO-0112,SO3146(E),CAPTCHA_BLOCKED,https://dpiit.gov.in/quality-control-orders,Look up S.O. 3146(E) on the DPIIT QCO portal (https://dpiit.gov.in/quality-control-orders) or Central e-Gazette (https://egazette.gov.in).
BIS-QCO-0113,S.O.3153(E),CAPTCHA_BLOCKED,https://dpiit.gov.in/quality-control-orders,Look up S.O. 3153(E) on the DPIIT QCO portal (https://dpiit.gov.in/quality-control-orders) or Central e-Gazette (https://egazette.gov.in).
BIS-QCO-0114,so 3154(e),CAPTCHA_BLOCKED,https://dpiit.gov.in/quality-control-orders,Look up S.O. 3154(e) on the DPIIT QCO portal (https://dpiit.gov.in/quality-control-orders) or Central e-Gazette (https://egazette.gov.in).
BIS-QCO-0115,So 3207(E),CAPTCHA_BLOCKED,https://dpiit.gov.in/quality-control-orders,Look up S.O. 3207(E) on the DPIIT QCO portal (https://dpiit.gov.in/quality-control-orders) or Central e-Gazette (https://egazette.gov.in).
BIS-QCO-0116,S.O.3227(E),CAPTCHA_BLOCKED,https://dpiit.gov.in/quality-control-orders,Look up S.O. 3227(E) on the DPIIT QCO portal (https://dpiit.gov.in/quality-control-orders) or Central e-Gazette (https://egazette.gov.in).
BIS-QCO-0117,s.o.3296(e),CAPTCHA_BLOCKED,https://dpiit.gov.in/quality-control-orders,Look up S.O. 3296(e) on the DPIIT QCO portal (https://dpiit.gov.in/quality-control-orders) or Central e-Gazette (https://egazette.gov.in).
BIS-QCO-0118,s.o.3298(e),CAPTCHA_BLOCKED,https://dpiit.gov.in/quality-control-orders,Look up S.O. 3298(e) on the DPIIT QCO portal (https://dpiit.gov.in/quality-control-orders) or Central e-Gazette (https://egazette.gov.in).
BIS-QCO-0119,s.o.3299(e),CAPTCHA_BLOCKED,https://dpiit.gov.in/quality-control-orders,Look up S.O. 3299(e) on the DPIIT QCO portal (https://dpiit.gov.in/quality-control-orders) or Central e-Gazette (https://egazette.gov.in).
BIS-QCO-0120,so 331,CAPTCHA_BLOCKED,https://dpiit.gov.in/quality-control-orders,Look up S.O. 331 on the DPIIT QCO portal (https://dpiit.gov.in/quality-control-orders) or Central e-Gazette (https://egazette.gov.in).
BIS-QCO-0121,so 3378(e),CAPTCHA_BLOCKED,https://dpiit.gov.in/quality-control-orders,Look up S.O. 3378(e) on the DPIIT QCO portal (https://dpiit.gov.in/quality-control-orders) or Central e-Gazette (https://egazette.gov.in).
BIS-QCO-0122,S.O. 3379(e),CAPTCHA_BLOCKED,https://dpiit.gov.in/quality-control-orders,Look up S.O. 3379(e) on the DPIIT QCO portal (https://dpiit.gov.in/quality-control-orders) or Central e-Gazette (https://egazette.gov.in).
BIS-QCO-0123,S.O. 3380(e),CAPTCHA_BLOCKED,https://dpiit.gov.in/quality-control-orders,Look up S.O. 3380(e) on the DPIIT QCO portal (https://dpiit.gov.in/quality-control-orders) or Central e-Gazette (https://egazette.gov.in).
BIS-QCO-0124,S.O.352 (E),CAPTCHA_BLOCKED,https://dpiit.gov.in/quality-control-orders,Look up S.O. 352 (E) on the DPIIT QCO portal (https://dpiit.gov.in/quality-control-orders) or Central e-Gazette (https://egazette.gov.in).
BIS-QCO-0125,S.O. 352(E),CAPTCHA_BLOCKED,https://dpiit.gov.in/quality-control-orders,Look up S.O. 352(E) on the DPIIT QCO portal (https://dpiit.gov.in/quality-control-orders) or Central e-Gazette (https://egazette.gov.in).
BIS-QCO-0126,S.O.355(E),CAPTCHA_BLOCKED,https://dpiit.gov.in/quality-control-orders,Look up S.O. 355(E) on the DPIIT QCO portal (https://dpiit.gov.in/quality-control-orders) or Central e-Gazette (https://egazette.gov.in).
BIS-QCO-0127,s.o.3557(e),CAPTCHA_BLOCKED,https://dpiit.gov.in/quality-control-orders,Look up S.O. 3557(e) on the DPIIT QCO portal (https://dpiit.gov.in/quality-control-orders) or Central e-Gazette (https://egazette.gov.in).
BIS-QCO-0128,s.o.3584(e),CAPTCHA_BLOCKED,https://dpiit.gov.in/quality-control-orders,Look up S.O. 3584(e) on the DPIIT QCO portal (https://dpiit.gov.in/quality-control-orders) or Central e-Gazette (https://egazette.gov.in).
BIS-QCO-0129,so 3585(e),CAPTCHA_BLOCKED,https://dpiit.gov.in/quality-control-orders,Look up S.O. 3585(e) on the DPIIT QCO portal (https://dpiit.gov.in/quality-control-orders) or Central e-Gazette (https://egazette.gov.in).
BIS-QCO-0130,SO3641(E),CAPTCHA_BLOCKED,https://dpiit.gov.in/quality-control-orders,Look up S.O. 3641(E) on the DPIIT QCO portal (https://dpiit.gov.in/quality-control-orders) or Central e-Gazette (https://egazette.gov.in).
BIS-QCO-0131,s.o.3716(e),CAPTCHA_BLOCKED,https://dpiit.gov.in/quality-control-orders,Look up S.O. 3716(e) on the DPIIT QCO portal (https://dpiit.gov.in/quality-control-orders) or Central e-Gazette (https://egazette.gov.in).
BIS-QCO-0132,S.O.373(E),CAPTCHA_BLOCKED,https://dpiit.gov.in/quality-control-orders,Look up S.O. 373(E) on the DPIIT QCO portal (https://dpiit.gov.in/quality-control-orders) or Central e-Gazette (https://egazette.gov.in).
BIS-QCO-0133,S.O.3759(E),CAPTCHA_BLOCKED,https://dpiit.gov.in/quality-control-orders,Look up S.O. 3759(E) on the DPIIT QCO portal (https://dpiit.gov.in/quality-control-orders) or Central e-Gazette (https://egazette.gov.in).
BIS-QCO-0134,s.o.3775(e),CAPTCHA_BLOCKED,https://dpiit.gov.in/quality-control-orders,Look up S.O. 3775(e) on the DPIIT QCO portal (https://dpiit.gov.in/quality-control-orders) or Central e-Gazette (https://egazette.gov.in).
BIS-QCO-0135,s.o.3807(e),CAPTCHA_BLOCKED,https://dpiit.gov.in/quality-control-orders,Look up S.O. 3807(e) on the DPIIT QCO portal (https://dpiit.gov.in/quality-control-orders) or Central e-Gazette (https://egazette.gov.in).
BIS-QCO-0136,s.o.3830(e),CAPTCHA_BLOCKED,https://dpiit.gov.in/quality-control-orders,Look up S.O. 3830(e) on the DPIIT QCO portal (https://dpiit.gov.in/quality-control-orders) or Central e-Gazette (https://egazette.gov.in).
BIS-QCO-0137,S.O. 3857(e),CAPTCHA_BLOCKED,https://dpiit.gov.in/quality-control-orders,Look up S.O. 3857(e) on the DPIIT QCO portal (https://dpiit.gov.in/quality-control-orders) or Central e-Gazette (https://egazette.gov.in).
BIS-QCO-0138,s.o.3880(e),CAPTCHA_BLOCKED,https://dpiit.gov.in/quality-control-orders,Look up S.O. 3880(e) on the DPIIT QCO portal (https://dpiit.gov.in/quality-control-orders) or Central e-Gazette (https://egazette.gov.in).
BIS-QCO-0139,s.o.3893(e),CAPTCHA_BLOCKED,https://dpiit.gov.in/quality-control-orders,Look up S.O. 3893(e) on the DPIIT QCO portal (https://dpiit.gov.in/quality-control-orders) or Central e-Gazette (https://egazette.gov.in).
BIS-QCO-0140,S.O.3916 (E),CAPTCHA_BLOCKED,https://dpiit.gov.in/quality-control-orders,Look up S.O. 3916 (E) on the DPIIT QCO portal (https://dpiit.gov.in/quality-control-orders) or Central e-Gazette (https://egazette.gov.in).
BIS-QCO-0141,S.O.3927(E),CAPTCHA_BLOCKED,https://dpiit.gov.in/quality-control-orders,Look up S.O. 3927(E) on the DPIIT QCO portal (https://dpiit.gov.in/quality-control-orders) or Central e-Gazette (https://egazette.gov.in).
BIS-QCO-0142,S.O.3951(E),CAPTCHA_BLOCKED,https://dpiit.gov.in/quality-control-orders,Look up S.O. 3951(E) on the DPIIT QCO portal (https://dpiit.gov.in/quality-control-orders) or Central e-Gazette (https://egazette.gov.in).
BIS-QCO-0143,S.O.3984(E),CAPTCHA_BLOCKED,https://dpiit.gov.in/quality-control-orders,Look up S.O. 3984(E) on the DPIIT QCO portal (https://dpiit.gov.in/quality-control-orders) or Central e-Gazette (https://egazette.gov.in).
BIS-QCO-0144,so 3994(e),CAPTCHA_BLOCKED,https://dpiit.gov.in/quality-control-orders,Look up S.O. 3994(e) on the DPIIT QCO portal (https://dpiit.gov.in/quality-control-orders) or Central e-Gazette (https://egazette.gov.in).
BIS-QCO-0145,s.o.4000(e),CAPTCHA_BLOCKED,https://dpiit.gov.in/quality-control-orders,Look up S.O. 4000(e) on the DPIIT QCO portal (https://dpiit.gov.in/quality-control-orders) or Central e-Gazette (https://egazette.gov.in).
BIS-QCO-0146,S.O.4088(E),CAPTCHA_BLOCKED,https://dpiit.gov.in/quality-control-orders,Look up S.O. 4088(E) on the DPIIT QCO portal (https://dpiit.gov.in/quality-control-orders) or Central e-Gazette (https://egazette.gov.in).
BIS-QCO-0147,S.O.4089(E),CAPTCHA_BLOCKED,https://dpiit.gov.in/quality-control-orders,Look up S.O. 4089(E) on the DPIIT QCO portal (https://dpiit.gov.in/quality-control-orders) or Central e-Gazette (https://egazette.gov.in).
BIS-QCO-0148,S.O.4092(E),CAPTCHA_BLOCKED,https://dpiit.gov.in/quality-control-orders,Look up S.O. 4092(E) on the DPIIT QCO portal (https://dpiit.gov.in/quality-control-orders) or Central e-Gazette (https://egazette.gov.in).
AQCS-0002,S.O. 4118(E),404_NOT_FOUND,https://dahd.gov.in/trade,Access DAHD Trade Orders repository at https://dahd.gov.in/trade or https://aqcsindia.gov.in to obtain import directive for 4118(E).
BIS-QCO-0149,S.O. 4144(e),CAPTCHA_BLOCKED,https://dpiit.gov.in/quality-control-orders,Look up S.O. 4144(e) on the DPIIT QCO portal (https://dpiit.gov.in/quality-control-orders) or Central e-Gazette (https://egazette.gov.in).
BIS-QCO-0150,so 4247(e),CAPTCHA_BLOCKED,https://dpiit.gov.in/quality-control-orders,Look up S.O. 4247(e) on the DPIIT QCO portal (https://dpiit.gov.in/quality-control-orders) or Central e-Gazette (https://egazette.gov.in).
BIS-QCO-0151,so 4248 (e),CAPTCHA_BLOCKED,https://dpiit.gov.in/quality-control-orders,Look up S.O. 4248 (e) on the DPIIT QCO portal (https://dpiit.gov.in/quality-control-orders) or Central e-Gazette (https://egazette.gov.in).
BIS-QCO-0152,so 4248(e),CAPTCHA_BLOCKED,https://dpiit.gov.in/quality-control-orders,Look up S.O. 4248(e) on the DPIIT QCO portal (https://dpiit.gov.in/quality-control-orders) or Central e-Gazette (https://egazette.gov.in).
BIS-QCO-0153,S.O. 4255 (E),CAPTCHA_BLOCKED,https://dpiit.gov.in/quality-control-orders,Look up S.O. 4255 (E) on the DPIIT QCO portal (https://dpiit.gov.in/quality-control-orders) or Central e-Gazette (https://egazette.gov.in).
BIS-QCO-0154,so 43 (e),CAPTCHA_BLOCKED,https://dpiit.gov.in/quality-control-orders,Look up S.O. 43 (e) on the DPIIT QCO portal (https://dpiit.gov.in/quality-control-orders) or Central e-Gazette (https://egazette.gov.in).
BIS-QCO-0155,S.O.43(E),CAPTCHA_BLOCKED,https://dpiit.gov.in/quality-control-orders,Look up S.O. 43(E) on the DPIIT QCO portal (https://dpiit.gov.in/quality-control-orders) or Central e-Gazette (https://egazette.gov.in).
BIS-QCO-0156,s.o.4326 (e),CAPTCHA_BLOCKED,https://dpiit.gov.in/quality-control-orders,Look up S.O. 4326 (e) on the DPIIT QCO portal (https://dpiit.gov.in/quality-control-orders) or Central e-Gazette (https://egazette.gov.in).
BIS-QCO-0157,s.o.4327(e),CAPTCHA_BLOCKED,https://dpiit.gov.in/quality-control-orders,Look up S.O. 4327(e) on the DPIIT QCO portal (https://dpiit.gov.in/quality-control-orders) or Central e-Gazette (https://egazette.gov.in).
BIS-QCO-0158,s.o.4331(e),CAPTCHA_BLOCKED,https://dpiit.gov.in/quality-control-orders,Look up S.O. 4331(e) on the DPIIT QCO portal (https://dpiit.gov.in/quality-control-orders) or Central e-Gazette (https://egazette.gov.in).
BIS-QCO-0159,s.o.4332(e),CAPTCHA_BLOCKED,https://dpiit.gov.in/quality-control-orders,Look up S.O. 4332(e) on the DPIIT QCO portal (https://dpiit.gov.in/quality-control-orders) or Central e-Gazette (https://egazette.gov.in).
BIS-QCO-0160,so 4345(e),CAPTCHA_BLOCKED,https://dpiit.gov.in/quality-control-orders,Look up S.O. 4345(e) on the DPIIT QCO portal (https://dpiit.gov.in/quality-control-orders) or Central e-Gazette (https://egazette.gov.in).
BIS-QCO-0161,S.O.4354(E),CAPTCHA_BLOCKED,https://dpiit.gov.in/quality-control-orders,Look up S.O. 4354(E) on the DPIIT QCO portal (https://dpiit.gov.in/quality-control-orders) or Central e-Gazette (https://egazette.gov.in).
BIS-QCO-0162,S.O.44(E),CAPTCHA_BLOCKED,https://dpiit.gov.in/quality-control-orders,Look up S.O. 44(E) on the DPIIT QCO portal (https://dpiit.gov.in/quality-control-orders) or Central e-Gazette (https://egazette.gov.in).
BIS-QCO-0163,S.O.4485(E),CAPTCHA_BLOCKED,https://dpiit.gov.in/quality-control-orders,Look up S.O. 4485(E) on the DPIIT QCO portal (https://dpiit.gov.in/quality-control-orders) or Central e-Gazette (https://egazette.gov.in).
BIS-QCO-0164,so 451(e),CAPTCHA_BLOCKED,https://dpiit.gov.in/quality-control-orders,Look up S.O. 451(e) on the DPIIT QCO portal (https://dpiit.gov.in/quality-control-orders) or Central e-Gazette (https://egazette.gov.in).
BIS-QCO-0165,SO4514(E),CAPTCHA_BLOCKED,https://dpiit.gov.in/quality-control-orders,Look up S.O. 4514(E) on the DPIIT QCO portal (https://dpiit.gov.in/quality-control-orders) or Central e-Gazette (https://egazette.gov.in).
BIS-QCO-0166,S.O. 4524(E),CAPTCHA_BLOCKED,https://dpiit.gov.in/quality-control-orders,Look up S.O. 4524(E) on the DPIIT QCO portal (https://dpiit.gov.in/quality-control-orders) or Central e-Gazette (https://egazette.gov.in).
AQCS-0003,s.o.4593 (e),404_NOT_FOUND,https://dahd.gov.in/trade,Access DAHD Trade Orders repository at https://dahd.gov.in/trade or https://aqcsindia.gov.in to obtain import directive for 4593 (e).
BIS-QCO-0167,S.O.4602(E),CAPTCHA_BLOCKED,https://dpiit.gov.in/quality-control-orders,Look up S.O. 4602(E) on the DPIIT QCO portal (https://dpiit.gov.in/quality-control-orders) or Central e-Gazette (https://egazette.gov.in).
BIS-QCO-0168,so 4608(e),CAPTCHA_BLOCKED,https://dpiit.gov.in/quality-control-orders,Look up S.O. 4608(e) on the DPIIT QCO portal (https://dpiit.gov.in/quality-control-orders) or Central e-Gazette (https://egazette.gov.in).
BIS-QCO-0169,S.O.4634 (E),CAPTCHA_BLOCKED,https://dpiit.gov.in/quality-control-orders,Look up S.O. 4634 (E) on the DPIIT QCO portal (https://dpiit.gov.in/quality-control-orders) or Central e-Gazette (https://egazette.gov.in).
BIS-QCO-0170,S.O.4634(E),CAPTCHA_BLOCKED,https://dpiit.gov.in/quality-control-orders,Look up S.O. 4634(E) on the DPIIT QCO portal (https://dpiit.gov.in/quality-control-orders) or Central e-Gazette (https://egazette.gov.in).
BIS-QCO-0171,so 4637(e),CAPTCHA_BLOCKED,https://dpiit.gov.in/quality-control-orders,Look up S.O. 4637(e) on the DPIIT QCO portal (https://dpiit.gov.in/quality-control-orders) or Central e-Gazette (https://egazette.gov.in).
BIS-QCO-0172,so4649(e),CAPTCHA_BLOCKED,https://dpiit.gov.in/quality-control-orders,Look up S.O. 4649(e) on the DPIIT QCO portal (https://dpiit.gov.in/quality-control-orders) or Central e-Gazette (https://egazette.gov.in).
BIS-QCO-0173,S.O.4669(E),CAPTCHA_BLOCKED,https://dpiit.gov.in/quality-control-orders,Look up S.O. 4669(E) on the DPIIT QCO portal (https://dpiit.gov.in/quality-control-orders) or Central e-Gazette (https://egazette.gov.in).
BIS-QCO-0174,S.O.4772(E),CAPTCHA_BLOCKED,https://dpiit.gov.in/quality-control-orders,Look up S.O. 4772(E) on the DPIIT QCO portal (https://dpiit.gov.in/quality-control-orders) or Central e-Gazette (https://egazette.gov.in).
BIS-QCO-0175,so 478(e),CAPTCHA_BLOCKED,https://dpiit.gov.in/quality-control-orders,Look up S.O. 478(e) on the DPIIT QCO portal (https://dpiit.gov.in/quality-control-orders) or Central e-Gazette (https://egazette.gov.in).
BIS-QCO-0176,S.O.4815(E),CAPTCHA_BLOCKED,https://dpiit.gov.in/quality-control-orders,Look up S.O. 4815(E) on the DPIIT QCO portal (https://dpiit.gov.in/quality-control-orders) or Central e-Gazette (https://egazette.gov.in).
BIS-QCO-0177,s.o.492(e),CAPTCHA_BLOCKED,https://dpiit.gov.in/quality-control-orders,Look up S.O. 492(e) on the DPIIT QCO portal (https://dpiit.gov.in/quality-control-orders) or Central e-Gazette (https://egazette.gov.in).
AQCS-0004,s.o.4953(e),404_NOT_FOUND,https://dahd.gov.in/trade,Access DAHD Trade Orders repository at https://dahd.gov.in/trade or https://aqcsindia.gov.in to obtain import directive for 4953(e).
BIS-QCO-0178,s.o.4958(e),CAPTCHA_BLOCKED,https://dpiit.gov.in/quality-control-orders,Look up S.O. 4958(e) on the DPIIT QCO portal (https://dpiit.gov.in/quality-control-orders) or Central e-Gazette (https://egazette.gov.in).
BIS-QCO-0179,S.O.4997(E),CAPTCHA_BLOCKED,https://dpiit.gov.in/quality-control-orders,Look up S.O. 4997(E) on the DPIIT QCO portal (https://dpiit.gov.in/quality-control-orders) or Central e-Gazette (https://egazette.gov.in).
BIS-QCO-0180,S.O.501(E),CAPTCHA_BLOCKED,https://dpiit.gov.in/quality-control-orders,Look up S.O. 501(E) on the DPIIT QCO portal (https://dpiit.gov.in/quality-control-orders) or Central e-Gazette (https://egazette.gov.in).
BIS-QCO-0181,so 5029 (e),CAPTCHA_BLOCKED,https://dpiit.gov.in/quality-control-orders,Look up S.O. 5029 (e) on the DPIIT QCO portal (https://dpiit.gov.in/quality-control-orders) or Central e-Gazette (https://egazette.gov.in).
BIS-QCO-0182,SO5029(E),CAPTCHA_BLOCKED,https://dpiit.gov.in/quality-control-orders,Look up S.O. 5029(E) on the DPIIT QCO portal (https://dpiit.gov.in/quality-control-orders) or Central e-Gazette (https://egazette.gov.in).
BIS-QCO-0183,s.o.5058(e),CAPTCHA_BLOCKED,https://dpiit.gov.in/quality-control-orders,Look up S.O. 5058(e) on the DPIIT QCO portal (https://dpiit.gov.in/quality-control-orders) or Central e-Gazette (https://egazette.gov.in).
BIS-QCO-0184,SO.51(E),CAPTCHA_BLOCKED,https://dpiit.gov.in/quality-control-orders,Look up S.O. 51(E) on the DPIIT QCO portal (https://dpiit.gov.in/quality-control-orders) or Central e-Gazette (https://egazette.gov.in).
BIS-QCO-0185,s.o.5134(e),CAPTCHA_BLOCKED,https://dpiit.gov.in/quality-control-orders,Look up S.O. 5134(e) on the DPIIT QCO portal (https://dpiit.gov.in/quality-control-orders) or Central e-Gazette (https://egazette.gov.in).
BIS-QCO-0186,SO.5180(E),CAPTCHA_BLOCKED,https://dpiit.gov.in/quality-control-orders,Look up S.O. 5180(E) on the DPIIT QCO portal (https://dpiit.gov.in/quality-control-orders) or Central e-Gazette (https://egazette.gov.in).
BIS-QCO-0187,SO.52(E),CAPTCHA_BLOCKED,https://dpiit.gov.in/quality-control-orders,Look up S.O. 52(E) on the DPIIT QCO portal (https://dpiit.gov.in/quality-control-orders) or Central e-Gazette (https://egazette.gov.in).
BIS-QCO-0188,so 5243(e),CAPTCHA_BLOCKED,https://dpiit.gov.in/quality-control-orders,Look up S.O. 5243(e) on the DPIIT QCO portal (https://dpiit.gov.in/quality-control-orders) or Central e-Gazette (https://egazette.gov.in).
BIS-QCO-0189,So 5244(E),CAPTCHA_BLOCKED,https://dpiit.gov.in/quality-control-orders,Look up S.O. 5244(E) on the DPIIT QCO portal (https://dpiit.gov.in/quality-control-orders) or Central e-Gazette (https://egazette.gov.in).
BIS-QCO-0190,so 5259(e),CAPTCHA_BLOCKED,https://dpiit.gov.in/quality-control-orders,Look up S.O. 5259(e) on the DPIIT QCO portal (https://dpiit.gov.in/quality-control-orders) or Central e-Gazette (https://egazette.gov.in).
BIS-QCO-0191,S.O.529(E),CAPTCHA_BLOCKED,https://dpiit.gov.in/quality-control-orders,Look up S.O. 529(E) on the DPIIT QCO portal (https://dpiit.gov.in/quality-control-orders) or Central e-Gazette (https://egazette.gov.in).
BIS-QCO-0192,SO.53(E),CAPTCHA_BLOCKED,https://dpiit.gov.in/quality-control-orders,Look up S.O. 53(E) on the DPIIT QCO portal (https://dpiit.gov.in/quality-control-orders) or Central e-Gazette (https://egazette.gov.in).
BIS-QCO-0193,so 5323,CAPTCHA_BLOCKED,https://dpiit.gov.in/quality-control-orders,Look up S.O. 5323 on the DPIIT QCO portal (https://dpiit.gov.in/quality-control-orders) or Central e-Gazette (https://egazette.gov.in).
BIS-QCO-0194,S.O.5358(E),CAPTCHA_BLOCKED,https://dpiit.gov.in/quality-control-orders,Look up S.O. 5358(E) on the DPIIT QCO portal (https://dpiit.gov.in/quality-control-orders) or Central e-Gazette (https://egazette.gov.in).
BIS-QCO-0195,so 5371,CAPTCHA_BLOCKED,https://dpiit.gov.in/quality-control-orders,Look up S.O. 5371 on the DPIIT QCO portal (https://dpiit.gov.in/quality-control-orders) or Central e-Gazette (https://egazette.gov.in).
BIS-QCO-0196,s.o.5388(e),CAPTCHA_BLOCKED,https://dpiit.gov.in/quality-control-orders,Look up S.O. 5388(e) on the DPIIT QCO portal (https://dpiit.gov.in/quality-control-orders) or Central e-Gazette (https://egazette.gov.in).
BIS-QCO-0197,s.o.5434(e),CAPTCHA_BLOCKED,https://dpiit.gov.in/quality-control-orders,Look up S.O. 5434(e) on the DPIIT QCO portal (https://dpiit.gov.in/quality-control-orders) or Central e-Gazette (https://egazette.gov.in).
BIS-QCO-0198,S.O.5438(E),CAPTCHA_BLOCKED,https://dpiit.gov.in/quality-control-orders,Look up S.O. 5438(E) on the DPIIT QCO portal (https://dpiit.gov.in/quality-control-orders) or Central e-Gazette (https://egazette.gov.in).
BIS-QCO-0199,So 5475(E),CAPTCHA_BLOCKED,https://dpiit.gov.in/quality-control-orders,Look up S.O. 5475(E) on the DPIIT QCO portal (https://dpiit.gov.in/quality-control-orders) or Central e-Gazette (https://egazette.gov.in).
BIS-QCO-0200,S.O.55(E),CAPTCHA_BLOCKED,https://dpiit.gov.in/quality-control-orders,Look up S.O. 55(E) on the DPIIT QCO portal (https://dpiit.gov.in/quality-control-orders) or Central e-Gazette (https://egazette.gov.in).
BIS-QCO-0201,S.O.5596(E),CAPTCHA_BLOCKED,https://dpiit.gov.in/quality-control-orders,Look up S.O. 5596(E) on the DPIIT QCO portal (https://dpiit.gov.in/quality-control-orders) or Central e-Gazette (https://egazette.gov.in).
BIS-QCO-0202,so 5644(e),CAPTCHA_BLOCKED,https://dpiit.gov.in/quality-control-orders,Look up S.O. 5644(e) on the DPIIT QCO portal (https://dpiit.gov.in/quality-control-orders) or Central e-Gazette (https://egazette.gov.in).
BIS-QCO-0203,s.o.5989(e),CAPTCHA_BLOCKED,https://dpiit.gov.in/quality-control-orders,Look up S.O. 5989(e) on the DPIIT QCO portal (https://dpiit.gov.in/quality-control-orders) or Central e-Gazette (https://egazette.gov.in).
BIS-QCO-0204,S.O.6044(E),CAPTCHA_BLOCKED,https://dpiit.gov.in/quality-control-orders,Look up S.O. 6044(E) on the DPIIT QCO portal (https://dpiit.gov.in/quality-control-orders) or Central e-Gazette (https://egazette.gov.in).
BIS-QCO-0205,S.O.6045(E),CAPTCHA_BLOCKED,https://dpiit.gov.in/quality-control-orders,Look up S.O. 6045(E) on the DPIIT QCO portal (https://dpiit.gov.in/quality-control-orders) or Central e-Gazette (https://egazette.gov.in).
BIS-QCO-0206,so 606,CAPTCHA_BLOCKED,https://dpiit.gov.in/quality-control-orders,Look up S.O. 606 on the DPIIT QCO portal (https://dpiit.gov.in/quality-control-orders) or Central e-Gazette (https://egazette.gov.in).
BIS-QCO-0207,S.O.6104(e),CAPTCHA_BLOCKED,https://dpiit.gov.in/quality-control-orders,Look up S.O. 6104(e) on the DPIIT QCO portal (https://dpiit.gov.in/quality-control-orders) or Central e-Gazette (https://egazette.gov.in).
BIS-QCO-0208,S.O.624(E),CAPTCHA_BLOCKED,https://dpiit.gov.in/quality-control-orders,Look up S.O. 624(E) on the DPIIT QCO portal (https://dpiit.gov.in/quality-control-orders) or Central e-Gazette (https://egazette.gov.in).
BIS-QCO-0209,S.O. 648(e),CAPTCHA_BLOCKED,https://dpiit.gov.in/quality-control-orders,Look up S.O. 648(e) on the DPIIT QCO portal (https://dpiit.gov.in/quality-control-orders) or Central e-Gazette (https://egazette.gov.in).
BIS-QCO-0210,S.O.667(E),CAPTCHA_BLOCKED,https://dpiit.gov.in/quality-control-orders,Look up S.O. 667(E) on the DPIIT QCO portal (https://dpiit.gov.in/quality-control-orders) or Central e-Gazette (https://egazette.gov.in).
BIS-QCO-0211,s.o.67(e),CAPTCHA_BLOCKED,https://dpiit.gov.in/quality-control-orders,Look up S.O. 67(e) on the DPIIT QCO portal (https://dpiit.gov.in/quality-control-orders) or Central e-Gazette (https://egazette.gov.in).
BIS-QCO-0212,SO670(E),CAPTCHA_BLOCKED,https://dpiit.gov.in/quality-control-orders,Look up S.O. 670(E) on the DPIIT QCO portal (https://dpiit.gov.in/quality-control-orders) or Central e-Gazette (https://egazette.gov.in).
BIS-QCO-0213,SO 6742,CAPTCHA_BLOCKED,https://dpiit.gov.in/quality-control-orders,Look up S.O. 6742 on the DPIIT QCO portal (https://dpiit.gov.in/quality-control-orders) or Central e-Gazette (https://egazette.gov.in).
BIS-QCO-0214,s.o.678(e),CAPTCHA_BLOCKED,https://dpiit.gov.in/quality-control-orders,Look up S.O. 678(e) on the DPIIT QCO portal (https://dpiit.gov.in/quality-control-orders) or Central e-Gazette (https://egazette.gov.in).
BIS-QCO-0215,so 687(e),CAPTCHA_BLOCKED,https://dpiit.gov.in/quality-control-orders,Look up S.O. 687(e) on the DPIIT QCO portal (https://dpiit.gov.in/quality-control-orders) or Central e-Gazette (https://egazette.gov.in).
BIS-QCO-0216,s.o.693(e),CAPTCHA_BLOCKED,https://dpiit.gov.in/quality-control-orders,Look up S.O. 693(e) on the DPIIT QCO portal (https://dpiit.gov.in/quality-control-orders) or Central e-Gazette (https://egazette.gov.in).
BIS-QCO-0217,SO 7045,CAPTCHA_BLOCKED,https://dpiit.gov.in/quality-control-orders,Look up S.O. 7045 on the DPIIT QCO portal (https://dpiit.gov.in/quality-control-orders) or Central e-Gazette (https://egazette.gov.in).
BIS-QCO-0218,SO 7046,CAPTCHA_BLOCKED,https://dpiit.gov.in/quality-control-orders,Look up S.O. 7046 on the DPIIT QCO portal (https://dpiit.gov.in/quality-control-orders) or Central e-Gazette (https://egazette.gov.in).
BIS-QCO-0219,SO7047,CAPTCHA_BLOCKED,https://dpiit.gov.in/quality-control-orders,Look up S.O. 7047 on the DPIIT QCO portal (https://dpiit.gov.in/quality-control-orders) or Central e-Gazette (https://egazette.gov.in).
BIS-QCO-0220,SO 7049,CAPTCHA_BLOCKED,https://dpiit.gov.in/quality-control-orders,Look up S.O. 7049 on the DPIIT QCO portal (https://dpiit.gov.in/quality-control-orders) or Central e-Gazette (https://egazette.gov.in).
BIS-QCO-0221,SO 7050,CAPTCHA_BLOCKED,https://dpiit.gov.in/quality-control-orders,Look up S.O. 7050 on the DPIIT QCO portal (https://dpiit.gov.in/quality-control-orders) or Central e-Gazette (https://egazette.gov.in).
BIS-QCO-0222,SO 7051,CAPTCHA_BLOCKED,https://dpiit.gov.in/quality-control-orders,Look up S.O. 7051 on the DPIIT QCO portal (https://dpiit.gov.in/quality-control-orders) or Central e-Gazette (https://egazette.gov.in).
BIS-QCO-0223,S.O. 738(e),CAPTCHA_BLOCKED,https://dpiit.gov.in/quality-control-orders,Look up S.O. 738(e) on the DPIIT QCO portal (https://dpiit.gov.in/quality-control-orders) or Central e-Gazette (https://egazette.gov.in).
BIS-QCO-0224,S.O.774(E),CAPTCHA_BLOCKED,https://dpiit.gov.in/quality-control-orders,Look up S.O. 774(E) on the DPIIT QCO portal (https://dpiit.gov.in/quality-control-orders) or Central e-Gazette (https://egazette.gov.in).
BIS-QCO-0225,S.O.776(E),CAPTCHA_BLOCKED,https://dpiit.gov.in/quality-control-orders,Look up S.O. 776(E) on the DPIIT QCO portal (https://dpiit.gov.in/quality-control-orders) or Central e-Gazette (https://egazette.gov.in).
BIS-QCO-0226,S.O.777(E),CAPTCHA_BLOCKED,https://dpiit.gov.in/quality-control-orders,Look up S.O. 777(E) on the DPIIT QCO portal (https://dpiit.gov.in/quality-control-orders) or Central e-Gazette (https://egazette.gov.in).
BIS-QCO-0227,s.o.796(e),CAPTCHA_BLOCKED,https://dpiit.gov.in/quality-control-orders,Look up S.O. 796(e) on the DPIIT QCO portal (https://dpiit.gov.in/quality-control-orders) or Central e-Gazette (https://egazette.gov.in).
BIS-QCO-0228,S.O.801(E),CAPTCHA_BLOCKED,https://dpiit.gov.in/quality-control-orders,Look up S.O. 801(E) on the DPIIT QCO portal (https://dpiit.gov.in/quality-control-orders) or Central e-Gazette (https://egazette.gov.in).
BIS-QCO-0229,so 830(e),CAPTCHA_BLOCKED,https://dpiit.gov.in/quality-control-orders,Look up S.O. 830(e) on the DPIIT QCO portal (https://dpiit.gov.in/quality-control-orders) or Central e-Gazette (https://egazette.gov.in).
BIS-QCO-0230,S.O.831(E),CAPTCHA_BLOCKED,https://dpiit.gov.in/quality-control-orders,Look up S.O. 831(E) on the DPIIT QCO portal (https://dpiit.gov.in/quality-control-orders) or Central e-Gazette (https://egazette.gov.in).
BIS-QCO-0231,s.o.836,CAPTCHA_BLOCKED,https://dpiit.gov.in/quality-control-orders,Look up S.O. 836 on the DPIIT QCO portal (https://dpiit.gov.in/quality-control-orders) or Central e-Gazette (https://egazette.gov.in).
BIS-QCO-0232,SO853(E),CAPTCHA_BLOCKED,https://dpiit.gov.in/quality-control-orders,Look up S.O. 853(E) on the DPIIT QCO portal (https://dpiit.gov.in/quality-control-orders) or Central e-Gazette (https://egazette.gov.in).
BIS-QCO-0233,S.O.882 (E),CAPTCHA_BLOCKED,https://dpiit.gov.in/quality-control-orders,Look up S.O. 882 (E) on the DPIIT QCO portal (https://dpiit.gov.in/quality-control-orders) or Central e-Gazette (https://egazette.gov.in).
BIS-QCO-0234,SO 884(E),CAPTCHA_BLOCKED,https://dpiit.gov.in/quality-control-orders,Look up S.O. 884(E) on the DPIIT QCO portal (https://dpiit.gov.in/quality-control-orders) or Central e-Gazette (https://egazette.gov.in).
BIS-QCO-0235,S.O. 895(E),CAPTCHA_BLOCKED,https://dpiit.gov.in/quality-control-orders,Look up S.O. 895(E) on the DPIIT QCO portal (https://dpiit.gov.in/quality-control-orders) or Central e-Gazette (https://egazette.gov.in).
BIS-QCO-0236,s.o.922(e),CAPTCHA_BLOCKED,https://dpiit.gov.in/quality-control-orders,Look up S.O. 922(e) on the DPIIT QCO portal (https://dpiit.gov.in/quality-control-orders) or Central e-Gazette (https://egazette.gov.in).
BIS-QCO-0237,s.o.948(e),CAPTCHA_BLOCKED,https://dpiit.gov.in/quality-control-orders,Look up S.O. 948(e) on the DPIIT QCO portal (https://dpiit.gov.in/quality-control-orders) or Central e-Gazette (https://egazette.gov.in).
BIS-QCO-0238,SO 9994,CAPTCHA_BLOCKED,https://dpiit.gov.in/quality-control-orders,Look up S.O. 9994 on the DPIIT QCO portal (https://dpiit.gov.in/quality-control-orders) or Central e-Gazette (https://egazette.gov.in).
