REF_ID,Authority,Category,Citation_As_Per_CSV,Document_Date,Resolved_Source_URL,Local_File_Path,File_Size_Bytes,Download_Status,Associated_CTH_Count
ACT-0001,Parliament of India,01_Parent_Acts,"A of the Livestock Importation Act, 1898",,https://www.indiacode.nic.in/simple-search?query=A%20of%20the%20Livestock%20Importation%20Act%2C%201898,,0,MANUAL_ACCESS_REQUIRED,19
ACT-0002,Parliament of India,01_Parent_Acts,"Aircraft Act, 1934",,https://www.indiacode.nic.in/simple-search?query=Aircraft%20Act%2C%201934,,0,MANUAL_ACCESS_REQUIRED,8
ACT-0003,Parliament of India,01_Parent_Acts,Arms Act 1959,,https://bombayhighcourt.gov.in/bhc/libweb/legislation/actc/1959.54.pdf,/Users/kanchigupta/Desktop/kanchi AI projects/CCR codification/Statutory_Repository/01_Parent_Acts/Parliament_of_India_Act_Arms_Act_1959_1959.pdf,3070314,SUCCESS,4
ACT-0004,Parliament of India,01_Parent_Acts,As Defined Under The Msmed Act 2006,,https://www.indiacode.nic.in/simple-search?query=As%20Defined%20Under%20The%20Msmed%20Act%202006,,0,MANUAL_ACCESS_REQUIRED,5
ACT-0005,Parliament of India,01_Parent_Acts,Atomic Energy Act 1962,,https://bombayhighcourt.gov.in/bhc/libweb/legislation/actc/1962.33.pdf,/Users/kanchigupta/Desktop/kanchi AI projects/CCR codification/Statutory_Repository/01_Parent_Acts/Parliament_of_India_Act_Atomic_Energy_Act_1962_1962.pdf,138671,SUCCESS,3
ACT-0006,Parliament of India,01_Parent_Acts,"Atomic Energy Act, 1962",,https://bombayhighcourt.gov.in/bhc/libweb/legislation/actc/1962.33.pdf,"/Users/kanchigupta/Desktop/kanchi AI projects/CCR codification/Statutory_Repository/01_Parent_Acts/Parliament_of_India_Act_Atomic_Energy_Act,_1962_1962.pdf",138671,SUCCESS,94
ACT-0007,Parliament of India,01_Parent_Acts,"Bureau of Energy Efficiency (Appliance Labeling and Compliance) Regulations & Legal Metrology Act, 2009",,https://www.indiacode.nic.in/simple-search?query=Bureau%20of%20Energy%20Efficiency%20%28Appliance%20Labeling%20and%20Compliance%29%20Regulations%20%26%20Legal%20Metrology%20Act%2C%202009,,0,MANUAL_ACCESS_REQUIRED,1
ACT-0008,Parliament of India,01_Parent_Acts,"Bureau of Indian Standards Act, 2016",,https://www.indiacode.nic.in/simple-search?query=Bureau%20of%20Indian%20Standards%20Act%2C%202016,,0,MANUAL_ACCESS_REQUIRED,2458
ACT-0009,Parliament of India,01_Parent_Acts,"CHIMS) & Bureau of Indian Standards Act, 2016",,https://www.indiacode.nic.in/simple-search?query=CHIMS%29%20%26%20Bureau%20of%20Indian%20Standards%20Act%2C%202016,,0,MANUAL_ACCESS_REQUIRED,6
ACT-0010,Parliament of India,01_Parent_Acts,"Cable Television Networks (Regulation) Act, 1995",,https://bombayhighcourt.gov.in/bhc/libweb/legislation/actc/1995.07.pdf,"/Users/kanchigupta/Desktop/kanchi AI projects/CCR codification/Statutory_Repository/01_Parent_Acts/Parliament_of_India_Act_Cable_Television_Networks_(Regulation)_Act,_1995_1995.pdf",292777,SUCCESS,36
ACT-0011,Parliament of India,01_Parent_Acts,"Chemical Weapons Convention Act, 2000",,https://bombayhighcourt.gov.in/bhc/libweb/legislation/actc/2000.34.pdf,"/Users/kanchigupta/Desktop/kanchi AI projects/CCR codification/Statutory_Repository/01_Parent_Acts/Parliament_of_India_Act_Chemical_Weapons_Convention_Act,_2000_2000.pdf",909826,SUCCESS,180
ACT-0012,Parliament of India,01_Parent_Acts,"Chemical Weapons Convention Rules & Chemical Weapons Convention Act, 2000",,https://bombayhighcourt.gov.in/bhc/libweb/legislation/actc/2000.34.pdf,"/Users/kanchigupta/Desktop/kanchi AI projects/CCR codification/Statutory_Repository/01_Parent_Acts/Parliament_of_India_Act_Chemical_Weapons_Convention_Rules_&_Chemical_Weapons_Convention_Act,_2000_2000.pdf",909826,SUCCESS,150
ACT-0013,Parliament of India,01_Parent_Acts,"Cinematograph Act, 1952",,https://www.indiacode.nic.in/simple-search?query=Cinematograph%20Act%2C%201952,,0,MANUAL_ACCESS_REQUIRED,2
ACT-0014,Parliament of India,01_Parent_Acts,"Coastal Aquaculture Authority Act, 2005",,https://www.indiacode.nic.in/simple-search?query=Coastal%20Aquaculture%20Authority%20Act%2C%202005,,0,MANUAL_ACCESS_REQUIRED,87
ACT-0015,Parliament of India,01_Parent_Acts,"Coffee Act, 1942",,https://www.indiacode.nic.in/simple-search?query=Coffee%20Act%2C%201942,,0,MANUAL_ACCESS_REQUIRED,28
ACT-0016,Parliament of India,01_Parent_Acts,"Compulsory Registration Scheme (CRS) & Atomic Energy Act, 1962",,https://bombayhighcourt.gov.in/bhc/libweb/legislation/actc/1962.33.pdf,"/Users/kanchigupta/Desktop/kanchi AI projects/CCR codification/Statutory_Repository/01_Parent_Acts/Parliament_of_India_Act_Compulsory_Registration_Scheme_(CRS)_&_Atomic_Energy_Act,_1962_1962.pdf",138671,SUCCESS,2
ACT-0017,Parliament of India,01_Parent_Acts,"Compulsory Registration Scheme (CRS) & Bureau of Indian Standards Act, 2016",,https://www.indiacode.nic.in/simple-search?query=Compulsory%20Registration%20Scheme%20%28CRS%29%20%26%20Bureau%20of%20Indian%20Standards%20Act%2C%202016,,0,MANUAL_ACCESS_REQUIRED,498
ACT-0018,Parliament of India,01_Parent_Acts,"Compulsory Registration Scheme (CRS) & Chemical Weapons Convention Act, 2000",,https://bombayhighcourt.gov.in/bhc/libweb/legislation/actc/2000.34.pdf,"/Users/kanchigupta/Desktop/kanchi AI projects/CCR codification/Statutory_Repository/01_Parent_Acts/Parliament_of_India_Act_Compulsory_Registration_Scheme_(CRS)_&_Chemical_Weapons_Convention_Act,_2000_2000.pdf",909826,SUCCESS,4
ACT-0019,Parliament of India,01_Parent_Acts,"Compulsory Registration Scheme (CRS) & Energy Conservation Act, 2001",,https://bombayhighcourt.gov.in/bhc/libweb/legislation/actc/2001.52.pdf,"/Users/kanchigupta/Desktop/kanchi AI projects/CCR codification/Statutory_Repository/01_Parent_Acts/Parliament_of_India_Act_Compulsory_Registration_Scheme_(CRS)_&_Energy_Conservation_Act,_2001_2001.pdf",294825,SUCCESS,6
ACT-0020,Parliament of India,01_Parent_Acts,"Compulsory Registration Scheme (CRS) & Explosives Act, 1884",,https://bombayhighcourt.gov.in/bhc/libweb/legislation/actc/1884.04.pdf,"/Users/kanchigupta/Desktop/kanchi AI projects/CCR codification/Statutory_Repository/01_Parent_Acts/Parliament_of_India_Act_Compulsory_Registration_Scheme_(CRS)_&_Explosives_Act,_1884_1884.pdf",1564999,SUCCESS,14
ACT-0021,Parliament of India,01_Parent_Acts,"Compulsory Registration Scheme (CRS) & Indian Telegraph Act, 1885",,https://www.indiacode.nic.in/simple-search?query=Compulsory%20Registration%20Scheme%20%28CRS%29%20%26%20Indian%20Telegraph%20Act%2C%201885,,0,MANUAL_ACCESS_REQUIRED,1
ACT-0022,Parliament of India,01_Parent_Acts,"Compulsory Registration Scheme (CRS) & Legal Metrology Act, 2009",,https://www.indiacode.nic.in/simple-search?query=Compulsory%20Registration%20Scheme%20%28CRS%29%20%26%20Legal%20Metrology%20Act%2C%202009,,0,MANUAL_ACCESS_REQUIRED,16
ACT-0023,Parliament of India,01_Parent_Acts,"Conservation of Foreign Exchange and Prevention of Smuggling Activities Act, 1974",,https://www.indiacode.nic.in/simple-search?query=Conservation%20of%20Foreign%20Exchange%20and%20Prevention%20of%20Smuggling%20Activities%20Act%2C%201974,,0,MANUAL_ACCESS_REQUIRED,155
ACT-0024,Parliament of India,01_Parent_Acts,"Consumer Protection Act, 2019",,https://www.indiacode.nic.in/simple-search?query=Consumer%20Protection%20Act%2C%202019,,0,MANUAL_ACCESS_REQUIRED,133
ACT-0025,Parliament of India,01_Parent_Acts,"Customs Act, 1962",,https://www.indiacode.nic.in/bitstream/123456789/15359/1/the_customs_act%2C_1962.pdf,"/Users/kanchigupta/Desktop/kanchi AI projects/CCR codification/Statutory_Repository/01_Parent_Acts/Parliament_of_India_Act_Customs_Act,_1962_1962.pdf",1014893,SUCCESS,3960
ACT-0026,Parliament of India,01_Parent_Acts,"Customs Tariff Act, 1975",,https://www.indiacode.nic.in/simple-search?query=Customs%20Tariff%20Act%2C%201975,,0,MANUAL_ACCESS_REQUIRED,2967
ACT-0027,Parliament of India,01_Parent_Acts,"DPIIT QCOs) & Bureau of Indian Standards Act, 2016",,https://www.indiacode.nic.in/simple-search?query=DPIIT%20QCOs%29%20%26%20Bureau%20of%20Indian%20Standards%20Act%2C%202016,,0,MANUAL_ACCESS_REQUIRED,12
ACT-0028,Parliament of India,01_Parent_Acts,"Destructive Insects and Pests Act, 1914",,https://www.indiacode.nic.in/simple-search?query=Destructive%20Insects%20and%20Pests%20Act%2C%201914,,0,MANUAL_ACCESS_REQUIRED,678
ACT-0029,Parliament of India,01_Parent_Acts,"Distribution, Storage And Advertisement) Act, 2019",,https://www.indiacode.nic.in/simple-search?query=Distribution%2C%20Storage%20And%20Advertisement%29%20Act%2C%202019,,0,MANUAL_ACCESS_REQUIRED,2
ACT-0030,Parliament of India,01_Parent_Acts,"Distribution, Storage and Advertisement) Act, 2019",,https://www.indiacode.nic.in/simple-search?query=Distribution%2C%20Storage%20and%20Advertisement%29%20Act%2C%202019,,0,MANUAL_ACCESS_REQUIRED,1
ACT-0031,Parliament of India,01_Parent_Acts,"Drugs And Cosmetics Act, 1940",,https://www.indiacode.nic.in/simple-search?query=Drugs%20And%20Cosmetics%20Act%2C%201940,,0,MANUAL_ACCESS_REQUIRED,3
ACT-0032,Parliament of India,01_Parent_Acts,"Drugs and Cosmetics Act, 1940",,https://www.indiacode.nic.in/simple-search?query=Drugs%20and%20Cosmetics%20Act%2C%201940,,0,MANUAL_ACCESS_REQUIRED,1238
ACT-0033,Parliament of India,01_Parent_Acts,"Energy Conservation Act, 2001",,https://bombayhighcourt.gov.in/bhc/libweb/legislation/actc/2001.52.pdf,"/Users/kanchigupta/Desktop/kanchi AI projects/CCR codification/Statutory_Repository/01_Parent_Acts/Parliament_of_India_Act_Energy_Conservation_Act,_2001_2001.pdf",294825,SUCCESS,203
ACT-0034,Parliament of India,01_Parent_Acts,"Enterprises As Defined In MSMEDevelopment Act, 2006",,https://www.indiacode.nic.in/simple-search?query=Enterprises%20As%20Defined%20In%20MSMEDevelopment%20Act%2C%202006,,0,MANUAL_ACCESS_REQUIRED,1
ACT-0035,Parliament of India,01_Parent_Acts,"Enterprises As Defined In Msme Development Act, 2006",,https://www.indiacode.nic.in/simple-search?query=Enterprises%20As%20Defined%20In%20Msme%20Development%20Act%2C%202006,,0,MANUAL_ACCESS_REQUIRED,48
ACT-0036,Parliament of India,01_Parent_Acts,Enterprises as Defined in MSME Development Act 2006,,https://www.indiacode.nic.in/simple-search?query=Enterprises%20as%20Defined%20in%20MSME%20Development%20Act%202006,,0,MANUAL_ACCESS_REQUIRED,1
ACT-0037,Parliament of India,01_Parent_Acts,"Enterprises as Defined in MSME Development Act, 2006",,https://www.indiacode.nic.in/simple-search?query=Enterprises%20as%20Defined%20in%20MSME%20Development%20Act%2C%202006,,0,MANUAL_ACCESS_REQUIRED,10
ACT-0038,Parliament of India,01_Parent_Acts,Enterprises as defined in MSME Development Act 2006,,https://www.indiacode.nic.in/simple-search?query=Enterprises%20as%20defined%20in%20MSME%20Development%20Act%202006,,0,MANUAL_ACCESS_REQUIRED,4
ACT-0039,Parliament of India,01_Parent_Acts,"Environment (Protection) Act, 1986",,https://bombayhighcourt.gov.in/bhc/libweb/legislation/actc/1986.29.pdf,"/Users/kanchigupta/Desktop/kanchi AI projects/CCR codification/Statutory_Repository/01_Parent_Acts/Parliament_of_India_Act_Environment_(Protection)_Act,_1986_1986.pdf",8104293,SUCCESS,2060
ACT-0040,Parliament of India,01_Parent_Acts,"Explosive Act, 1884",,https://bombayhighcourt.gov.in/bhc/libweb/legislation/actc/1884.04.pdf,"/Users/kanchigupta/Desktop/kanchi AI projects/CCR codification/Statutory_Repository/01_Parent_Acts/Parliament_of_India_Act_Explosive_Act,_1884_1884.pdf",1564999,SUCCESS,2
ACT-0041,Parliament of India,01_Parent_Acts,"Explosives Act, 1884",,https://bombayhighcourt.gov.in/bhc/libweb/legislation/actc/1884.04.pdf,"/Users/kanchigupta/Desktop/kanchi AI projects/CCR codification/Statutory_Repository/01_Parent_Acts/Parliament_of_India_Act_Explosives_Act,_1884_1884.pdf",1564999,SUCCESS,138
ACT-0042,Parliament of India,01_Parent_Acts,"Food Safety and Standards Act, 2006",,https://bombayhighcourt.gov.in/bhc/libweb/legislation/actc/2006.34.pdf,"/Users/kanchigupta/Desktop/kanchi AI projects/CCR codification/Statutory_Repository/01_Parent_Acts/Parliament_of_India_Act_Food_Safety_and_Standards_Act,_2006_2006.pdf",266037,SUCCESS,1634
ACT-0043,Parliament of India,01_Parent_Acts,"Foreign Exchange Management Act, 1999",,https://bombayhighcourt.gov.in/bhc/libweb/legislation/actc/1999.42.pdf,"/Users/kanchigupta/Desktop/kanchi AI projects/CCR codification/Statutory_Repository/01_Parent_Acts/Parliament_of_India_Act_Foreign_Exchange_Management_Act,_1999_1999.pdf",371368,SUCCESS,18
ACT-0044,Parliament of India,01_Parent_Acts,"Foreign Trade (Development and Regulation) Act, 1992",,https://bombayhighcourt.gov.in/bhc/libweb/legislation/actc/1992.22.pdf,"/Users/kanchigupta/Desktop/kanchi AI projects/CCR codification/Statutory_Repository/01_Parent_Acts/Parliament_of_India_Act_Foreign_Trade_(Development_and_Regulation)_Act,_1992_1992.pdf",234169,SUCCESS,8167
ACT-0045,Parliament of India,01_Parent_Acts,"Goods (Registration and Protection) Act, 1999",,https://bombayhighcourt.gov.in/bhc/libweb/legislation/actc/1999.48.pdf,"/Users/kanchigupta/Desktop/kanchi AI projects/CCR codification/Statutory_Repository/01_Parent_Acts/Parliament_of_India_Act_Goods_(Registration_and_Protection)_Act,_1999_1999.pdf",311045,SUCCESS,1
ACT-0046,Parliament of India,01_Parent_Acts,"ITC (HS) Import Policy & Aircraft Act, 1934",,https://www.indiacode.nic.in/simple-search?query=ITC%20%28HS%29%20Import%20Policy%20%26%20Aircraft%20Act%2C%201934,,0,MANUAL_ACCESS_REQUIRED,10
ACT-0047,Parliament of India,01_Parent_Acts,"ITC (HS) Import Policy & Arms Act, 1959",,https://bombayhighcourt.gov.in/bhc/libweb/legislation/actc/1959.54.pdf,"/Users/kanchigupta/Desktop/kanchi AI projects/CCR codification/Statutory_Repository/01_Parent_Acts/Parliament_of_India_Act_ITC_(HS)_Import_Policy_&_Arms_Act,_1959_1959.pdf",3070314,SUCCESS,4
ACT-0048,Parliament of India,01_Parent_Acts,"ITC (HS) Import Policy & Chemical Weapons Convention Act, 2000",,https://bombayhighcourt.gov.in/bhc/libweb/legislation/actc/2000.34.pdf,"/Users/kanchigupta/Desktop/kanchi AI projects/CCR codification/Statutory_Repository/01_Parent_Acts/Parliament_of_India_Act_ITC_(HS)_Import_Policy_&_Chemical_Weapons_Convention_Act,_2000_2000.pdf",909826,SUCCESS,94
ACT-0049,Parliament of India,01_Parent_Acts,"ITC (HS) Import Policy & Drugs and Cosmetics Act, 1940",,https://www.indiacode.nic.in/simple-search?query=ITC%20%28HS%29%20Import%20Policy%20%26%20Drugs%20and%20Cosmetics%20Act%2C%201940,,0,MANUAL_ACCESS_REQUIRED,63
ACT-0050,Parliament of India,01_Parent_Acts,"ITC (HS) Import Policy & Essential Commodities Act, 1955",,https://www.indiacode.nic.in/simple-search?query=ITC%20%28HS%29%20Import%20Policy%20%26%20Essential%20Commodities%20Act%2C%201955,,0,MANUAL_ACCESS_REQUIRED,4
ACT-0051,Parliament of India,01_Parent_Acts,"ITC (HS) Import Policy & Foreign Exchange Management Act, 1999",,https://bombayhighcourt.gov.in/bhc/libweb/legislation/actc/1999.42.pdf,"/Users/kanchigupta/Desktop/kanchi AI projects/CCR codification/Statutory_Repository/01_Parent_Acts/Parliament_of_India_Act_ITC_(HS)_Import_Policy_&_Foreign_Exchange_Management_Act,_1999_1999.pdf",371368,SUCCESS,6
ACT-0052,Parliament of India,01_Parent_Acts,"ITC (HS) Import Policy & Motor Vehicles Act, 1988",,https://bombayhighcourt.gov.in/bhc/libweb/legislation/actc/1988.59.pdf,"/Users/kanchigupta/Desktop/kanchi AI projects/CCR codification/Statutory_Repository/01_Parent_Acts/Parliament_of_India_Act_ITC_(HS)_Import_Policy_&_Motor_Vehicles_Act,_1988_1988.pdf",4298267,SUCCESS,1
ACT-0053,Parliament of India,01_Parent_Acts,"ITC (HS) Import Policy & Wild Life (Protection) Act, 1972",,https://www.indiacode.nic.in/simple-search?query=ITC%20%28HS%29%20Import%20Policy%20%26%20Wild%20Life%20%28Protection%29%20Act%2C%201972,,0,MANUAL_ACCESS_REQUIRED,4
ACT-0054,Parliament of India,01_Parent_Acts,"Indian Telegraph Act, 1885",,https://www.indiacode.nic.in/simple-search?query=Indian%20Telegraph%20Act%2C%201885,,0,MANUAL_ACCESS_REQUIRED,213
ACT-0055,Parliament of India,01_Parent_Acts,"Indian Wireless Telegraphy Act, 1933",,https://www.indiacode.nic.in/simple-search?query=Indian%20Wireless%20Telegraphy%20Act%2C%201933,,0,MANUAL_ACCESS_REQUIRED,98
ACT-0056,Parliament of India,01_Parent_Acts,Insecticide Act 1968,,https://www.indiacode.nic.in/simple-search?query=Insecticide%20Act%201968,,0,MANUAL_ACCESS_REQUIRED,25
ACT-0057,Parliament of India,01_Parent_Acts,"Insecticides Act, 1968",,https://www.indiacode.nic.in/simple-search?query=Insecticides%20Act%2C%201968,,0,MANUAL_ACCESS_REQUIRED,1023
ACT-0058,Parliament of India,01_Parent_Acts,"Jute Manufactures Development Council Act, 1983",,https://www.indiacode.nic.in/simple-search?query=Jute%20Manufactures%20Development%20Council%20Act%2C%201983,,0,MANUAL_ACCESS_REQUIRED,46
ACT-0059,Parliament of India,01_Parent_Acts,"Legal Metrology Act, 2009",,https://www.indiacode.nic.in/simple-search?query=Legal%20Metrology%20Act%2C%202009,,0,MANUAL_ACCESS_REQUIRED,173
ACT-0060,Parliament of India,01_Parent_Acts,"Live-stock Importation Act, 1898",,https://www.dahd.gov.in:80/sites/default/files/2023-07/TheLive-stockImportationAct-1898.pdf,"/Users/kanchigupta/Desktop/kanchi AI projects/CCR codification/Statutory_Repository/01_Parent_Acts/Parliament_of_India_Act_Live-stock_Importation_Act,_1898_1898.pdf",80776,SUCCESS,769
ACT-0061,Parliament of India,01_Parent_Acts,"Micro, Small and Medium Enterprises Development Act, 2006",,https://bombayhighcourt.gov.in/bhc/libweb/legislation/actc/2006.27.pdf,"/Users/kanchigupta/Desktop/kanchi AI projects/CCR codification/Statutory_Repository/01_Parent_Acts/Parliament_of_India_Act_Micro,_Small_and_Medium_Enterprises_Development_Act,_2006_2006.pdf",290578,SUCCESS,537
ACT-0062,Parliament of India,01_Parent_Acts,"Minamata Convention on Mercury & Public Liability Insurance Act, 1991",,https://bombayhighcourt.gov.in/bhc/libweb/legislation/actc/1991.06.pdf,"/Users/kanchigupta/Desktop/kanchi AI projects/CCR codification/Statutory_Repository/01_Parent_Acts/Parliament_of_India_Act_Minamata_Convention_on_Mercury_&_Public_Liability_Insurance_Act,_1991_1991.pdf",266822,SUCCESS,1065
ACT-0063,Parliament of India,01_Parent_Acts,"Motor Vehicles Act, 1988",,https://bombayhighcourt.gov.in/bhc/libweb/legislation/actc/1988.59.pdf,"/Users/kanchigupta/Desktop/kanchi AI projects/CCR codification/Statutory_Repository/01_Parent_Acts/Parliament_of_India_Act_Motor_Vehicles_Act,_1988_1988.pdf",4298267,SUCCESS,193
ACT-0064,Parliament of India,01_Parent_Acts,"NFMIMS - Non-Ferrous Metals Import Monitoring System) & Bureau of Indian Standards Act, 2016",,https://www.indiacode.nic.in/simple-search?query=NFMIMS%20-%20Non-Ferrous%20Metals%20Import%20Monitoring%20System%29%20%26%20Bureau%20of%20Indian%20Standards%20Act%2C%202016,,0,MANUAL_ACCESS_REQUIRED,4
ACT-0065,Parliament of India,01_Parent_Acts,"Narcotic Drugs and Psychotropic Substances Act, 1985",,https://www.indiacode.nic.in/simple-search?query=Narcotic%20Drugs%20and%20Psychotropic%20Substances%20Act%2C%201985,,0,MANUAL_ACCESS_REQUIRED,1020
ACT-0066,Parliament of India,01_Parent_Acts,"Of Legal Metrology Act, 2009",,https://www.indiacode.nic.in/simple-search?query=Of%20Legal%20Metrology%20Act%2C%202009,,0,MANUAL_ACCESS_REQUIRED,2
ACT-0067,Parliament of India,01_Parent_Acts,"Petroleum Act, 1934",,https://www.indiacode.nic.in/simple-search?query=Petroleum%20Act%2C%201934,,0,MANUAL_ACCESS_REQUIRED,148
ACT-0068,Parliament of India,01_Parent_Acts,"Press and Registration of Periodicals Act, 2023",,https://www.indiacode.nic.in/simple-search?query=Press%20and%20Registration%20of%20Periodicals%20Act%2C%202023,,0,MANUAL_ACCESS_REQUIRED,38
ACT-0069,Parliament of India,01_Parent_Acts,"Prevention and Control of Infectious and Contagious Diseases in Animals Act, 2009",,https://www.indiacode.nic.in/simple-search?query=Prevention%20and%20Control%20of%20Infectious%20and%20Contagious%20Diseases%20in%20Animals%20Act%2C%202009,,0,MANUAL_ACCESS_REQUIRED,762
ACT-0070,Parliament of India,01_Parent_Acts,"Public Liability Insurance Act, 1991",,https://bombayhighcourt.gov.in/bhc/libweb/legislation/actc/1991.06.pdf,"/Users/kanchigupta/Desktop/kanchi AI projects/CCR codification/Statutory_Repository/01_Parent_Acts/Parliament_of_India_Act_Public_Liability_Insurance_Act,_1991_1991.pdf",266822,SUCCESS,1516
ACT-0071,Parliament of India,01_Parent_Acts,"Rubber Act, 1947",,https://www.indiacode.nic.in/simple-search?query=Rubber%20Act%2C%201947,,0,MANUAL_ACCESS_REQUIRED,10
ACT-0072,Parliament of India,01_Parent_Acts,"SIMS) & Bureau of Indian Standards Act, 2016",,https://www.indiacode.nic.in/simple-search?query=SIMS%29%20%26%20Bureau%20of%20Indian%20Standards%20Act%2C%202016,,0,MANUAL_ACCESS_REQUIRED,441
ACT-0073,Parliament of India,01_Parent_Acts,"Small And Medium Enterprises Development Act, 2006",,https://bombayhighcourt.gov.in/bhc/libweb/legislation/actc/2006.27.pdf,"/Users/kanchigupta/Desktop/kanchi AI projects/CCR codification/Statutory_Repository/01_Parent_Acts/Parliament_of_India_Act_Small_And_Medium_Enterprises_Development_Act,_2006_2006.pdf",290578,SUCCESS,7
ACT-0074,Parliament of India,01_Parent_Acts,"Small and Medium Enterprises Development Act, 2006",,https://bombayhighcourt.gov.in/bhc/libweb/legislation/actc/2006.27.pdf,"/Users/kanchigupta/Desktop/kanchi AI projects/CCR codification/Statutory_Repository/01_Parent_Acts/Parliament_of_India_Act_Small_and_Medium_Enterprises_Development_Act,_2006_2006.pdf",290578,SUCCESS,15
ACT-0075,Parliament of India,01_Parent_Acts,"Small, and Medium Enterprises Development Act, 2006",,https://www.indiacode.nic.in/simple-search?query=Small%2C%20and%20Medium%20Enterprises%20Development%20Act%2C%202006,,0,MANUAL_ACCESS_REQUIRED,3
ACT-0076,Parliament of India,01_Parent_Acts,"Small, and Medium enterprises Development Act, 2006",,https://www.indiacode.nic.in/simple-search?query=Small%2C%20and%20Medium%20enterprises%20Development%20Act%2C%202006,,0,MANUAL_ACCESS_REQUIRED,2
ACT-0077,Parliament of India,01_Parent_Acts,"Tea Act, 1953",,https://www.indiacode.nic.in/simple-search?query=Tea%20Act%2C%201953,,0,MANUAL_ACCESS_REQUIRED,20
ACT-0078,Parliament of India,01_Parent_Acts,"Textiles Committee Act, 1963",,https://www.indiacode.nic.in/simple-search?query=Textiles%20Committee%20Act%2C%201963,,0,MANUAL_ACCESS_REQUIRED,42
ACT-0079,Parliament of India,01_Parent_Acts,To Micro Enterprises As Defined In Msmed Act 2006,,https://www.indiacode.nic.in/simple-search?query=To%20Micro%20Enterprises%20As%20Defined%20In%20Msmed%20Act%202006,,0,MANUAL_ACCESS_REQUIRED,21
ACT-0080,Parliament of India,01_Parent_Acts,"Wild Life (Protection) Act, 1972",,https://www.indiacode.nic.in/simple-search?query=Wild%20Life%20%28Protection%29%20Act%2C%201972,,0,MANUAL_ACCESS_REQUIRED,208
ACT-0081,Parliament of India,01_Parent_Acts,"Wild Life (protection) Act, 1972",,https://www.indiacode.nic.in/simple-search?query=Wild%20Life%20%28protection%29%20Act%2C%201972,,0,MANUAL_ACCESS_REQUIRED,6
ACT-0082,Parliament of India,01_Parent_Acts,"Wild Life Act, 1972",,https://www.indiacode.nic.in/simple-search?query=Wild%20Life%20Act%2C%201972,,0,MANUAL_ACCESS_REQUIRED,3
CBIC-0001,CBIC,03_CBIC_Customs,cir no.01/13-cus,,https://taxinformation.cbic.gov.in/customs-circulars/01-13-cus,,0,MANUAL_ACCESS_REQUIRED,2
CBIC-0002,CBIC,03_CBIC_Customs,CBIC cir 02/2014-CUS,,https://taxinformation.cbic.gov.in/customs-circulars/02-2014-CUS,,0,MANUAL_ACCESS_REQUIRED,24
CBIC-0003,CBIC,03_CBIC_Customs,circular 02/2020-ci,,https://taxinformation.cbic.gov.in/customs-circulars/02-2020-ci,,0,MANUAL_ACCESS_REQUIRED,62
CBIC-0004,CBIC,03_CBIC_Customs,cir 03/12-CUS,,https://taxinformation.cbic.gov.in/customs-circulars/03-12-CUS,,0,MANUAL_ACCESS_REQUIRED,2
CBIC-0005,CBIC,03_CBIC_Customs,circular 03/2012-CUS,,https://taxinformation.cbic.gov.in/customs-circulars/03-2012-CUS,,0,MANUAL_ACCESS_REQUIRED,2
CBIC-0006,CBIC,03_CBIC_Customs,circular no.05/2025-ci,,https://taxinformation.cbic.gov.in/customs-circulars/05-2025-ci,,0,MANUAL_ACCESS_REQUIRED,82
CBIC-0007,CBIC,03_CBIC_Customs,Circular 07/2014-CUS,,https://taxinformation.cbic.gov.in/customs-circulars/07-2014-CUS,,0,MANUAL_ACCESS_REQUIRED,38
CBIC-0008,CBIC,03_CBIC_Customs,Circular No. 07/2025-Cus,,https://taxinformation.cbic.gov.in/customs-circulars/07-2025-Cus,,0,MANUAL_ACCESS_REQUIRED,2
CBIC-0009,CBIC,03_CBIC_Customs,cir. no. 1022/10,,https://taxinformation.cbic.gov.in/customs-circulars/1022-10,,0,MANUAL_ACCESS_REQUIRED,1
CBIC-0010,CBIC,03_CBIC_Customs,cir. no. 1039/27,,https://taxinformation.cbic.gov.in/customs-circulars/1039-27,,0,MANUAL_ACCESS_REQUIRED,1
CBIC-0011,CBIC,03_CBIC_Customs,CBIC Circular 11/2026-Customs,,https://taxinformation.cbic.gov.in/customs-circulars/11-2026-Customs,,0,MANUAL_ACCESS_REQUIRED,2
CBIC-0012,CBIC,03_CBIC_Customs,cir 12/13,,https://taxinformation.cbic.gov.in/customs-circulars/12-13,,0,MANUAL_ACCESS_REQUIRED,1
CBIC-0013,CBIC,03_CBIC_Customs,cir no. 12/13-cases,,https://taxinformation.cbic.gov.in/customs-circulars/12-13-cases,,0,MANUAL_ACCESS_REQUIRED,1
CBIC-0014,CBIC,03_CBIC_Customs,CBIC cir 13/13-CUS,,https://taxinformation.cbic.gov.in/customs-circulars/13-13-CUS,,0,MANUAL_ACCESS_REQUIRED,23
CBIC-0015,CBIC,03_CBIC_Customs,CBIC cir no. 13/2013-CUS,,https://taxinformation.cbic.gov.in/customs-circulars/13-2013-CUS,,0,MANUAL_ACCESS_REQUIRED,4
CBIC-0016,CBIC,03_CBIC_Customs,CBIC Cir 14/12-Cus,,https://taxinformation.cbic.gov.in/customs-circulars/14-12-Cus,,0,MANUAL_ACCESS_REQUIRED,20
CBIC-0017,CBIC,03_CBIC_Customs,CBIC circular no 15/2023-CUS,,https://taxinformation.cbic.gov.in/customs-circulars/15-2023-CUS,,0,MANUAL_ACCESS_REQUIRED,175
CBIC-0018,CBIC,03_CBIC_Customs,CBIC circular 15/23-CUS,,https://taxinformation.cbic.gov.in/customs-circulars/15-23-CUS,,0,MANUAL_ACCESS_REQUIRED,6
CBIC-0019,CBIC,03_CBIC_Customs,CBIC Cir 17/13-CUS,,https://taxinformation.cbic.gov.in/customs-circulars/17-13-CUS,,0,MANUAL_ACCESS_REQUIRED,79
CBIC-0020,CBIC,03_CBIC_Customs,CBIC cir 17/2013-CUS,,https://taxinformation.cbic.gov.in/customs-circulars/17-2013-CUS,,0,MANUAL_ACCESS_REQUIRED,20
CBIC-0021,CBIC,03_CBIC_Customs,CBIC Circular No. 18/2024-Customs,,https://taxinformation.cbic.gov.in/customs-circulars/18-2024-Customs,,0,MANUAL_ACCESS_REQUIRED,1
CBIC-0022,CBIC,03_CBIC_Customs,cir 2/06,,https://taxinformation.cbic.gov.in/customs-circulars/2-06,,0,MANUAL_ACCESS_REQUIRED,1
CBIC-0023,CBIC,03_CBIC_Customs,cir 20/13-cus,,https://taxinformation.cbic.gov.in/customs-circulars/20-13-cus,,0,MANUAL_ACCESS_REQUIRED,8
CBIC-0024,CBIC,03_CBIC_Customs,CBIC cir 20/2013-CUS,,https://taxinformation.cbic.gov.in/customs-circulars/20-2013-CUS,,0,MANUAL_ACCESS_REQUIRED,10
CBIC-0025,CBIC,03_CBIC_Customs,CBIC circular 21/2024-CUS,,https://taxinformation.cbic.gov.in/customs-circulars/21-2024-CUS,,0,MANUAL_ACCESS_REQUIRED,4
CBIC-0026,CBIC,03_CBIC_Customs,CBIC circular 23/18-CUS,,https://taxinformation.cbic.gov.in/customs-circulars/23-18-CUS,,0,MANUAL_ACCESS_REQUIRED,2
CBIC-0027,CBIC,03_CBIC_Customs,CBIC circular 23/2023-CUS,,https://taxinformation.cbic.gov.in/customs-circulars/23-2023-CUS,,0,MANUAL_ACCESS_REQUIRED,1887
CBIC-0028,CBIC,03_CBIC_Customs,CBIC circular 23/23-CUS,,https://taxinformation.cbic.gov.in/customs-circulars/23-23-CUS,,0,MANUAL_ACCESS_REQUIRED,147
CBIC-0029,CBIC,03_CBIC_Customs,cir 24/13,,https://taxinformation.cbic.gov.in/customs-circulars/24-13,,0,MANUAL_ACCESS_REQUIRED,6
CBIC-0030,CBIC,03_CBIC_Customs,CBIC circular 24/2013-CUS,,https://taxinformation.cbic.gov.in/customs-circulars/24-2013-CUS,,0,MANUAL_ACCESS_REQUIRED,1
CBIC-0031,CBIC,03_CBIC_Customs,Circular No 24/2022-Cus,,https://chennaicustoms.gov.in/wp-content/uploads/2022/10/FC_24_2022_CBLMS.pdf,/Users/kanchigupta/Desktop/kanchi AI projects/CCR codification/Statutory_Repository/03_CBIC_Customs/Circulars/CBIC_Circular_24-2022-Cus_2022.pdf,1146086,SUCCESS,624
CBIC-0032,CBIC,03_CBIC_Customs,CBIC circular 24/2024-CUS,,https://taxinformation.cbic.gov.in/customs-circulars/24-2024-CUS,,0,MANUAL_ACCESS_REQUIRED,6
CBIC-0033,CBIC,03_CBIC_Customs,circular No 24/22-CUS,,https://taxinformation.cbic.gov.in/customs-circulars/24-22-CUS,,0,MANUAL_ACCESS_REQUIRED,37
CBIC-0034,CBIC,03_CBIC_Customs,cir 27/13-CUS,,https://taxinformation.cbic.gov.in/customs-circulars/27-13-CUS,,0,MANUAL_ACCESS_REQUIRED,18
CBIC-0035,CBIC,03_CBIC_Customs,cir 27/2013-CUS,,https://taxinformation.cbic.gov.in/customs-circulars/27-2013-CUS,,0,MANUAL_ACCESS_REQUIRED,3
CBIC-0036,CBIC,03_CBIC_Customs,Circular 28/13,,https://taxinformation.cbic.gov.in/customs-circulars/28-13,,0,MANUAL_ACCESS_REQUIRED,2
CBIC-0037,CBIC,03_CBIC_Customs,CBIC cir 28/2013,,https://taxinformation.cbic.gov.in/customs-circulars/28-2013,,0,MANUAL_ACCESS_REQUIRED,6
CBIC-0038,CBIC,03_CBIC_Customs,cir 34/13-ci,,https://taxinformation.cbic.gov.in/customs-circulars/34-13-ci,,0,MANUAL_ACCESS_REQUIRED,4
CBIC-0039,CBIC,03_CBIC_Customs,Circular No.35/2020-Cus,,https://taxinformation.cbic.gov.in/customs-circulars/35-2020-Cus,,0,MANUAL_ACCESS_REQUIRED,2
CBIC-0040,CBIC,03_CBIC_Customs,CBIC cir 36/13-CUS,,https://taxinformation.cbic.gov.in/customs-circulars/36-13-CUS,,0,MANUAL_ACCESS_REQUIRED,2
CBIC-0041,CBIC,03_CBIC_Customs,CBIC cir 36/2013-CUS,,https://taxinformation.cbic.gov.in/customs-circulars/36-2013-CUS,,0,MANUAL_ACCESS_REQUIRED,11
CBIC-0042,CBIC,03_CBIC_Customs,circ no. 37/2005-CUS,,https://taxinformation.cbic.gov.in/customs-circulars/37-2005-CUS,,0,MANUAL_ACCESS_REQUIRED,1
CBIC-0043,CBIC,03_CBIC_Customs,circular no. 61/2004-CUS,,https://taxinformation.cbic.gov.in/customs-circulars/61-2004-CUS,,0,MANUAL_ACCESS_REQUIRED,1
CBIC-0044,CBIC,03_CBIC_Customs,CBIC Instruction No 02/2023,,https://taxinformation.cbic.gov.in/customs-instructions/02-2023,,0,MANUAL_ACCESS_REQUIRED,61
CBIC-0045,CBIC,03_CBIC_Customs,CBIC Instruction no.03/2024-cus,,https://taxinformation.cbic.gov.in/customs-instructions/03-2024-cus,,0,MANUAL_ACCESS_REQUIRED,1
CBIC-0046,CBIC,03_CBIC_Customs,CBIC instruction no 05/2023-CUS,,https://taxinformation.cbic.gov.in/customs-instructions/05-2023-CUS,,0,MANUAL_ACCESS_REQUIRED,358
CBIC-0047,CBIC,03_CBIC_Customs,CBIC instruction no. 08/2018-CUS,,https://taxinformation.cbic.gov.in/customs-instructions/08-2018-CUS,,0,MANUAL_ACCESS_REQUIRED,25
CBIC-0048,CBIC,03_CBIC_Customs,instruction no. 08/2024-customs,,https://taxinformation.cbic.gov.in/customs-instructions/08-2024-customs,,0,MANUAL_ACCESS_REQUIRED,47
CBIC-0049,CBIC,03_CBIC_Customs,CBIC Instruction No.09/2022-Cus,,https://taxinformation.cbic.gov.in/customs-instructions/09-2022-Cus,,0,MANUAL_ACCESS_REQUIRED,2
CBIC-0050,CBIC,03_CBIC_Customs,CBIC Instruction No.09/2022-Customs,,https://taxinformation.cbic.gov.in/customs-instructions/09-2022-Customs,,0,MANUAL_ACCESS_REQUIRED,156
CBIC-0051,CBIC,03_CBIC_Customs,CBIC Instruction no 09/23-CUS,,https://taxinformation.cbic.gov.in/customs-instructions/09-23-CUS,,0,MANUAL_ACCESS_REQUIRED,1531
CBIC-0052,CBIC,03_CBIC_Customs,CBIC instruction No 10/2022-CUS,,https://taxinformation.cbic.gov.in/customs-instructions/10-2022-CUS,,0,MANUAL_ACCESS_REQUIRED,21
CBIC-0053,CBIC,03_CBIC_Customs,CBIC Instruction no.10/2022-Customs,,https://taxinformation.cbic.gov.in/customs-instructions/10-2022-Customs,,0,MANUAL_ACCESS_REQUIRED,1480
CBIC-0054,CBIC,03_CBIC_Customs,instruction no 10/22-CUS,,https://taxinformation.cbic.gov.in/customs-instructions/10-22-CUS,,0,MANUAL_ACCESS_REQUIRED,15
CBIC-0055,CBIC,03_CBIC_Customs,Instruction no.12/2021-CUS,,https://taxinformation.cbic.gov.in/customs-instructions/12-2021-CUS,,0,MANUAL_ACCESS_REQUIRED,48
CBIC-0056,CBIC,03_CBIC_Customs,CBIC instruction 12/2022-customs,,https://taxinformation.cbic.gov.in/customs-instructions/12-2022-customs,,0,MANUAL_ACCESS_REQUIRED,2
CBIC-0057,CBIC,03_CBIC_Customs,instruction no. 12/21-CUS,,https://taxinformation.cbic.gov.in/customs-instructions/12-21-CUS,,0,MANUAL_ACCESS_REQUIRED,2
CBIC-0058,CBIC,03_CBIC_Customs,instruction 12/21-cusdt,,https://taxinformation.cbic.gov.in/customs-instructions/12-21-cusdt,,0,MANUAL_ACCESS_REQUIRED,1
CBIC-0059,CBIC,03_CBIC_Customs,CBIC instruction no. 15/2020-CUS,,https://taxinformation.cbic.gov.in/customs-instructions/15-2020-CUS,,0,MANUAL_ACCESS_REQUIRED,13
CBIC-0060,CBIC,03_CBIC_Customs,CBIC instruction no 16/2021-CUS,,https://taxinformation.cbic.gov.in/customs-instructions/16-2021-CUS,,0,MANUAL_ACCESS_REQUIRED,3
CBIC-0061,CBIC,03_CBIC_Customs,CBIC Instruction 16/2022-CUS,,https://taxinformation.cbic.gov.in/customs-instructions/16-2022-CUS,,0,MANUAL_ACCESS_REQUIRED,75
CBIC-0062,CBIC,03_CBIC_Customs,CBIC instruction no.16/2025-cus,,https://taxinformation.cbic.gov.in/customs-instructions/16-2025-cus,,0,MANUAL_ACCESS_REQUIRED,318
CBIC-0063,CBIC,03_CBIC_Customs,CBIC instruction no. 16/2025-customs,,https://taxinformation.cbic.gov.in/customs-instructions/16-2025-customs,,0,MANUAL_ACCESS_REQUIRED,5
CBIC-0064,CBIC,03_CBIC_Customs,CBIC instruction 16/22-CUS,,https://taxinformation.cbic.gov.in/customs-instructions/16-22-CUS,,0,MANUAL_ACCESS_REQUIRED,1
CBIC-0065,CBIC,03_CBIC_Customs,CBIC Instruction No.16/25-CUS,,https://taxinformation.cbic.gov.in/customs-instructions/16-25-CUS,,0,MANUAL_ACCESS_REQUIRED,38
CBIC-0066,CBIC,03_CBIC_Customs,CBIC instruction19/2025-CUS,,https://taxinformation.cbic.gov.in/customs-instructions/19-2025-CUS,,0,MANUAL_ACCESS_REQUIRED,51
CBIC-0067,CBIC,03_CBIC_Customs,CBIC instruction no.22/2021-customs,,https://taxinformation.cbic.gov.in/customs-instructions/22-2021-customs,,0,MANUAL_ACCESS_REQUIRED,2
CBIC-0068,CBIC,03_CBIC_Customs,Cbic Instruction No.23/2021,,https://taxinformation.cbic.gov.in/customs-instructions/23-2021,,0,MANUAL_ACCESS_REQUIRED,19
CBIC-0069,CBIC,03_CBIC_Customs,CBIC instruction no.23/2025-cus,,https://taxinformation.cbic.gov.in/customs-instructions/23-2025-cus,,0,MANUAL_ACCESS_REQUIRED,320
CBIC-0070,CBIC,03_CBIC_Customs,CBIC instruction no.23/2025-customs,,https://taxinformation.cbic.gov.in/customs-instructions/23-2025-customs,,0,MANUAL_ACCESS_REQUIRED,5
CBIC-0071,CBIC,03_CBIC_Customs,CBIC instruction23/21,,https://taxinformation.cbic.gov.in/customs-instructions/23-21,,0,MANUAL_ACCESS_REQUIRED,1
CBIC-0072,CBIC,03_CBIC_Customs,CBIC Instruction 23/21-Cus,,https://taxinformation.cbic.gov.in/customs-instructions/23-21-Cus,,0,MANUAL_ACCESS_REQUIRED,9
CBIC-0073,CBIC,03_CBIC_Customs,CBIC Instruction No.23/25-Cus,,https://taxinformation.cbic.gov.in/customs-instructions/23-25-Cus,,0,MANUAL_ACCESS_REQUIRED,36
CBIC-0074,CBIC,03_CBIC_Customs,CBIC Instruction 24/2024-CUS,,https://taxinformation.cbic.gov.in/customs-instructions/24-2024-CUS,,0,MANUAL_ACCESS_REQUIRED,71
CBIC-0075,CBIC,03_CBIC_Customs,CBIC Instruction 24/24-Cus,,https://taxinformation.cbic.gov.in/customs-instructions/24-24-Cus,,0,MANUAL_ACCESS_REQUIRED,6
CBIC-0076,CBIC,03_CBIC_Customs,CBIC instruction no.25/2021-customs,,https://taxinformation.cbic.gov.in/customs-instructions/25-2021-customs,,0,MANUAL_ACCESS_REQUIRED,20
CBIC-0077,CBIC,03_CBIC_Customs,instruction no.25/2024-customs,,https://taxinformation.cbic.gov.in/customs-instructions/25-2024-customs,,0,MANUAL_ACCESS_REQUIRED,47
CBIC-0078,CBIC,03_CBIC_Customs,CBIC instruction no 27/2022-CUS,,https://taxinformation.cbic.gov.in/customs-instructions/27-2022-CUS,,0,MANUAL_ACCESS_REQUIRED,4
CBIC-0079,CBIC,03_CBIC_Customs,CBIC Instruction no.27/2025-Cus,,https://taxinformation.cbic.gov.in/customs-instructions/27-2025-Cus,,0,MANUAL_ACCESS_REQUIRED,35
CBIC-0080,CBIC,03_CBIC_Customs,Cbic Instruction 27/25-Cus,,https://taxinformation.cbic.gov.in/customs-instructions/27-25-Cus,,0,MANUAL_ACCESS_REQUIRED,2
CBIC-0081,CBIC,03_CBIC_Customs,CBIC instruction no.28/2021-customs,,https://taxinformation.cbic.gov.in/customs-instructions/28-2021-customs,,0,MANUAL_ACCESS_REQUIRED,3
CBIC-0082,CBIC,03_CBIC_Customs,CBIC instruction 29/2025-CUS,,https://taxinformation.cbic.gov.in/customs-instructions/29-2025-CUS,,0,MANUAL_ACCESS_REQUIRED,1
CBIC-0083,CBIC,03_CBIC_Customs,CBIC Instruction no 30/2022-CUS,,https://taxinformation.cbic.gov.in/customs-instructions/30-2022-CUS,,0,MANUAL_ACCESS_REQUIRED,415
CBIC-0084,CBIC,03_CBIC_Customs,CBIC instruction No 30/22-CUS,,https://taxinformation.cbic.gov.in/customs-instructions/30-22-CUS,,0,MANUAL_ACCESS_REQUIRED,15
CBIC-0085,CBIC,03_CBIC_Customs,CBIC instruction No 34/2022,,https://taxinformation.cbic.gov.in/customs-instructions/34-2022,,0,MANUAL_ACCESS_REQUIRED,7
CBIC-0086,CBIC,03_CBIC_Customs,CBIC instruction 9/22-CUS,,https://taxinformation.cbic.gov.in/customs-instructions/9-22-CUS,,0,MANUAL_ACCESS_REQUIRED,6
CBIC-0087,CBIC,03_CBIC_Customs,Notification No. 01/1964-CUS,,https://taxinformation.cbic.gov.in/customs-notifications/01-1964-CUS,,0,MANUAL_ACCESS_REQUIRED,21
CBIC-0088,CBIC,03_CBIC_Customs,Notification 13/2024-Cus,,https://taxinformation.cbic.gov.in/customs-notifications/13-2024-Cus,,0,MANUAL_ACCESS_REQUIRED,2
CBIC-0089,CBIC,03_CBIC_Customs,NOTIFICATION NO.30/2022-CUSTOMS,,https://taxinformation.cbic.gov.in/customs-notifications/30-2022-CUSTOMS,,0,MANUAL_ACCESS_REQUIRED,2
CBIC-0090,CBIC,03_CBIC_Customs,Notification No 41/2024-Cus,,https://taxinformation.cbic.gov.in/customs-notifications/41-2024-Cus,,0,MANUAL_ACCESS_REQUIRED,1
DGFT-0001,DGFT,04_DGFT,Circular No 04/2025-26,03/09/2025,https://content.dgft.gov.in/Website/dgftprod/3c5fd822-b74e-4da5-8b6b-f699acd14677/Policy Circular No. 04_0001_0001.pdf,/Users/kanchigupta/Desktop/kanchi AI projects/CCR codification/Statutory_Repository/04_DGFT/Public_Notices/DGFT_Policy_Circular_04-2025-26_2025.pdf,400436,SUCCESS,5
DGFT-0002,DGFT,04_DGFT,circular 05/2025,22/09/2025,https://content.dgft.gov.in/Website/dgftprod/7c480424-282b-4903-9a83-5c1dc590556f/clarification Regarding  ineligibilityog spices.pdf,/Users/kanchigupta/Desktop/kanchi AI projects/CCR codification/Statutory_Repository/04_DGFT/Public_Notices/DGFT_Policy_Circular_05-2025_2025.pdf,728806,SUCCESS,119
DGFT-0003,DGFT,04_DGFT,Circular 06/2025-26,27/10/2025,https://content.dgft.gov.in/Website/dgftprod/b056464f-33d3-444e-ba37-6d22f5963e40/Silver Jewellery_0001.pdf,/Users/kanchigupta/Desktop/kanchi AI projects/CCR codification/Statutory_Repository/04_DGFT/Public_Notices/DGFT_Policy_Circular_06-2025-26_2025.pdf,402911,SUCCESS,2
DGFT-0004,DGFT,04_DGFT,circular no 09/2023-24,06/02/2026,https://content.dgft.gov.in/Website/dgftprod/83e77f34-5b04-4e91-adf6-e0a76c4591b3/Poilcy Circular 9_0001.pdf,/Users/kanchigupta/Desktop/kanchi AI projects/CCR codification/Statutory_Repository/04_DGFT/Public_Notices/DGFT_Policy_Circular_09-2023-24_2023.pdf,645299,SUCCESS,3
DGFT-0005,DGFT,04_DGFT,Circular 09/23-24,06/02/2026,https://content.dgft.gov.in/Website/dgftprod/83e77f34-5b04-4e91-adf6-e0a76c4591b3/Poilcy Circular 9_0001.pdf,/Users/kanchigupta/Desktop/kanchi AI projects/CCR codification/Statutory_Repository/04_DGFT/Public_Notices/DGFT_Policy_Circular_09-23-24_2024.pdf,645299,SUCCESS,1
DGFT-0006,DGFT,04_DGFT,circ 23/2018,,https://www.dgft.gov.in/CP/?opt=circular,,0,MANUAL_ACCESS_REQUIRED,5
DGFT-0007,DGFT,04_DGFT,circular no. 27/2015-20,,https://www.dgft.gov.in/CP/?opt=circular,,0,MANUAL_ACCESS_REQUIRED,1
DGFT-0008,DGFT,04_DGFT,Circular 38/15-20,,https://www.dgft.gov.in/CP/?opt=circular,,0,MANUAL_ACCESS_REQUIRED,98
DGFT-0009,DGFT,04_DGFT,CIRCULAR 38/15-20DT,,https://www.dgft.gov.in/CP/?opt=circular,,0,MANUAL_ACCESS_REQUIRED,7
DGFT-0010,DGFT,04_DGFT,Circular No.38/2015-20,,https://www.dgft.gov.in/CP/?opt=circular,,0,MANUAL_ACCESS_REQUIRED,739
DGFT-0011,DGFT,04_DGFT,circular 4/23-24,,https://www.dgft.gov.in/CP/?opt=circular,,0,MANUAL_ACCESS_REQUIRED,1
DGFT-0012,DGFT,04_DGFT,circular no.40/2015-2020,,https://www.dgft.gov.in/CP/?opt=circular,,0,MANUAL_ACCESS_REQUIRED,2
DGFT-0013,DGFT,04_DGFT,Circular No.41/2015-2020,,https://www.dgft.gov.in/CP/?opt=circular,,0,MANUAL_ACCESS_REQUIRED,202
DGFT-0014,DGFT,04_DGFT,Circular 42/15-20,,https://www.dgft.gov.in/CP/?opt=circular,,0,MANUAL_ACCESS_REQUIRED,30
DGFT-0015,DGFT,04_DGFT,CIRCULAR NO.42/2015-2020,,https://www.dgft.gov.in/CP/?opt=circular,,0,MANUAL_ACCESS_REQUIRED,61
DGFT-0016,DGFT,04_DGFT,cir. no 6/23-24,,https://www.dgft.gov.in/CP/?opt=circular,,0,MANUAL_ACCESS_REQUIRED,7
DGFT-0017,DGFT,04_DGFT,cir. 8/25-26,,https://www.dgft.gov.in/CP/?opt=circular,,0,MANUAL_ACCESS_REQUIRED,9
DGFT-0018,DGFT,04_DGFT,Cir. 9/23-24,,https://www.dgft.gov.in/CP/?opt=circular,,0,MANUAL_ACCESS_REQUIRED,3
DGFT-0019,DGFT,04_DGFT,DGFT NOTF no 01/15-20,01/04/2026,https://content.dgft.gov.in/Website/dgftprod/ee62a9f9-1bf2-4e5a-b651-f7bb78ce00b5/Notification 01 dt 01-04-2026.pdf,/Users/kanchigupta/Desktop/kanchi AI projects/CCR codification/Statutory_Repository/04_DGFT/Notifications/DGFT_Notification_01-15-20_2020.pdf,819409,SUCCESS,1
DGFT-0020,DGFT,04_DGFT,DGFT NOTF No01/2015-20,01/04/2026,https://content.dgft.gov.in/Website/dgftprod/ee62a9f9-1bf2-4e5a-b651-f7bb78ce00b5/Notification 01 dt 01-04-2026.pdf,/Users/kanchigupta/Desktop/kanchi AI projects/CCR codification/Statutory_Repository/04_DGFT/Notifications/DGFT_Notification_01-2015-20_2015.pdf,819409,SUCCESS,36
DGFT-0021,DGFT,04_DGFT,DGFT NOTF no 01/2015-2020,01/04/2026,https://content.dgft.gov.in/Website/dgftprod/ee62a9f9-1bf2-4e5a-b651-f7bb78ce00b5/Notification 01 dt 01-04-2026.pdf,/Users/kanchigupta/Desktop/kanchi AI projects/CCR codification/Statutory_Repository/04_DGFT/Notifications/DGFT_Notification_01-2015-2020_2015.pdf,819409,SUCCESS,6
DGFT-0022,DGFT,04_DGFT,Notification 02/15-20,01/04/2026,https://content.dgft.gov.in/Website/dgftprod/8ce6d97a-2ec6-4a58-a8dc-bda9187a579e/Notification No 02 English_0001.pdf,/Users/kanchigupta/Desktop/kanchi AI projects/CCR codification/Statutory_Repository/04_DGFT/Notifications/DGFT_Notification_02-15-20_2020.pdf,1455828,SUCCESS,2
DGFT-0023,DGFT,04_DGFT,Dgft Ntfn 02/2015-20,01/04/2026,https://content.dgft.gov.in/Website/dgftprod/8ce6d97a-2ec6-4a58-a8dc-bda9187a579e/Notification No 02 English_0001.pdf,/Users/kanchigupta/Desktop/kanchi AI projects/CCR codification/Statutory_Repository/04_DGFT/Notifications/DGFT_Notification_02-2015-20_2015.pdf,1455828,SUCCESS,2
DGFT-0024,DGFT,04_DGFT,DGFT Notf 02/26-27,01/04/2026,https://content.dgft.gov.in/Website/dgftprod/8ce6d97a-2ec6-4a58-a8dc-bda9187a579e/Notification No 02 English_0001.pdf,/Users/kanchigupta/Desktop/kanchi AI projects/CCR codification/Statutory_Repository/04_DGFT/Notifications/DGFT_Notification_02-26-27_2027.pdf,1455828,SUCCESS,23
DGFT-0025,DGFT,04_DGFT,DGFT NTFN 03/2015-20,02/04/2026,https://content.dgft.gov.in/Website/dgftprod/4b3ce088-3baa-45ab-98e3-7e52f85c747b/Notification-chp-71-English.pdf,/Users/kanchigupta/Desktop/kanchi AI projects/CCR codification/Statutory_Repository/04_DGFT/Notifications/DGFT_Notification_03-2015-20_2015.pdf,1137065,SUCCESS,7
DGFT-0026,DGFT,04_DGFT,DGFT NOTF 03/26-27,02/04/2026,https://content.dgft.gov.in/Website/dgftprod/4b3ce088-3baa-45ab-98e3-7e52f85c747b/Notification-chp-71-English.pdf,/Users/kanchigupta/Desktop/kanchi AI projects/CCR codification/Statutory_Repository/04_DGFT/Notifications/DGFT_Notification_03-26-27_2027.pdf,1137065,SUCCESS,18
DGFT-0027,DGFT,04_DGFT,DGFT NTFN 05/2015-20,07/04/2026,https://content.dgft.gov.in/Website/dgftprod/edd8a29b-bf8b-440d-a102-3f4048c965cc/Notification No. 05 English dated 07.04.2026 signed.pdf,/Users/kanchigupta/Desktop/kanchi AI projects/CCR codification/Statutory_Repository/04_DGFT/Notifications/DGFT_Notification_05-2015-20_2015.pdf,1312564,SUCCESS,3
DGFT-0028,DGFT,04_DGFT,DGFT NOTF no.05/2025-26,23/04/2025,https://content.dgft.gov.in/Website/dgftprod/1625f1d4-e042-41b0-a13a-7ef64688ddfc/notfication 05 eng_0001.pdf,/Users/kanchigupta/Desktop/kanchi AI projects/CCR codification/Statutory_Repository/04_DGFT/Notifications/DGFT_Notification_05-2025-26_2025.pdf,448551,SUCCESS,3
DGFT-0029,DGFT,04_DGFT,notification no. 06/2015-2020,09/04/2026,https://content.dgft.gov.in/Website/dgftprod/2c58fe94-8799-454b-a0f2-eaf1a3e34862/Noti 06 Eng_0001.pdf,/Users/kanchigupta/Desktop/kanchi AI projects/CCR codification/Statutory_Repository/04_DGFT/Notifications/DGFT_Notification_06-2015-2020_2015.pdf,360401,SUCCESS,4
DGFT-0030,DGFT,04_DGFT,DGFT NOTF no07/2015-20,10/04/2026,https://content.dgft.gov.in/Website/dgftprod/8cee80af-355a-44f5-a2e8-57e1c28baa01/Notification No. 07.pdf,/Users/kanchigupta/Desktop/kanchi AI projects/CCR codification/Statutory_Repository/04_DGFT/Notifications/DGFT_Notification_07-2015-20_2015.pdf,408532,SUCCESS,1
DGFT-0031,DGFT,04_DGFT,DGFT NOTF 08/2023,23/04/2024,https://content.dgft.gov.in/Website/dgftprod/230b5cc0-aabb-4c08-b719-0d50d0145ff0/Notification No. 08-2023-English.pdf,/Users/kanchigupta/Desktop/kanchi AI projects/CCR codification/Statutory_Repository/04_DGFT/Notifications/DGFT_Notification_08-2023_2023.pdf,171691,SUCCESS,24
DGFT-0032,DGFT,04_DGFT,DGFT NOTF 08/23,10/04/2026,https://content.dgft.gov.in/Website/dgftprod/08e0c070-dcaf-4431-9e90-7692e7c47f85/Notification No. 08.pdf,/Users/kanchigupta/Desktop/kanchi AI projects/CCR codification/Statutory_Repository/04_DGFT/Notifications/DGFT_Notification_08-23_2023.pdf,625139,SUCCESS,2
DGFT-0033,DGFT,04_DGFT,DGFT NOTF no.09/2015-2020,10/04/2026,https://content.dgft.gov.in/Website/dgftprod/1b7a5f43-e2c8-4eed-a5ff-cbdeccbf8c84/Notification NO. 09.pdf,/Users/kanchigupta/Desktop/kanchi AI projects/CCR codification/Statutory_Repository/04_DGFT/Notifications/DGFT_Notification_09-2015-2020_2015.pdf,345559,SUCCESS,145
DGFT-0034,DGFT,04_DGFT,DGFT NOTF 10/2023,13/04/2026,https://content.dgft.gov.in/Website/dgftprod/1a553ce7-650f-4ecf-82ce-b8553cd21a4a/Noti No. 10 English_0001.pdf,/Users/kanchigupta/Desktop/kanchi AI projects/CCR codification/Statutory_Repository/04_DGFT/Notifications/DGFT_Notification_10-2023_2023.pdf,1324115,SUCCESS,4
DGFT-0035,DGFT,04_DGFT,DGFT NOTF no.11/2015-2020,17/04/2026,https://content.dgft.gov.in/Website/dgftprod/b2669210-0290-4ccd-a07e-71230b48d7e5/Notification- Amendment to RELIEF 17042026- English.pdf,/Users/kanchigupta/Desktop/kanchi AI projects/CCR codification/Statutory_Repository/04_DGFT/Notifications/DGFT_Notification_11-2015-2020_2015.pdf,710426,SUCCESS,195
DGFT-0036,DGFT,04_DGFT,DGFT NTFN no. 11/2023,17/04/2026,https://content.dgft.gov.in/Website/dgftprod/b2669210-0290-4ccd-a07e-71230b48d7e5/Notification- Amendment to RELIEF 17042026- English.pdf,/Users/kanchigupta/Desktop/kanchi AI projects/CCR codification/Statutory_Repository/04_DGFT/Notifications/DGFT_Notification_11-2023_2023.pdf,710426,SUCCESS,1
DGFT-0037,DGFT,04_DGFT,Dgft Ntfn 12/2015-20,17/04/2026,https://content.dgft.gov.in/Website/dgftprod/2dfe80e3-60f8-4986-9892-567a4438828e/Notification 12 (1).pdf,/Users/kanchigupta/Desktop/kanchi AI projects/CCR codification/Statutory_Repository/04_DGFT/Notifications/DGFT_Notification_12-2015-20_2015.pdf,425599,SUCCESS,1
DGFT-0038,DGFT,04_DGFT,Dgft Ntfn No. 12/2015-2020,17/04/2026,https://content.dgft.gov.in/Website/dgftprod/2dfe80e3-60f8-4986-9892-567a4438828e/Notification 12 (1).pdf,/Users/kanchigupta/Desktop/kanchi AI projects/CCR codification/Statutory_Repository/04_DGFT/Notifications/DGFT_Notification_12-2015-2020_2015.pdf,425599,SUCCESS,7
DGFT-0039,DGFT,04_DGFT,Notification 13/2015-20,27/04/2026,https://content.dgft.gov.in/Website/dgftprod/0385952f-b63a-4b79-b39e-f332ac1c94ab/Noti 13.pdf,/Users/kanchigupta/Desktop/kanchi AI projects/CCR codification/Statutory_Repository/04_DGFT/Notifications/DGFT_Notification_13-2015-20_2015.pdf,395908,SUCCESS,12
DGFT-0040,DGFT,04_DGFT,DGFT NOTF 13/24-25,27/04/2026,https://content.dgft.gov.in/Website/dgftprod/0385952f-b63a-4b79-b39e-f332ac1c94ab/Noti 13.pdf,/Users/kanchigupta/Desktop/kanchi AI projects/CCR codification/Statutory_Repository/04_DGFT/Notifications/DGFT_Notification_13-24-25_2025.pdf,395908,SUCCESS,207
DGFT-0041,DGFT,04_DGFT,DGFT NOTF 13/25-26,27/04/2026,https://content.dgft.gov.in/Website/dgftprod/0385952f-b63a-4b79-b39e-f332ac1c94ab/Noti 13.pdf,/Users/kanchigupta/Desktop/kanchi AI projects/CCR codification/Statutory_Repository/04_DGFT/Notifications/DGFT_Notification_13-25-26_2026.pdf,395908,SUCCESS,3
DGFT-0042,DGFT,04_DGFT,DGFT Notf 14/2015-20,30/04/2026,https://content.dgft.gov.in/Website/dgftprod/769ef71e-60ed-4deb-a338-feb31dd7ef6f/Scan_0003.pdf,/Users/kanchigupta/Desktop/kanchi AI projects/CCR codification/Statutory_Repository/04_DGFT/Notifications/DGFT_Notification_14-2015-20_2015.pdf,412218,SUCCESS,131
DGFT-0043,DGFT,04_DGFT,DGFT NOTF 14/2026-27,30/04/2026,https://content.dgft.gov.in/Website/dgftprod/769ef71e-60ed-4deb-a338-feb31dd7ef6f/Scan_0003.pdf,/Users/kanchigupta/Desktop/kanchi AI projects/CCR codification/Statutory_Repository/04_DGFT/Notifications/DGFT_Notification_14-2026-27_2026.pdf,412218,SUCCESS,5
DGFT-0044,DGFT,04_DGFT,DGFT NOTF 14/25-26,30/04/2026,https://content.dgft.gov.in/Website/dgftprod/769ef71e-60ed-4deb-a338-feb31dd7ef6f/Scan_0003.pdf,/Users/kanchigupta/Desktop/kanchi AI projects/CCR codification/Statutory_Repository/04_DGFT/Notifications/DGFT_Notification_14-25-26_2026.pdf,412218,SUCCESS,4
DGFT-0045,DGFT,04_DGFT,DGFT Notf 15/15-20,30/04/2026,https://content.dgft.gov.in/Website/dgftprod/4a99e62a-34e9-494d-8f6e-325c5e6dd492/Notification No.15 dt. 30.04.2026-merged.pdf,/Users/kanchigupta/Desktop/kanchi AI projects/CCR codification/Statutory_Repository/04_DGFT/Notifications/DGFT_Notification_15-15-20_2020.pdf,931377,SUCCESS,2
DGFT-0046,DGFT,04_DGFT,DGFT NOTF No 15/2023,30/04/2026,https://content.dgft.gov.in/Website/dgftprod/4a99e62a-34e9-494d-8f6e-325c5e6dd492/Notification No.15 dt. 30.04.2026-merged.pdf,/Users/kanchigupta/Desktop/kanchi AI projects/CCR codification/Statutory_Repository/04_DGFT/Notifications/DGFT_Notification_15-2023_2023.pdf,931377,SUCCESS,3
DGFT-0047,DGFT,04_DGFT,DGFT NTFN 17/2015-20,16/05/2026,https://content.dgft.gov.in/Website/dgftprod/fc379316-ddbe-408b-b567-f8a4cf405a2d/Notification no. 17.pdf,/Users/kanchigupta/Desktop/kanchi AI projects/CCR codification/Statutory_Repository/04_DGFT/Notifications/DGFT_Notification_17-2015-20_2015.pdf,709100,SUCCESS,7
DGFT-0048,DGFT,04_DGFT,DGFT NOTF 17/2023,16/05/2026,https://content.dgft.gov.in/Website/dgftprod/fc379316-ddbe-408b-b567-f8a4cf405a2d/Notification no. 17.pdf,/Users/kanchigupta/Desktop/kanchi AI projects/CCR codification/Statutory_Repository/04_DGFT/Notifications/DGFT_Notification_17-2023_2023.pdf,709100,SUCCESS,1
DGFT-0049,DGFT,04_DGFT,DGFT Notf 17/2026-27,16/05/2026,https://content.dgft.gov.in/Website/dgftprod/fc379316-ddbe-408b-b567-f8a4cf405a2d/Notification no. 17.pdf,/Users/kanchigupta/Desktop/kanchi AI projects/CCR codification/Statutory_Repository/04_DGFT/Notifications/DGFT_Notification_17-2026-27_2026.pdf,709100,SUCCESS,2
DGFT-0050,DGFT,04_DGFT,DGFT Notf 18/2015-20,02/06/2026,https://content.dgft.gov.in/Website/dgftprod/9eb0e013-cc77-4879-ba9d-b4abc6e5e7bd/Notification English.pdf,/Users/kanchigupta/Desktop/kanchi AI projects/CCR codification/Statutory_Repository/04_DGFT/Notifications/DGFT_Notification_18-2015-20_2015.pdf,1063595,SUCCESS,57
DGFT-0051,DGFT,04_DGFT,DGFT NOTF 18/25-26,02/06/2026,https://content.dgft.gov.in/Website/dgftprod/9eb0e013-cc77-4879-ba9d-b4abc6e5e7bd/Notification English.pdf,/Users/kanchigupta/Desktop/kanchi AI projects/CCR codification/Statutory_Repository/04_DGFT/Notifications/DGFT_Notification_18-25-26_2026.pdf,1063595,SUCCESS,6
DGFT-0052,DGFT,04_DGFT,DGFT NOTF 19/15-20,02/06/2026,https://content.dgft.gov.in/Website/dgftprod/b9d85c14-fc0e-4b34-8eb8-3f60fd9775f9/English_0002.pdf,/Users/kanchigupta/Desktop/kanchi AI projects/CCR codification/Statutory_Repository/04_DGFT/Notifications/DGFT_Notification_19-15-20_2020.pdf,1059140,SUCCESS,59
DGFT-0053,DGFT,04_DGFT,DGFT NOTF No.19/2015-20,02/06/2026,https://content.dgft.gov.in/Website/dgftprod/b9d85c14-fc0e-4b34-8eb8-3f60fd9775f9/English_0002.pdf,/Users/kanchigupta/Desktop/kanchi AI projects/CCR codification/Statutory_Repository/04_DGFT/Notifications/DGFT_Notification_19-2015-20_2015.pdf,1059140,SUCCESS,752
DGFT-0054,DGFT,04_DGFT,notification no. 19/2015-2020,02/06/2026,https://content.dgft.gov.in/Website/dgftprod/b9d85c14-fc0e-4b34-8eb8-3f60fd9775f9/English_0002.pdf,/Users/kanchigupta/Desktop/kanchi AI projects/CCR codification/Statutory_Repository/04_DGFT/Notifications/DGFT_Notification_19-2015-2020_2015.pdf,1059140,SUCCESS,3
DGFT-0055,DGFT,04_DGFT,DGFT NOTF 19/25-26,02/06/2026,https://content.dgft.gov.in/Website/dgftprod/b9d85c14-fc0e-4b34-8eb8-3f60fd9775f9/English_0002.pdf,/Users/kanchigupta/Desktop/kanchi AI projects/CCR codification/Statutory_Repository/04_DGFT/Notifications/DGFT_Notification_19-25-26_2026.pdf,1059140,SUCCESS,10
DGFT-0056,DGFT,04_DGFT,DGFT NOTF 20/15-20,02/06/2026,https://content.dgft.gov.in/Website/dgftprod/54254473-1c85-4376-9781-79fda048fc4b/English_0003.pdf,/Users/kanchigupta/Desktop/kanchi AI projects/CCR codification/Statutory_Repository/04_DGFT/Notifications/DGFT_Notification_20-15-20_2020.pdf,719593,SUCCESS,3
DGFT-0057,DGFT,04_DGFT,DGFT Ntfn 20/2015-20,02/06/2026,https://content.dgft.gov.in/Website/dgftprod/54254473-1c85-4376-9781-79fda048fc4b/English_0003.pdf,/Users/kanchigupta/Desktop/kanchi AI projects/CCR codification/Statutory_Repository/04_DGFT/Notifications/DGFT_Notification_20-2015-20_2015.pdf,719593,SUCCESS,58
DGFT-0058,DGFT,04_DGFT,DGFT NTFN 20/24-25,02/06/2026,https://content.dgft.gov.in/Website/dgftprod/54254473-1c85-4376-9781-79fda048fc4b/English_0003.pdf,/Users/kanchigupta/Desktop/kanchi AI projects/CCR codification/Statutory_Repository/04_DGFT/Notifications/DGFT_Notification_20-24-25_2025.pdf,719593,SUCCESS,1
DGFT-0059,DGFT,04_DGFT,DGFT Notf 21/15-20,29/06/2026,https://content.dgft.gov.in/Website/dgftprod/2504d885-d29b-4fc3-a9d9-a6756cb17a39/Notification 21  2026-27 ENGLISH.pdf,/Users/kanchigupta/Desktop/kanchi AI projects/CCR codification/Statutory_Repository/04_DGFT/Notifications/DGFT_Notification_21-15-20_2020.pdf,334371,SUCCESS,7
DGFT-0060,DGFT,04_DGFT,DGFT NTFN 21/2015-20,29/06/2026,https://content.dgft.gov.in/Website/dgftprod/2504d885-d29b-4fc3-a9d9-a6756cb17a39/Notification 21  2026-27 ENGLISH.pdf,/Users/kanchigupta/Desktop/kanchi AI projects/CCR codification/Statutory_Repository/04_DGFT/Notifications/DGFT_Notification_21-2015-20_2015.pdf,334371,SUCCESS,9
DGFT-0061,DGFT,04_DGFT,DGFT NOTF 21/25-26,29/06/2026,https://content.dgft.gov.in/Website/dgftprod/2504d885-d29b-4fc3-a9d9-a6756cb17a39/Notification 21  2026-27 ENGLISH.pdf,/Users/kanchigupta/Desktop/kanchi AI projects/CCR codification/Statutory_Repository/04_DGFT/Notifications/DGFT_Notification_21-25-26_2026.pdf,334371,SUCCESS,46
DGFT-0062,DGFT,04_DGFT,Dgft Ntfn 22/15-20,30/06/2026,https://content.dgft.gov.in/Website/dgftprod/449397ee-ca25-4243-a1ab-d87b49e6d347/english_0005.pdf,/Users/kanchigupta/Desktop/kanchi AI projects/CCR codification/Statutory_Repository/04_DGFT/Notifications/DGFT_Notification_22-15-20_2020.pdf,872969,SUCCESS,1
DGFT-0063,DGFT,04_DGFT,Dgft Ntfn 22/2015-20,30/06/2026,https://content.dgft.gov.in/Website/dgftprod/449397ee-ca25-4243-a1ab-d87b49e6d347/english_0005.pdf,/Users/kanchigupta/Desktop/kanchi AI projects/CCR codification/Statutory_Repository/04_DGFT/Notifications/DGFT_Notification_22-2015-20_2015.pdf,872969,SUCCESS,23
DGFT-0064,DGFT,04_DGFT,DGFT NTFN 23/2015-2020,13/07/2026,https://content.dgft.gov.in/Website/dgftprod/15ac9a16-6edb-432a-8f98-3bf2d0bf8bda/Notification 23 eng.pdf,/Users/kanchigupta/Desktop/kanchi AI projects/CCR codification/Statutory_Repository/04_DGFT/Notifications/DGFT_Notification_23-2015-2020_2015.pdf,646046,SUCCESS,1
DGFT-0065,DGFT,04_DGFT,DGFT NOTF 23/23,13/07/2026,https://content.dgft.gov.in/Website/dgftprod/15ac9a16-6edb-432a-8f98-3bf2d0bf8bda/Notification 23 eng.pdf,/Users/kanchigupta/Desktop/kanchi AI projects/CCR codification/Statutory_Repository/04_DGFT/Notifications/DGFT_Notification_23-23_2023.pdf,646046,SUCCESS,7
DGFT-0066,DGFT,04_DGFT,DGFT notf23/25-26,13/07/2026,https://content.dgft.gov.in/Website/dgftprod/15ac9a16-6edb-432a-8f98-3bf2d0bf8bda/Notification 23 eng.pdf,/Users/kanchigupta/Desktop/kanchi AI projects/CCR codification/Statutory_Repository/04_DGFT/Notifications/DGFT_Notification_23-25-26_2026.pdf,646046,SUCCESS,3
DGFT-0067,DGFT,04_DGFT,DGFT NTFN no. 24/2015-2020,19/08/2024,https://content.dgft.gov.in/Website/dgftprod/0bcb1e6e-294a-4623-90cf-96264e3b1673/Notification 24 2015-20 dated 19.08.2024 (English).pdf,/Users/kanchigupta/Desktop/kanchi AI projects/CCR codification/Statutory_Repository/04_DGFT/Notifications/DGFT_Notification_24-2015-2020_2015.pdf,179424,SUCCESS,1
DGFT-0068,DGFT,04_DGFT,DGFT NTFN 26/2015-20,27/07/2026,https://content.dgft.gov.in/Website/dgftprod/e81c613a-9670-4ab5-9522-9faac4cd9da4/English Notification 26 dt 27-07-26.pdf,/Users/kanchigupta/Desktop/kanchi AI projects/CCR codification/Statutory_Repository/04_DGFT/Notifications/DGFT_Notification_26-2015-20_2015.pdf,9508921,SUCCESS,18
DGFT-0069,DGFT,04_DGFT,DGFT NOTF 26/2016-20,27/07/2026,https://content.dgft.gov.in/Website/dgftprod/e81c613a-9670-4ab5-9522-9faac4cd9da4/English Notification 26 dt 27-07-26.pdf,/Users/kanchigupta/Desktop/kanchi AI projects/CCR codification/Statutory_Repository/04_DGFT/Notifications/DGFT_Notification_26-2016-20_2016.pdf,9508921,SUCCESS,85
DGFT-0070,DGFT,04_DGFT,DGFT NOTF 26/25-26,27/07/2026,https://content.dgft.gov.in/Website/dgftprod/e81c613a-9670-4ab5-9522-9faac4cd9da4/English Notification 26 dt 27-07-26.pdf,/Users/kanchigupta/Desktop/kanchi AI projects/CCR codification/Statutory_Repository/04_DGFT/Notifications/DGFT_Notification_26-25-26_2026.pdf,9508921,SUCCESS,5
DGFT-0071,DGFT,04_DGFT,DGFT NTFN no. 27/2015-20,05/08/2026,https://content.dgft.gov.in/Website/dgftprod/c6898e09-daac-4df8-a981-d3124f047547/Notif 27 - English.pdf,/Users/kanchigupta/Desktop/kanchi AI projects/CCR codification/Statutory_Repository/04_DGFT/Notifications/DGFT_Notification_27-2015-20_2015.pdf,830707,SUCCESS,19
DGFT-0072,DGFT,04_DGFT,DGFT NOTF no.28/2015-20,05/08/2026,https://content.dgft.gov.in/Website/dgftprod/cd1c3019-02ac-4b1b-a466-64610197bd35/LATEST ENLGISH NOTIFICATION 28.jpg (1).pdf,/Users/kanchigupta/Desktop/kanchi AI projects/CCR codification/Statutory_Repository/04_DGFT/Notifications/DGFT_Notification_28-2015-20_2015.pdf,179342,SUCCESS,1
DGFT-0073,DGFT,04_DGFT,DGFT NOTF 28/23,05/08/2026,https://content.dgft.gov.in/Website/dgftprod/cd1c3019-02ac-4b1b-a466-64610197bd35/LATEST ENLGISH NOTIFICATION 28.jpg (1).pdf,/Users/kanchigupta/Desktop/kanchi AI projects/CCR codification/Statutory_Repository/04_DGFT/Notifications/DGFT_Notification_28-23_2023.pdf,179342,SUCCESS,842
DGFT-0074,DGFT,04_DGFT,DGFT NTFN 30/2015-20,18/09/2024,https://content.dgft.gov.in/Website/dgftprod/1eb58dbf-0a0b-4538-a080-bac36be47f36/Notification No. 30 dated 18.09.2024 E.pdf,/Users/kanchigupta/Desktop/kanchi AI projects/CCR codification/Statutory_Repository/04_DGFT/Notifications/DGFT_Notification_30-2015-20_2015.pdf,336790,SUCCESS,5
DGFT-0075,DGFT,04_DGFT,DGFT NOTF 30/2024-25,18/09/2024,https://content.dgft.gov.in/Website/dgftprod/1eb58dbf-0a0b-4538-a080-bac36be47f36/Notification No. 30 dated 18.09.2024 E.pdf,/Users/kanchigupta/Desktop/kanchi AI projects/CCR codification/Statutory_Repository/04_DGFT/Notifications/DGFT_Notification_30-2024-25_2024.pdf,336790,SUCCESS,1
DGFT-0076,DGFT,04_DGFT,DGFT NOTF 30/2025-26,18/09/2025,https://content.dgft.gov.in/Website/dgftprod/400d4d03-a13c-40cd-8c97-8a43130af865/Notification 30 eng_0001.pdf,/Users/kanchigupta/Desktop/kanchi AI projects/CCR codification/Statutory_Repository/04_DGFT/Notifications/DGFT_Notification_30-2025-26_2025.pdf,627402,SUCCESS,7
DGFT-0077,DGFT,04_DGFT,DGFT NTFN no. 31/2015-20,20/08/2026,https://content.dgft.gov.in/Website/dgftprod/9b186edf-7d21-4d0c-ac2a-3a362ba4a668/Eng Notif.pdf,/Users/kanchigupta/Desktop/kanchi AI projects/CCR codification/Statutory_Repository/04_DGFT/Notifications/DGFT_Notification_31-2015-20_2015.pdf,531149,SUCCESS,7
DGFT-0078,DGFT,04_DGFT,DGFT NTFN 31/2015-2020,20/08/2026,https://content.dgft.gov.in/Website/dgftprod/9b186edf-7d21-4d0c-ac2a-3a362ba4a668/Eng Notif.pdf,/Users/kanchigupta/Desktop/kanchi AI projects/CCR codification/Statutory_Repository/04_DGFT/Notifications/DGFT_Notification_31-2015-2020_2015.pdf,531149,SUCCESS,1
DGFT-0079,DGFT,04_DGFT,DGFT NTFN 32/2015-20,21/08/2026,https://content.dgft.gov.in/Website/dgftprod/dceef436-dfd7-43bc-bd55-c50e936fc9e5/Notification No.32 English..pdf,/Users/kanchigupta/Desktop/kanchi AI projects/CCR codification/Statutory_Repository/04_DGFT/Notifications/DGFT_Notification_32-2015-20_2015.pdf,689256,SUCCESS,5
DGFT-0080,DGFT,04_DGFT,DGFT NTFN 33/15-20,21/08/2026,https://content.dgft.gov.in/Website/dgftprod/740b5b50-26b1-4908-aec8-227baa0a9b61/Notification English_0001.pdf,/Users/kanchigupta/Desktop/kanchi AI projects/CCR codification/Statutory_Repository/04_DGFT/Notifications/DGFT_Notification_33-15-20_2020.pdf,480518,SUCCESS,82
DGFT-0081,DGFT,04_DGFT,DGFT ntfn33/15-20dt28,21/08/2026,https://content.dgft.gov.in/Website/dgftprod/740b5b50-26b1-4908-aec8-227baa0a9b61/Notification English_0001.pdf,/Users/kanchigupta/Desktop/kanchi AI projects/CCR codification/Statutory_Repository/04_DGFT/Notifications/DGFT_Notification_33-15-20dt28_2028.pdf,480518,SUCCESS,1
DGFT-0082,DGFT,04_DGFT,DGFT NTFN 33/2015-20,21/08/2026,https://content.dgft.gov.in/Website/dgftprod/740b5b50-26b1-4908-aec8-227baa0a9b61/Notification English_0001.pdf,/Users/kanchigupta/Desktop/kanchi AI projects/CCR codification/Statutory_Repository/04_DGFT/Notifications/DGFT_Notification_33-2015-20_2015.pdf,480518,SUCCESS,767
DGFT-0083,DGFT,04_DGFT,DGFT NTFN no. 34/2015-20,24/08/2026,https://content.dgft.gov.in/Website/dgftprod/7c58d938-9b88-42e7-9f4c-180e66228e16/Scan wheat flour english.pdf,/Users/kanchigupta/Desktop/kanchi AI projects/CCR codification/Statutory_Repository/04_DGFT/Notifications/DGFT_Notification_34-2015-20_2015.pdf,320409,SUCCESS,16
DGFT-0084,DGFT,04_DGFT,Notification 34/2025-26,24/09/2025,https://content.dgft.gov.in/Website/dgftprod/d709e6d9-780f-497e-b2ad-7f69ea3bb499/notfication 34 eng_0001.pdf,/Users/kanchigupta/Desktop/kanchi AI projects/CCR codification/Statutory_Repository/04_DGFT/Notifications/DGFT_Notification_34-2025-26_2025.pdf,343248,SUCCESS,2
DGFT-0085,DGFT,04_DGFT,DGFT NOTF 35/23,24/08/2026,https://content.dgft.gov.in/Website/dgftprod/464a6838-3987-4369-bd8a-3a810216bfbe/Scan wheat english.pdf,/Users/kanchigupta/Desktop/kanchi AI projects/CCR codification/Statutory_Repository/04_DGFT/Notifications/DGFT_Notification_35-23_2023.pdf,309925,SUCCESS,1
DGFT-0086,DGFT,04_DGFT,DGFT NTFN 36/2015-20,15/09/2026,https://content.dgft.gov.in/Website/dgftprod/69933014-5a6c-4729-a54e-b13ada824508/Eng Notification 36.pdf,/Users/kanchigupta/Desktop/kanchi AI projects/CCR codification/Statutory_Repository/04_DGFT/Notifications/DGFT_Notification_36-2015-20_2015.pdf,198927,SUCCESS,7
DGFT-0087,DGFT,04_DGFT,DGFT NOTF no.36/2024-25,13/10/2024,https://content.dgft.gov.in/Website/dgftprod/65205b35-e410-4a17-b032-5baebdd1c4db/Notification-36-Eng.pdf,/Users/kanchigupta/Desktop/kanchi AI projects/CCR codification/Statutory_Repository/04_DGFT/Notifications/DGFT_Notification_36-2024-25_2024.pdf,871794,SUCCESS,1
DGFT-0088,DGFT,04_DGFT,DGFT NTFN 37/2015-20,03/10/2025,https://content.dgft.gov.in/Website/dgftprod/3da885ed-7e60-4c83-9bb0-560c850d0264/Notification No 37.pdf,/Users/kanchigupta/Desktop/kanchi AI projects/CCR codification/Statutory_Repository/04_DGFT/Notifications/DGFT_Notification_37-2015-20_2015.pdf,310809,SUCCESS,2
DGFT-0089,DGFT,04_DGFT,DGFT NTFN 39/2015-2020,03/10/2025,https://content.dgft.gov.in/Website/dgftprod/48716575-7697-4402-8565-2b774eb5c6bb/Notification 39 - English.pdf,/Users/kanchigupta/Desktop/kanchi AI projects/CCR codification/Statutory_Repository/04_DGFT/Notifications/DGFT_Notification_39-2015-2020_2015.pdf,403031,SUCCESS,24
DGFT-0090,DGFT,04_DGFT,DGFT NOTF no 39/2023,23/10/2023,https://content.dgft.gov.in/Website/dgftprod/c4c2a975-a8d3-4272-a094-f177c5c3d1f6/Notification 39 dt 23-10-23 Eng-.pdf,/Users/kanchigupta/Desktop/kanchi AI projects/CCR codification/Statutory_Repository/04_DGFT/Notifications/DGFT_Notification_39-2023_2023.pdf,339365,SUCCESS,1
DGFT-0091,DGFT,04_DGFT,notification 40/2015-20,26/11/2024,https://content.dgft.gov.in/Website/dgftprod/8d3a02c3-211d-4465-86a8-959a092a1c09/Notfication No 40 (E).pdf,/Users/kanchigupta/Desktop/kanchi AI projects/CCR codification/Statutory_Repository/04_DGFT/Notifications/DGFT_Notification_40-2015-20_2015.pdf,1943482,SUCCESS,1
DGFT-0092,DGFT,04_DGFT,Notification 40/2024-25,26/11/2024,https://content.dgft.gov.in/Website/dgftprod/8d3a02c3-211d-4465-86a8-959a092a1c09/Notfication No 40 (E).pdf,/Users/kanchigupta/Desktop/kanchi AI projects/CCR codification/Statutory_Repository/04_DGFT/Notifications/DGFT_Notification_40-2024-25_2024.pdf,1943482,SUCCESS,5
DGFT-0093,DGFT,04_DGFT,DGFT Notf 40/24-25,26/11/2024,https://content.dgft.gov.in/Website/dgftprod/8d3a02c3-211d-4465-86a8-959a092a1c09/Notfication No 40 (E).pdf,/Users/kanchigupta/Desktop/kanchi AI projects/CCR codification/Statutory_Repository/04_DGFT/Notifications/DGFT_Notification_40-24-25_2025.pdf,1943482,SUCCESS,3
DGFT-0094,DGFT,04_DGFT,DGFT NOTF 40/25-26,26/11/2024,https://content.dgft.gov.in/Website/dgftprod/8d3a02c3-211d-4465-86a8-959a092a1c09/Notfication No 40 (E).pdf,/Users/kanchigupta/Desktop/kanchi AI projects/CCR codification/Statutory_Repository/04_DGFT/Notifications/DGFT_Notification_40-25-26_2026.pdf,1943482,SUCCESS,10
DGFT-0095,DGFT,04_DGFT,DGFT NOTF 41/15-20,29/11/2024,https://content.dgft.gov.in/Website/dgftprod/a5361094-d542-425c-99d6-09ec5e9b4ae0/Notification 41 eng_0001.pdf,/Users/kanchigupta/Desktop/kanchi AI projects/CCR codification/Statutory_Repository/04_DGFT/Notifications/DGFT_Notification_41-15-20_2020.pdf,560944,SUCCESS,6
DGFT-0096,DGFT,04_DGFT,DGFT Ntfn 41/2015-20,29/11/2024,https://content.dgft.gov.in/Website/dgftprod/a5361094-d542-425c-99d6-09ec5e9b4ae0/Notification 41 eng_0001.pdf,/Users/kanchigupta/Desktop/kanchi AI projects/CCR codification/Statutory_Repository/04_DGFT/Notifications/DGFT_Notification_41-2015-20_2015.pdf,560944,SUCCESS,2
DGFT-0097,DGFT,04_DGFT,DGFT NOTF no.41/2025-26,29/11/2024,https://content.dgft.gov.in/Website/dgftprod/a5361094-d542-425c-99d6-09ec5e9b4ae0/Notification 41 eng_0001.pdf,/Users/kanchigupta/Desktop/kanchi AI projects/CCR codification/Statutory_Repository/04_DGFT/Notifications/DGFT_Notification_41-2025-26_2025.pdf,560944,SUCCESS,2
DGFT-0098,DGFT,04_DGFT,DGFT NOTF no 43/2015-2020,24/12/2024,https://content.dgft.gov.in/Website/dgftprod/2a3fc360-0faf-4a99-a962-b28a267394f9/Notfication 43 Eng.pdf,/Users/kanchigupta/Desktop/kanchi AI projects/CCR codification/Statutory_Repository/04_DGFT/Notifications/DGFT_Notification_43-2015-2020_2015.pdf,354533,SUCCESS,16
DGFT-0099,DGFT,04_DGFT,DGFT NOTF 43/25-26,24/12/2024,https://content.dgft.gov.in/Website/dgftprod/2a3fc360-0faf-4a99-a962-b28a267394f9/Notfication 43 Eng.pdf,/Users/kanchigupta/Desktop/kanchi AI projects/CCR codification/Statutory_Repository/04_DGFT/Notifications/DGFT_Notification_43-25-26_2026.pdf,354533,SUCCESS,2
DGFT-0100,DGFT,04_DGFT,DGFT NOTF 44/25-26,15/10/2025,https://content.dgft.gov.in/Website/dgftprod/ab77c577-7eb3-4b0b-aeaf-fa8e47d9f451/English Notification No. 44.pdf,/Users/kanchigupta/Desktop/kanchi AI projects/CCR codification/Statutory_Repository/04_DGFT/Notifications/DGFT_Notification_44-25-26_2026.pdf,8228085,SUCCESS,160
DGFT-0101,DGFT,04_DGFT,DGFT NOTF 45/2015-20,15/10/2025,https://content.dgft.gov.in/Website/dgftprod/1c28f25d-5dd7-4709-ba99-0f61a58c82a4/English Noti. No. 45_0001.pdf,/Users/kanchigupta/Desktop/kanchi AI projects/CCR codification/Statutory_Repository/04_DGFT/Notifications/DGFT_Notification_45-2015-20_2015.pdf,1081571,SUCCESS,22
DGFT-0102,DGFT,04_DGFT,DGFT NOTF 45/25-26,15/10/2025,https://content.dgft.gov.in/Website/dgftprod/1c28f25d-5dd7-4709-ba99-0f61a58c82a4/English Noti. No. 45_0001.pdf,/Users/kanchigupta/Desktop/kanchi AI projects/CCR codification/Statutory_Repository/04_DGFT/Notifications/DGFT_Notification_45-25-26_2026.pdf,1081571,SUCCESS,41
DGFT-0103,DGFT,04_DGFT,DGFT NTFN NO. 46/2015-20,21/10/2025,https://content.dgft.gov.in/Website/dgftprod/ef7ce5c7-9690-4b1d-b80a-337fc9b0b184/Notification No. 46 English_0001.pdf,/Users/kanchigupta/Desktop/kanchi AI projects/CCR codification/Statutory_Repository/04_DGFT/Notifications/DGFT_Notification_46-2015-20_2015.pdf,557716,SUCCESS,2
DGFT-0104,DGFT,04_DGFT,DGFT NOTF 46/2024-25,30/12/2024,https://content.dgft.gov.in/Website/dgftprod/4fe345d5-c47a-4bca-beaa-d4cb9e87764e/Noti 46 - Eng.pdf,/Users/kanchigupta/Desktop/kanchi AI projects/CCR codification/Statutory_Repository/04_DGFT/Notifications/DGFT_Notification_46-2024-25_2024.pdf,383198,SUCCESS,2
DGFT-0105,DGFT,04_DGFT,DGFT NOTF no.46/2025-26,21/10/2025,https://content.dgft.gov.in/Website/dgftprod/ef7ce5c7-9690-4b1d-b80a-337fc9b0b184/Notification No. 46 English_0001.pdf,/Users/kanchigupta/Desktop/kanchi AI projects/CCR codification/Statutory_Repository/04_DGFT/Notifications/DGFT_Notification_46-2025-26_2025.pdf,557716,SUCCESS,1
DGFT-0106,DGFT,04_DGFT,DGFT NOTF 49/15-20,04/01/2025,https://content.dgft.gov.in/Website/dgftprod/5e2e59fb-1f73-482f-8ae0-09d0226a5d1e/Noti 49 dated 04.01.2025 - Synthetic - Eng.pdf,/Users/kanchigupta/Desktop/kanchi AI projects/CCR codification/Statutory_Repository/04_DGFT/Notifications/DGFT_Notification_49-15-20_2020.pdf,787272,SUCCESS,4
DGFT-0107,DGFT,04_DGFT,DGFT NTFN 49/2015-20,04/01/2025,https://content.dgft.gov.in/Website/dgftprod/5e2e59fb-1f73-482f-8ae0-09d0226a5d1e/Noti 49 dated 04.01.2025 - Synthetic - Eng.pdf,/Users/kanchigupta/Desktop/kanchi AI projects/CCR codification/Statutory_Repository/04_DGFT/Notifications/DGFT_Notification_49-2015-20_2015.pdf,787272,SUCCESS,1
DGFT-0108,DGFT,04_DGFT,DGFT NOTF no 5/2023,,https://www.dgft.gov.in/CP/?opt=notification,,0,MANUAL_ACCESS_REQUIRED,1
DGFT-0109,DGFT,04_DGFT,Notification 50/2023,08/12/2023,https://content.dgft.gov.in/Website/dgftprod/75102910-8c8f-4e02-b313-e082b949bae3/Notification 50 dt 08-12-23 Eng.pdf,/Users/kanchigupta/Desktop/kanchi AI projects/CCR codification/Statutory_Repository/04_DGFT/Notifications/DGFT_Notification_50-2023_2023.pdf,666132,SUCCESS,1
DGFT-0110,DGFT,04_DGFT,DGFT NTFN no. 51/2015-20,29/12/2025,https://content.dgft.gov.in/Website/dgftprod/4e79f6a6-f775-4008-a63f-a82725ae6726/Scan Notification 51 2025-26.pdf,/Users/kanchigupta/Desktop/kanchi AI projects/CCR codification/Statutory_Repository/04_DGFT/Notifications/DGFT_Notification_51-2015-20_2015.pdf,281643,SUCCESS,4
DGFT-0111,DGFT,04_DGFT,DGFT NTFN 51/2015-2020,29/12/2025,https://content.dgft.gov.in/Website/dgftprod/4e79f6a6-f775-4008-a63f-a82725ae6726/Scan Notification 51 2025-26.pdf,/Users/kanchigupta/Desktop/kanchi AI projects/CCR codification/Statutory_Repository/04_DGFT/Notifications/DGFT_Notification_51-2015-2020_2015.pdf,281643,SUCCESS,3
DGFT-0112,DGFT,04_DGFT,notification no. 52/2015-20,31/12/2025,https://content.dgft.gov.in/Website/dgftprod/11463a91-2156-47ff-9685-a6d5d5d601dc/Notification 52 (ENG).pdf,/Users/kanchigupta/Desktop/kanchi AI projects/CCR codification/Statutory_Repository/04_DGFT/Notifications/DGFT_Notification_52-2015-20_2015.pdf,338905,SUCCESS,1
DGFT-0113,DGFT,04_DGFT,DGFT NOTF 54/15-20,03/01/2026,https://content.dgft.gov.in/Website/dgftprod/b5899126-2890-4751-8976-ebd43d47dcb7/Restriction Withdrawal1.pdf,/Users/kanchigupta/Desktop/kanchi AI projects/CCR codification/Statutory_Repository/04_DGFT/Notifications/DGFT_Notification_54-15-20_2020.pdf,212512,SUCCESS,5
DGFT-0114,DGFT,04_DGFT,DGFT NOTF 54/2015-20,03/01/2026,https://content.dgft.gov.in/Website/dgftprod/b5899126-2890-4751-8976-ebd43d47dcb7/Restriction Withdrawal1.pdf,/Users/kanchigupta/Desktop/kanchi AI projects/CCR codification/Statutory_Repository/04_DGFT/Notifications/DGFT_Notification_54-2015-20_2015.pdf,212512,SUCCESS,65
DGFT-0115,DGFT,04_DGFT,notification no. 54/2024,03/01/2026,https://content.dgft.gov.in/Website/dgftprod/b5899126-2890-4751-8976-ebd43d47dcb7/Restriction Withdrawal1.pdf,/Users/kanchigupta/Desktop/kanchi AI projects/CCR codification/Statutory_Repository/04_DGFT/Notifications/DGFT_Notification_54-2024_2024.pdf,212512,SUCCESS,3
DGFT-0116,DGFT,04_DGFT,DGFT Notf 54/2025-26,03/01/2026,https://content.dgft.gov.in/Website/dgftprod/b5899126-2890-4751-8976-ebd43d47dcb7/Restriction Withdrawal1.pdf,/Users/kanchigupta/Desktop/kanchi AI projects/CCR codification/Statutory_Repository/04_DGFT/Notifications/DGFT_Notification_54-2025-26_2025.pdf,212512,SUCCESS,4
DGFT-0117,DGFT,04_DGFT,DGFT NOTF 55/15-20,16/01/2026,https://content.dgft.gov.in/Website/dgftprod/b9ac89ac-e740-4933-8b0c-3547bb310b0f/Notification 55.pdf,/Users/kanchigupta/Desktop/kanchi AI projects/CCR codification/Statutory_Repository/04_DGFT/Notifications/DGFT_Notification_55-15-20_2020.pdf,412568,SUCCESS,1
DGFT-0118,DGFT,04_DGFT,DGFT NOTF no 55/2015-20,16/01/2026,https://content.dgft.gov.in/Website/dgftprod/b9ac89ac-e740-4933-8b0c-3547bb310b0f/Notification 55.pdf,/Users/kanchigupta/Desktop/kanchi AI projects/CCR codification/Statutory_Repository/04_DGFT/Notifications/DGFT_Notification_55-2015-20_2015.pdf,412568,SUCCESS,24
DGFT-0119,DGFT,04_DGFT,Notification no. 55/2015-2020,16/01/2026,https://content.dgft.gov.in/Website/dgftprod/b9ac89ac-e740-4933-8b0c-3547bb310b0f/Notification 55.pdf,/Users/kanchigupta/Desktop/kanchi AI projects/CCR codification/Statutory_Repository/04_DGFT/Notifications/DGFT_Notification_55-2015-2020_2015.pdf,412568,SUCCESS,6
DGFT-0120,DGFT,04_DGFT,DGFT NOTF 55/2023,03/01/2024,https://content.dgft.gov.in/Website/dgftprod/4a3a8ba0-ef35-4598-8c1b-61b1f77bd4b0/Noti-55 Eng.pdf,/Users/kanchigupta/Desktop/kanchi AI projects/CCR codification/Statutory_Repository/04_DGFT/Notifications/DGFT_Notification_55-2023_2023.pdf,640975,SUCCESS,7
DGFT-0121,DGFT,04_DGFT,Notification No 55/2024-25,29/01/2025,https://content.dgft.gov.in/Website/dgftprod/d74b36a0-c3c5-447e-b63d-7fdb0b2aeefd/notfication 55 eng_0001.pdf,/Users/kanchigupta/Desktop/kanchi AI projects/CCR codification/Statutory_Repository/04_DGFT/Notifications/DGFT_Notification_55-2024-25_2024.pdf,292899,SUCCESS,2
DGFT-0122,DGFT,04_DGFT,DGFT NOTF No.57/2015-20,15/01/2024,https://content.dgft.gov.in/Website/dgftprod/d6455700-fbb9-40ac-a0ba-3fed5090e567/0427.pdf,/Users/kanchigupta/Desktop/kanchi AI projects/CCR codification/Statutory_Repository/04_DGFT/Notifications/DGFT_Notification_57-2015-20_2015.pdf,197996,SUCCESS,4
DGFT-0123,DGFT,04_DGFT,Notification 57/2025-26,05/02/2026,https://content.dgft.gov.in/Website/dgftprod/9ec23db1-7c31-4cb1-9087-ad4df25d3bc7/Notification No. 57 English_0001.pdf,/Users/kanchigupta/Desktop/kanchi AI projects/CCR codification/Statutory_Repository/04_DGFT/Notifications/DGFT_Notification_57-2025-26_2025.pdf,508644,SUCCESS,2
DGFT-0124,DGFT,04_DGFT,DGFT Notf 58/2024-25,07/02/2025,https://content.dgft.gov.in/Website/dgftprod/646b345f-2157-4549-9ae9-94ee7f8c3a71/Notification no. 58 dated 07.02.2025.pdf,/Users/kanchigupta/Desktop/kanchi AI projects/CCR codification/Statutory_Repository/04_DGFT/Notifications/DGFT_Notification_58-2024-25_2024.pdf,357449,SUCCESS,100
DGFT-0125,DGFT,04_DGFT,DGFT NOTF no 59/2015-20,09/02/2026,https://content.dgft.gov.in/Website/dgftprod/25fb264d-cd73-40f5-851f-31b5263357ef/Notification 59 dated 09.02.26.pdf,/Users/kanchigupta/Desktop/kanchi AI projects/CCR codification/Statutory_Repository/04_DGFT/Notifications/DGFT_Notification_59-2015-20_2015.pdf,412314,SUCCESS,3
DGFT-0126,DGFT,04_DGFT,DGFT NTFN 59/2015-2020,09/02/2026,https://content.dgft.gov.in/Website/dgftprod/25fb264d-cd73-40f5-851f-31b5263357ef/Notification 59 dated 09.02.26.pdf,/Users/kanchigupta/Desktop/kanchi AI projects/CCR codification/Statutory_Repository/04_DGFT/Notifications/DGFT_Notification_59-2015-2020_2015.pdf,412314,SUCCESS,70
DGFT-0127,DGFT,04_DGFT,DGFT NOTF no 60/2015-20,24/02/2026,https://content.dgft.gov.in/Website/dgftprod/bbd1c3ef-3a08-4506-8fc6-1789ffbc2eda/CORRIGENDUM - RODTEP NOTIFICATION NO 60 DATED 23.02.2026.pdf,/Users/kanchigupta/Desktop/kanchi AI projects/CCR codification/Statutory_Repository/04_DGFT/Notifications/DGFT_Notification_60-2015-20_2015.pdf,625028,SUCCESS,8
DGFT-0128,DGFT,04_DGFT,DGFT NTFN 61/15-20,24/02/2026,https://content.dgft.gov.in/Website/dgftprod/fec0005f-2b47-4880-af82-1b9a697ef82c/Notification 61.pdf,/Users/kanchigupta/Desktop/kanchi AI projects/CCR codification/Statutory_Repository/04_DGFT/Notifications/DGFT_Notification_61-15-20_2020.pdf,282687,SUCCESS,33
DGFT-0129,DGFT,04_DGFT,DGFT NOTF no 61/2015-20,24/02/2026,https://content.dgft.gov.in/Website/dgftprod/fec0005f-2b47-4880-af82-1b9a697ef82c/Notification 61.pdf,/Users/kanchigupta/Desktop/kanchi AI projects/CCR codification/Statutory_Repository/04_DGFT/Notifications/DGFT_Notification_61-2015-20_2015.pdf,282687,SUCCESS,16
DGFT-0130,DGFT,04_DGFT,DGFT Ntfn No.61/2015-2020,24/02/2026,https://content.dgft.gov.in/Website/dgftprod/fec0005f-2b47-4880-af82-1b9a697ef82c/Notification 61.pdf,/Users/kanchigupta/Desktop/kanchi AI projects/CCR codification/Statutory_Repository/04_DGFT/Notifications/DGFT_Notification_61-2015-2020_2015.pdf,282687,SUCCESS,58
DGFT-0131,DGFT,04_DGFT,DGFT NOTF 64/15-20,10/03/2025,https://content.dgft.gov.in/Website/dgftprod/726ba678-e379-4a92-984f-c7a0857d7fcf/Notification64 (E).pdf,/Users/kanchigupta/Desktop/kanchi AI projects/CCR codification/Statutory_Repository/04_DGFT/Notifications/DGFT_Notification_64-15-20_2020.pdf,334947,SUCCESS,1
DGFT-0132,DGFT,04_DGFT,Notification 64/25-26,10/03/2025,https://content.dgft.gov.in/Website/dgftprod/726ba678-e379-4a92-984f-c7a0857d7fcf/Notification64 (E).pdf,/Users/kanchigupta/Desktop/kanchi AI projects/CCR codification/Statutory_Repository/04_DGFT/Notifications/DGFT_Notification_64-25-26_2026.pdf,334947,SUCCESS,4
DGFT-0133,DGFT,04_DGFT,DGFT NOTF no 65/2024-25,18/03/2025,https://content.dgft.gov.in/Website/dgftprod/03fe1db6-b87f-4db5-8a55-fee7b09a9c35/Noti 65 Eng.pdf,/Users/kanchigupta/Desktop/kanchi AI projects/CCR codification/Statutory_Repository/04_DGFT/Notifications/DGFT_Notification_65-2024-25_2024.pdf,3767832,SUCCESS,4
DGFT-0134,DGFT,04_DGFT,DGFT Notf 68/2025-26,27/03/2026,https://content.dgft.gov.in/Website/dgftprod/ba9a6ebf-3d13-4403-87ad-ffa6c61f203f/Notification No. 68_0001.pdf,/Users/kanchigupta/Desktop/kanchi AI projects/CCR codification/Statutory_Repository/04_DGFT/Notifications/DGFT_Notification_68-2025-26_2025.pdf,486907,SUCCESS,2
DGFT-0135,DGFT,04_DGFT,DGFT NOTF 7/25-26,,https://www.dgft.gov.in/CP/?opt=notification,,0,MANUAL_ACCESS_REQUIRED,860
DGFT-0136,DGFT,04_DGFT,Notification 70/2025-26,31/03/2026,https://content.dgft.gov.in/Website/dgftprod/8652d04c-f30a-4985-8692-f20002b6e1a3/Noti-70-yellow-peas.pdf,/Users/kanchigupta/Desktop/kanchi AI projects/CCR codification/Statutory_Repository/04_DGFT/Notifications/DGFT_Notification_70-2025-26_2025.pdf,269359,SUCCESS,1
DGFT-0137,DGFT,04_DGFT,DGFT NOTF 71/2025-26,31/03/2026,https://content.dgft.gov.in/Website/dgftprod/150e8a5c-55f1-4b34-904d-dd9abcb01a82/Noti-71-Urad.pdf,/Users/kanchigupta/Desktop/kanchi AI projects/CCR codification/Statutory_Repository/04_DGFT/Notifications/DGFT_Notification_71-2025-26_2025.pdf,269228,SUCCESS,1
DGFT-0138,DGFT,04_DGFT,DGFT NOTF 71/25-26,31/03/2026,https://content.dgft.gov.in/Website/dgftprod/150e8a5c-55f1-4b34-904d-dd9abcb01a82/Noti-71-Urad.pdf,/Users/kanchigupta/Desktop/kanchi AI projects/CCR codification/Statutory_Repository/04_DGFT/Notifications/DGFT_Notification_71-25-26_2026.pdf,269228,SUCCESS,2
DGFT-0139,DGFT,04_DGFT,DGFT NOTF 72/2025-26,31/03/2026,https://content.dgft.gov.in/Website/dgftprod/9d8dcdc3-7485-4438-bfe4-521720c2bbe4/Noti-72-Tur.pdf,/Users/kanchigupta/Desktop/kanchi AI projects/CCR codification/Statutory_Repository/04_DGFT/Notifications/DGFT_Notification_72-2025-26_2025.pdf,218760,SUCCESS,1
DGFT-0140,DGFT,04_DGFT,DGFT NOTF 78/2023,16/03/2024,https://content.dgft.gov.in/Website/dgftprod/52198858-cc16-4d45-a3bd-cbd2b0bb6dfb/Notification 78 -English.pdf,/Users/kanchigupta/Desktop/kanchi AI projects/CCR codification/Statutory_Repository/04_DGFT/Notifications/DGFT_Notification_78-2023_2023.pdf,761483,SUCCESS,2
DGFT-0141,DGFT,04_DGFT,Notification 79/2023,18/03/2024,https://content.dgft.gov.in/Website/dgftprod/cb634786-2fae-4df0-adff-69d9ae45ebaa/Noti 79 eng.pdf,/Users/kanchigupta/Desktop/kanchi AI projects/CCR codification/Statutory_Repository/04_DGFT/Notifications/DGFT_Notification_79-2023_2023.pdf,434700,SUCCESS,2
DGFT-0142,DGFT,04_DGFT,DGFT NOTF 8/25-26,,https://www.dgft.gov.in/CP/?opt=notification,,0,MANUAL_ACCESS_REQUIRED,8
DGFT-0143,DGFT,04_DGFT,pn 02/2024,10/04/2026,https://content.dgft.gov.in/Website/dgftprod/11f6f8c8-3b23-48be-8f4c-b3f14c49fc4a/PN 02 English_0001.pdf,/Users/kanchigupta/Desktop/kanchi AI projects/CCR codification/Statutory_Repository/04_DGFT/Public_Notices/DGFT_Public_Notice_02-2024_2024.pdf,937669,SUCCESS,1
DGFT-0144,DGFT,04_DGFT,Pn 06/2015-20,04/05/2026,https://content.dgft.gov.in/Website/dgftprod/87f6295c-7ce6-417b-9888-d3af0a13580c/Public Notice ENG.pdf,/Users/kanchigupta/Desktop/kanchi AI projects/CCR codification/Statutory_Repository/04_DGFT/Public_Notices/DGFT_Public_Notice_06-2015-20_2015.pdf,687643,SUCCESS,2
DGFT-0145,DGFT,04_DGFT,pn 08/2024-25,03/06/2024,https://content.dgft.gov.in/Website/dgftprod/59a7ebb9-ae6e-4ddd-8247-4d3d47858b52/PN 08 Eng.pdf,/Users/kanchigupta/Desktop/kanchi AI projects/CCR codification/Statutory_Repository/04_DGFT/Public_Notices/DGFT_Public_Notice_08-2024-25_2024.pdf,378847,SUCCESS,29
DGFT-0146,DGFT,04_DGFT,Pn No.10/2015-20,11/05/2026,https://content.dgft.gov.in/Website/dgftprod/a0167d79-70f4-4212-93f7-b05eb8dd84c9/Amendment of Appendix 2B_0001-1-3.pdf,/Users/kanchigupta/Desktop/kanchi AI projects/CCR codification/Statutory_Repository/04_DGFT/Public_Notices/DGFT_Public_Notice_10-2015-20_2015.pdf,1021686,SUCCESS,2
DGFT-0147,DGFT,04_DGFT,Pn 12/2023-dtd,22/05/2026,https://content.dgft.gov.in/Website/dgftprod/127ba80c-de52-4c0e-983c-3a996b1973b4/PN 12 English- TRQ.pdf,/Users/kanchigupta/Desktop/kanchi AI projects/CCR codification/Statutory_Repository/04_DGFT/Public_Notices/DGFT_Public_Notice_12-2023-dtd_2023.pdf,1914712,SUCCESS,2
DGFT-0148,DGFT,04_DGFT,public notice no. 14/2023,01/06/2026,https://content.dgft.gov.in/Website/dgftprod/26bd85c9-e065-45d8-b225-41369cd823a9/PN 14 - English.pdf,/Users/kanchigupta/Desktop/kanchi AI projects/CCR codification/Statutory_Repository/04_DGFT/Public_Notices/DGFT_Public_Notice_14-2023_2023.pdf,474185,SUCCESS,1956
DGFT-0149,DGFT,04_DGFT,pn 14/23,01/06/2026,https://content.dgft.gov.in/Website/dgftprod/26bd85c9-e065-45d8-b225-41369cd823a9/PN 14 - English.pdf,/Users/kanchigupta/Desktop/kanchi AI projects/CCR codification/Statutory_Repository/04_DGFT/Public_Notices/DGFT_Public_Notice_14-23_2023.pdf,474185,SUCCESS,41
DGFT-0150,DGFT,04_DGFT,Pn No. 15/2015-20,02/06/2026,https://content.dgft.gov.in/Website/dgftprod/4cd2722c-ef31-49cb-b75b-2f77d05fa616/15._0001 PN.pdf,/Users/kanchigupta/Desktop/kanchi AI projects/CCR codification/Statutory_Repository/04_DGFT/Public_Notices/DGFT_Public_Notice_15-2015-20_2015.pdf,554173,SUCCESS,2
DGFT-0151,DGFT,04_DGFT,PN17/2015-20,04/06/2026,https://content.dgft.gov.in/Website/dgftprod/8d488277-f061-4950-bcf3-16686fe41c13/English_0004.pdf,/Users/kanchigupta/Desktop/kanchi AI projects/CCR codification/Statutory_Repository/04_DGFT/Public_Notices/DGFT_Public_Notice_17-2015-20_2015.pdf,288540,SUCCESS,4
DGFT-0152,DGFT,04_DGFT,PN 17/2023,04/06/2026,https://content.dgft.gov.in/Website/dgftprod/8d488277-f061-4950-bcf3-16686fe41c13/English_0004.pdf,/Users/kanchigupta/Desktop/kanchi AI projects/CCR codification/Statutory_Repository/04_DGFT/Public_Notices/DGFT_Public_Notice_17-2023_2023.pdf,288540,SUCCESS,127
DGFT-0153,DGFT,04_DGFT,PN 21/2015-20,13/07/2026,https://content.dgft.gov.in/Website/dgftprod/ea05861c-4237-4af0-a3b9-ff84785d56e3/kms.pdf,/Users/kanchigupta/Desktop/kanchi AI projects/CCR codification/Statutory_Repository/04_DGFT/Public_Notices/DGFT_Public_Notice_21-2015-20_2015.pdf,960919,SUCCESS,3
DGFT-0154,DGFT,04_DGFT,PN 22/2015-20,20/07/2026,https://content.dgft.gov.in/Website/dgftprod/2f56be4e-71bd-4ad0-a6ab-3b1ce23484f6/PN dated 20.07.2026.pdf,/Users/kanchigupta/Desktop/kanchi AI projects/CCR codification/Statutory_Repository/04_DGFT/Public_Notices/DGFT_Public_Notice_22-2015-20_2015.pdf,738571,SUCCESS,3
DGFT-0155,DGFT,04_DGFT,Pn No.24/2015-20,03/08/2026,https://content.dgft.gov.in/Website/dgftprod/b7806252-33e4-4bed-85b6-215a3f91dccd/PN-Oman Signed.pdf,/Users/kanchigupta/Desktop/kanchi AI projects/CCR codification/Statutory_Repository/04_DGFT/Public_Notices/DGFT_Public_Notice_24-2015-20_2015.pdf,1741281,SUCCESS,2
DGFT-0156,DGFT,04_DGFT,PN No 31/2025-26,29/10/2025,https://content.dgft.gov.in/Website/dgftprod/35691b7f-33be-45b0-859a-8e9ff6c8d4dd/PN 31 English New (1) (1) (1).pdf,/Users/kanchigupta/Desktop/kanchi AI projects/CCR codification/Statutory_Repository/04_DGFT/Public_Notices/DGFT_Public_Notice_31-2025-26_2025.pdf,502096,SUCCESS,6
DGFT-0157,DGFT,04_DGFT,public notice no.37/2015-20,11/12/2025,https://content.dgft.gov.in/Website/dgftprod/83ae5b7d-78ca-40a7-adb5-cbc8d46cc13d/PN37E.pdf,/Users/kanchigupta/Desktop/kanchi AI projects/CCR codification/Statutory_Repository/04_DGFT/Public_Notices/DGFT_Public_Notice_37-2015-20_2015.pdf,351934,SUCCESS,65
DGFT-0158,DGFT,04_DGFT,PN No 38/2015-2020,17/12/2025,https://content.dgft.gov.in/Website/dgftprod/0ed33974-63e9-4066-8565-d32e7e51d7a8/PN-38.pdf,/Users/kanchigupta/Desktop/kanchi AI projects/CCR codification/Statutory_Repository/04_DGFT/Public_Notices/DGFT_Public_Notice_38-2015-2020_2015.pdf,4150311,SUCCESS,65
DGFT-0159,DGFT,04_DGFT,pn 4/23,,https://www.dgft.gov.in/CP/?opt=public-notice,,0,MANUAL_ACCESS_REQUIRED,1
DGFT-0160,DGFT,04_DGFT,pn no 40/2015-20,19/12/2025,https://content.dgft.gov.in/Website/dgftprod/da01b824-fb04-4e55-a2cb-4e9322837ae0/pn-English.pdf,/Users/kanchigupta/Desktop/kanchi AI projects/CCR codification/Statutory_Repository/04_DGFT/Public_Notices/DGFT_Public_Notice_40-2015-20_2015.pdf,281598,SUCCESS,10
DGFT-0161,DGFT,04_DGFT,PN 40/2015-2020,19/12/2025,https://content.dgft.gov.in/Website/dgftprod/da01b824-fb04-4e55-a2cb-4e9322837ae0/pn-English.pdf,/Users/kanchigupta/Desktop/kanchi AI projects/CCR codification/Statutory_Repository/04_DGFT/Public_Notices/DGFT_Public_Notice_40-2015-2020_2015.pdf,281598,SUCCESS,55
DGFT-0162,DGFT,04_DGFT,PN 40/2025-26,19/12/2025,https://content.dgft.gov.in/Website/dgftprod/da01b824-fb04-4e55-a2cb-4e9322837ae0/pn-English.pdf,/Users/kanchigupta/Desktop/kanchi AI projects/CCR codification/Statutory_Repository/04_DGFT/Public_Notices/DGFT_Public_Notice_40-2025-26_2025.pdf,281598,SUCCESS,6
DGFT-0163,DGFT,04_DGFT,pn 41/23,31/12/2025,https://content.dgft.gov.in/Website/dgftprod/8ce89bf9-0450-45a0-a7a9-aba9a9bc49eb/P.N. No. 412025-26 dated 31.12.2025 (English).pdf,/Users/kanchigupta/Desktop/kanchi AI projects/CCR codification/Statutory_Repository/04_DGFT/Public_Notices/DGFT_Public_Notice_41-23_2023.pdf,1230288,SUCCESS,1
DGFT-0164,DGFT,04_DGFT,PN 44/2015-20,16/01/2026,https://content.dgft.gov.in/Website/dgftprod/8e90985a-7cbb-4350-afc2-c5834fb38e52/Publick Notice 44 16.01.2025.pdf,/Users/kanchigupta/Desktop/kanchi AI projects/CCR codification/Statutory_Repository/04_DGFT/Public_Notices/DGFT_Public_Notice_44-2015-20_2015.pdf,1347551,SUCCESS,3
DGFT-0165,DGFT,04_DGFT,pn 46/15-20,05/02/2026,https://content.dgft.gov.in/Website/dgftprod/0a94e8f6-a53b-44aa-ad68-7972dd5fac18/ENG-PN - Extension for filing ARR.pdf,/Users/kanchigupta/Desktop/kanchi AI projects/CCR codification/Statutory_Repository/04_DGFT/Public_Notices/DGFT_Public_Notice_46-15-20_2020.pdf,123225,SUCCESS,10
DGFT-0166,DGFT,04_DGFT,PN 46/2015-20,05/02/2026,https://content.dgft.gov.in/Website/dgftprod/0a94e8f6-a53b-44aa-ad68-7972dd5fac18/ENG-PN - Extension for filing ARR.pdf,/Users/kanchigupta/Desktop/kanchi AI projects/CCR codification/Statutory_Repository/04_DGFT/Public_Notices/DGFT_Public_Notice_46-2015-20_2015.pdf,123225,SUCCESS,55
DGFT-0167,DGFT,04_DGFT,Pn No 47/2015-20,11/02/2026,https://content.dgft.gov.in/Website/dgftprod/ec3cee32-4a79-4556-bd55-e8316f2a5bca/Public notice No.26 feb english.pdf,/Users/kanchigupta/Desktop/kanchi AI projects/CCR codification/Statutory_Repository/04_DGFT/Public_Notices/DGFT_Public_Notice_47-2015-20_2015.pdf,370126,SUCCESS,1
DGFT-0168,DGFT,04_DGFT,Pn No.50/2015-20,10/03/2025,https://content.dgft.gov.in/Website/dgftprod/d4189cb8-db1b-4b66-8167-88a20a29cae5/Public Notice no. 50 dated 10.03.2025(English).pdf,/Users/kanchigupta/Desktop/kanchi AI projects/CCR codification/Statutory_Repository/04_DGFT/Public_Notices/DGFT_Public_Notice_50-2015-20_2015.pdf,1669847,SUCCESS,2
DGFT-0169,DGFT,04_DGFT,PN No.53/2025-26,24/03/2026,https://content.dgft.gov.in/Website/dgftprod/0c723f95-5ef9-4e42-9023-ba1cdf98f056/PN 53 English_0001.pdf,/Users/kanchigupta/Desktop/kanchi AI projects/CCR codification/Statutory_Repository/04_DGFT/Public_Notices/DGFT_Public_Notice_53-2025-26_2025.pdf,491316,SUCCESS,6
DGFT-0170,DGFT,04_DGFT,Pn No 60/2015-20,,https://www.dgft.gov.in/CP/?opt=public-notice,,0,MANUAL_ACCESS_REQUIRED,2
DGFT-0171,DGFT,04_DGFT,pn no 61/2015-20,,https://www.dgft.gov.in/CP/?opt=public-notice,,0,MANUAL_ACCESS_REQUIRED,1
DGFT-0172,DGFT,04_DGFT,pn no 63/2015-20,,https://www.dgft.gov.in/CP/?opt=public-notice,,0,MANUAL_ACCESS_REQUIRED,10
DGFT-0173,DGFT,04_DGFT,PN 63/2015-2020,,https://www.dgft.gov.in/CP/?opt=public-notice,,0,MANUAL_ACCESS_REQUIRED,55
DGFT-0174,DGFT,04_DGFT,pn 64/15-20,,https://www.dgft.gov.in/CP/?opt=public-notice,,0,MANUAL_ACCESS_REQUIRED,10
DGFT-0175,DGFT,04_DGFT,PN 64/2015-20,,https://www.dgft.gov.in/CP/?opt=public-notice,,0,MANUAL_ACCESS_REQUIRED,55
FSSAI-0001,FSSAI,05_FSSAI_Orders_and_Advisories,FSSAI letter dated 23,,https://www.fssai.gov.in/executive_order.php,,0,MANUAL_ACCESS_REQUIRED,20
FSSAI-0002,FSSAI,05_FSSAI_Orders_and_Advisories,FSSAI Notice dt 11-01-23,,https://www.fssai.gov.in/executive_order.php,,0,MANUAL_ACCESS_REQUIRED,50
FSSAI-0003,FSSAI,05_FSSAI_Orders_and_Advisories,FSSAI notice dtd 11-01-23,,https://www.fssai.gov.in/executive_order.php,,0,MANUAL_ACCESS_REQUIRED,400
FSSAI-0004,FSSAI,05_FSSAI_Orders_and_Advisories,FSSAI order dated 21-08-2021,,https://www.fssai.gov.in/executive_order.php,,0,MANUAL_ACCESS_REQUIRED,36
FSSAI-0005,FSSAI,05_FSSAI_Orders_and_Advisories,FSSAI order dt 17-10-22,,https://www.fssai.gov.in/executive_order.php,,0,MANUAL_ACCESS_REQUIRED,49
FSSAI-0006,FSSAI,05_FSSAI_Orders_and_Advisories,FSSAI order DT 18-11-22,,https://www.fssai.gov.in/executive_order.php,,0,MANUAL_ACCESS_REQUIRED,1506
FSSAI-0007,FSSAI,05_FSSAI_Orders_and_Advisories,FSSAI order dtd 17-10-22,,https://www.fssai.gov.in/executive_order.php,,0,MANUAL_ACCESS_REQUIRED,401
FSSAI-0008,FSSAI,05_FSSAI_Orders_and_Advisories,FSSAI order dtd 21-08-21,,https://www.fssai.gov.in/executive_order.php,,0,MANUAL_ACCESS_REQUIRED,1
FSSAI-0009,FSSAI,05_FSSAI_Orders_and_Advisories,FSSAI order F,,https://bombayhighcourt.gov.in/bhc/libweb/legislation/actc/1992.22.pdf,/Users/kanchigupta/Desktop/kanchi AI projects/CCR codification/Statutory_Repository/01_Parent_Acts/Parliament_of_India_Act_Foreign_Trade_Dev_Reg_Act_1992.pdf,234169,SUCCESS,51
FSSAI-0010,FSSAI,05_FSSAI_Orders_and_Advisories,FSSAI order issued,,https://www.fssai.gov.in/executive_order.php,,0,MANUAL_ACCESS_REQUIRED,37
ALLIED-0001,Central Gazette,09_Allied_Agencies,G.S.R.102 (e),,https://egazette.gov.in,,0,MANUAL_ACCESS_REQUIRED,399
ALLIED-0002,Central Gazette,09_Allied_Agencies,G.S.R. 102(e),,https://egazette.gov.in,,0,MANUAL_ACCESS_REQUIRED,5
ALLIED-0003,Central Gazette,09_Allied_Agencies,gsr 1081(e),,https://egazette.gov.in,,0,MANUAL_ACCESS_REQUIRED,10
CPCB-0001,MoEFCC / CPCB,07_MoEFCC_CPCB_Environmental,G.S.R.133,,https://cpcb.nic.in/plastic-waste/,,0,MANUAL_ACCESS_REQUIRED,164
CPCB-0002,MoEFCC / CPCB,07_MoEFCC_CPCB_Environmental,GSR133(E),,https://cpcb.nic.in/plastic-waste/,,0,MANUAL_ACCESS_REQUIRED,175
ALLIED-0004,Central Gazette,09_Allied_Agencies,gsr 191(e),,https://egazette.gov.in,,0,MANUAL_ACCESS_REQUIRED,27
ALLIED-0005,Central Gazette,09_Allied_Agencies,gsr 228(e),,https://egazette.gov.in,,0,MANUAL_ACCESS_REQUIRED,17
ALLIED-0006,Central Gazette,09_Allied_Agencies,G.S.R.284(E),,https://egazette.gov.in,,0,MANUAL_ACCESS_REQUIRED,17
CPCB-0003,MoEFCC / CPCB,07_MoEFCC_CPCB_Environmental,gsr 338(e),,https://cpcb.nic.in/plastic-waste/,,0,MANUAL_ACCESS_REQUIRED,8
ALLIED-0007,Central Gazette,09_Allied_Agencies,gsr 410,,https://egazette.gov.in,,0,MANUAL_ACCESS_REQUIRED,1
ALLIED-0008,Central Gazette,09_Allied_Agencies,gsr 536(e),,https://egazette.gov.in,,0,MANUAL_ACCESS_REQUIRED,9
CPCB-0004,MoEFCC / CPCB,07_MoEFCC_CPCB_Environmental,G.S.R.571(E),,https://cpcb.nic.in/plastic-waste/,,0,MANUAL_ACCESS_REQUIRED,164
ALLIED-0009,Central Gazette,09_Allied_Agencies,GSR 592(E),,https://egazette.gov.in,,0,MANUAL_ACCESS_REQUIRED,61
CPCB-0005,MoEFCC / CPCB,07_MoEFCC_CPCB_Environmental,gsr 677(e),,https://cpcb.nic.in/plastic-waste/,,0,MANUAL_ACCESS_REQUIRED,3
ALLIED-0010,Central Gazette,09_Allied_Agencies,gsr 71(e),,https://egazette.gov.in,,0,MANUAL_ACCESS_REQUIRED,6
CPCB-0006,MoEFCC / CPCB,07_MoEFCC_CPCB_Environmental,gsr 724(e),,https://cpcb.nic.in/plastic-waste/,,0,MANUAL_ACCESS_REQUIRED,2
ALLIED-0011,Central Gazette,09_Allied_Agencies,gsr 759(e),,https://egazette.gov.in,,0,MANUAL_ACCESS_REQUIRED,2
ALLIED-0012,Central Gazette,09_Allied_Agencies,gsr 760(e),,https://egazette.gov.in,,0,MANUAL_ACCESS_REQUIRED,2
ALLIED-0013,Central Gazette,09_Allied_Agencies,G.S.R. 78(e),,https://egazette.gov.in,,0,MANUAL_ACCESS_REQUIRED,4
ALLIED-0014,Central Gazette,09_Allied_Agencies,GSR 792(E),,https://egazette.gov.in,,0,MANUAL_ACCESS_REQUIRED,1
CPCB-0007,MoEFCC / CPCB,07_MoEFCC_CPCB_Environmental,G.S.R. 801 (e),,https://cpcb.nic.in/plastic-waste/,,0,MANUAL_ACCESS_REQUIRED,401
CPCB-0008,MoEFCC / CPCB,07_MoEFCC_CPCB_Environmental,G.S.R. 801(E),,https://cpcb.nic.in/plastic-waste/,,0,MANUAL_ACCESS_REQUIRED,23
CPCB-0009,MoEFCC / CPCB,07_MoEFCC_CPCB_Environmental,Gsr 804(E),,https://cpcb.nic.in/plastic-waste/,,0,MANUAL_ACCESS_REQUIRED,14
CPCB-0010,Central Gazette; MoEFCC / CPCB,07_MoEFCC_CPCB_Environmental,GSR 807(E),,https://cpcb.nic.in/plastic-waste/,,0,MANUAL_ACCESS_REQUIRED,199
ALLIED-0015,Central Gazette,09_Allied_Agencies,gsr 843(e),,https://egazette.gov.in,,0,MANUAL_ACCESS_REQUIRED,2
ALLIED-0016,Central Gazette,09_Allied_Agencies,GSR 870(E),,https://egazette.gov.in,,0,MANUAL_ACCESS_REQUIRED,132
BIS-IS-0001,Bureau of Indian Standards,08_BIS_Quality_Control_Orders,is 01,,https://www.manakonline.in/MANAK/standardSearch?standardNumber=01,,0,MANUAL_ACCESS_REQUIRED,137
BIS-IS-0002,Bureau of Indian Standards,08_BIS_Quality_Control_Orders,is 07,,https://www.manakonline.in/MANAK/standardSearch?standardNumber=07,,0,MANUAL_ACCESS_REQUIRED,28
BIS-IS-0003,Bureau of Indian Standards,08_BIS_Quality_Control_Orders,Is 1,,https://www.manakonline.in/MANAK/standardSearch?standardNumber=1,,0,MANUAL_ACCESS_REQUIRED,5
BIS-IS-0004,Bureau of Indian Standards,08_BIS_Quality_Control_Orders,is 100,,https://www.manakonline.in/MANAK/standardSearch?standardNumber=100,,0,MANUAL_ACCESS_REQUIRED,20
BIS-IS-0005,Bureau of Indian Standards,08_BIS_Quality_Control_Orders,is 10001,,https://www.manakonline.in/MANAK/standardSearch?standardNumber=10001,,0,MANUAL_ACCESS_REQUIRED,2
BIS-IS-0006,Bureau of Indian Standards,08_BIS_Quality_Control_Orders,is 10109,,https://www.manakonline.in/MANAK/standardSearch?standardNumber=10109,,0,MANUAL_ACCESS_REQUIRED,12
BIS-IS-0007,Bureau of Indian Standards,08_BIS_Quality_Control_Orders,is 10116:2015,,https://www.manakonline.in/MANAK/standardSearch?standardNumber=10116%3A2015,,0,MANUAL_ACCESS_REQUIRED,1
BIS-IS-0008,Bureau of Indian Standards,08_BIS_Quality_Control_Orders,is 10238:2001,,https://www.manakonline.in/MANAK/standardSearch?standardNumber=10238%3A2001,,0,MANUAL_ACCESS_REQUIRED,14
BIS-IS-0009,Bureau of Indian Standards,08_BIS_Quality_Control_Orders,IS10322,,https://www.manakonline.in/MANAK/standardSearch?standardNumber=10322,,0,MANUAL_ACCESS_REQUIRED,14
BIS-IS-0010,Bureau of Indian Standards,08_BIS_Quality_Control_Orders,IS10613:2014,,https://www.manakonline.in/MANAK/standardSearch?standardNumber=10613%3A2014,,0,MANUAL_ACCESS_REQUIRED,12
BIS-IS-0011,Bureau of Indian Standards,08_BIS_Quality_Control_Orders,IS10617:2018,,https://www.manakonline.in/MANAK/standardSearch?standardNumber=10617%3A2018,,0,MANUAL_ACCESS_REQUIRED,6
BIS-IS-0012,Bureau of Indian Standards,08_BIS_Quality_Control_Orders,IS10701:2012,,https://www.manakonline.in/MANAK/standardSearch?standardNumber=10701%3A2012,,0,MANUAL_ACCESS_REQUIRED,43
BIS-IS-0013,Bureau of Indian Standards,08_BIS_Quality_Control_Orders,is 10702:2023,,https://www.manakonline.in/MANAK/standardSearch?standardNumber=10702%3A2023,,0,MANUAL_ACCESS_REQUIRED,1
BIS-IS-0014,Bureau of Indian Standards,08_BIS_Quality_Control_Orders,IS 10748:2004,,https://www.manakonline.in/MANAK/standardSearch?standardNumber=10748%3A2004,,0,MANUAL_ACCESS_REQUIRED,8
BIS-IS-0015,Bureau of Indian Standards,08_BIS_Quality_Control_Orders,IS 10773:1995,,https://www.manakonline.in/MANAK/standardSearch?standardNumber=10773%3A1995,,0,MANUAL_ACCESS_REQUIRED,4
BIS-IS-0016,Bureau of Indian Standards,08_BIS_Quality_Control_Orders,IS 1079:2017,,https://www.manakonline.in/MANAK/standardSearch?standardNumber=1079%3A2017,,0,MANUAL_ACCESS_REQUIRED,7
BIS-IS-0017,Bureau of Indian Standards,08_BIS_Quality_Control_Orders,is 1084:2005,,https://www.manakonline.in/MANAK/standardSearch?standardNumber=1084%3A2005,,0,MANUAL_ACCESS_REQUIRED,18
BIS-IS-0018,Bureau of Indian Standards,08_BIS_Quality_Control_Orders,is 11,,https://www.manakonline.in/MANAK/standardSearch?standardNumber=11,,0,MANUAL_ACCESS_REQUIRED,40
BIS-IS-0019,Bureau of Indian Standards,08_BIS_Quality_Control_Orders,is 11066:2022,,https://www.manakonline.in/MANAK/standardSearch?standardNumber=11066%3A2022,,0,MANUAL_ACCESS_REQUIRED,18
BIS-IS-0020,Bureau of Indian Standards,08_BIS_Quality_Control_Orders,IS1117:2018,,https://www.manakonline.in/MANAK/standardSearch?standardNumber=1117%3A2018,,0,MANUAL_ACCESS_REQUIRED,6
BIS-IS-0021,Bureau of Indian Standards,08_BIS_Quality_Control_Orders,is 11226:1993,,https://www.manakonline.in/MANAK/standardSearch?standardNumber=11226%3A1993,,0,MANUAL_ACCESS_REQUIRED,14
BIS-IS-0022,Bureau of Indian Standards,08_BIS_Quality_Control_Orders,IS11329:2018,,https://www.manakonline.in/MANAK/standardSearch?standardNumber=11329%3A2018,,0,MANUAL_ACCESS_REQUIRED,10
BIS-IS-0023,Bureau of Indian Standards,08_BIS_Quality_Control_Orders,IS11356:2020,,https://www.manakonline.in/MANAK/standardSearch?standardNumber=11356%3A2020,,0,MANUAL_ACCESS_REQUIRED,5
BIS-IS-0024,Bureau of Indian Standards,08_BIS_Quality_Control_Orders,IS 11513:2017,,https://www.manakonline.in/MANAK/standardSearch?standardNumber=11513%3A2017,,0,MANUAL_ACCESS_REQUIRED,8
BIS-IS-0025,Bureau of Indian Standards,08_BIS_Quality_Control_Orders,is 11536,,https://www.manakonline.in/MANAK/standardSearch?standardNumber=11536,,0,MANUAL_ACCESS_REQUIRED,2
BIS-IS-0026,Bureau of Indian Standards,08_BIS_Quality_Control_Orders,IS 11587:1986,,https://www.manakonline.in/MANAK/standardSearch?standardNumber=11587%3A1986,,0,MANUAL_ACCESS_REQUIRED,4
BIS-IS-0027,Bureau of Indian Standards,08_BIS_Quality_Control_Orders,is 1161,,https://www.manakonline.in/MANAK/standardSearch?standardNumber=1161,,0,MANUAL_ACCESS_REQUIRED,2
BIS-IS-0028,Bureau of Indian Standards,08_BIS_Quality_Control_Orders,IS 1161:2014,,https://www.manakonline.in/MANAK/standardSearch?standardNumber=1161%3A2014,,0,MANUAL_ACCESS_REQUIRED,8
BIS-IS-0029,Bureau of Indian Standards,08_BIS_Quality_Control_Orders,is 1165,,https://www.manakonline.in/MANAK/standardSearch?standardNumber=1165,,0,MANUAL_ACCESS_REQUIRED,9
BIS-IS-0030,Bureau of Indian Standards,08_BIS_Quality_Control_Orders,IS11652:2017,,https://www.manakonline.in/MANAK/standardSearch?standardNumber=11652%3A2017,,0,MANUAL_ACCESS_REQUIRED,5
BIS-IS-0031,Bureau of Indian Standards,08_BIS_Quality_Control_Orders,is 11657:1986,,https://www.manakonline.in/MANAK/standardSearch?standardNumber=11657%3A1986,,0,MANUAL_ACCESS_REQUIRED,1
BIS-IS-0032,Bureau of Indian Standards,08_BIS_Quality_Control_Orders,is 1166,,https://www.manakonline.in/MANAK/standardSearch?standardNumber=1166,,0,MANUAL_ACCESS_REQUIRED,2
BIS-IS-0033,Bureau of Indian Standards,08_BIS_Quality_Control_Orders,is 11744:1986,,https://www.manakonline.in/MANAK/standardSearch?standardNumber=11744%3A1986,,0,MANUAL_ACCESS_REQUIRED,1
BIS-IS-0034,Bureau of Indian Standards,08_BIS_Quality_Control_Orders,Is 1180,,https://www.manakonline.in/MANAK/standardSearch?standardNumber=1180,,0,MANUAL_ACCESS_REQUIRED,4
BIS-IS-0035,Bureau of Indian Standards,08_BIS_Quality_Control_Orders,Is 1180 (Part 1),,https://www.manakonline.in/MANAK/standardSearch?standardNumber=1180%20%28Part%201%29,,0,MANUAL_ACCESS_REQUIRED,4
BIS-IS-0036,Bureau of Indian Standards,08_BIS_Quality_Control_Orders,is 11871,,https://www.manakonline.in/MANAK/standardSearch?standardNumber=11871,,0,MANUAL_ACCESS_REQUIRED,3
BIS-IS-0037,Bureau of Indian Standards,08_BIS_Quality_Control_Orders,IS 11946:1987,,https://www.manakonline.in/MANAK/standardSearch?standardNumber=11946%3A1987,,0,MANUAL_ACCESS_REQUIRED,6
BIS-IS-0038,Bureau of Indian Standards,08_BIS_Quality_Control_Orders,IS 11947:1987,,https://www.manakonline.in/MANAK/standardSearch?standardNumber=11947%3A1987,,0,MANUAL_ACCESS_REQUIRED,1
BIS-IS-0039,Bureau of Indian Standards,08_BIS_Quality_Control_Orders,is 12,,https://www.manakonline.in/MANAK/standardSearch?standardNumber=12,,0,MANUAL_ACCESS_REQUIRED,20
BIS-IS-0040,Bureau of Indian Standards,08_BIS_Quality_Control_Orders,IS12084:2018,,https://www.manakonline.in/MANAK/standardSearch?standardNumber=12084%3A2018,,0,MANUAL_ACCESS_REQUIRED,1
BIS-IS-0041,Bureau of Indian Standards,08_BIS_Quality_Control_Orders,IS12124:1987,,https://www.manakonline.in/MANAK/standardSearch?standardNumber=12124%3A1987,,0,MANUAL_ACCESS_REQUIRED,4
BIS-IS-0042,Bureau of Indian Standards,08_BIS_Quality_Control_Orders,IS 12145:1987,,https://www.manakonline.in/MANAK/standardSearch?standardNumber=12145%3A1987,,0,MANUAL_ACCESS_REQUIRED,4
BIS-IS-0043,Bureau of Indian Standards,08_BIS_Quality_Control_Orders,is 12171:2019,,https://www.manakonline.in/MANAK/standardSearch?standardNumber=12171%3A2019,,0,MANUAL_ACCESS_REQUIRED,12
BIS-IS-0044,Bureau of Indian Standards,08_BIS_Quality_Control_Orders,is 12176,,https://www.manakonline.in/MANAK/standardSearch?standardNumber=12176,,0,MANUAL_ACCESS_REQUIRED,4
BIS-IS-0045,Bureau of Indian Standards,08_BIS_Quality_Control_Orders,is 12254:2021,,https://www.manakonline.in/MANAK/standardSearch?standardNumber=12254%3A2021,,0,MANUAL_ACCESS_REQUIRED,8
BIS-IS-0046,Bureau of Indian Standards,08_BIS_Quality_Control_Orders,is:12300,,https://www.manakonline.in/MANAK/standardSearch?standardNumber=12300,,0,MANUAL_ACCESS_REQUIRED,10
BIS-IS-0047,Bureau of Indian Standards,08_BIS_Quality_Control_Orders,IS 12313:1988,,https://www.manakonline.in/MANAK/standardSearch?standardNumber=12313%3A1988,,0,MANUAL_ACCESS_REQUIRED,1
BIS-IS-0048,Bureau of Indian Standards,08_BIS_Quality_Control_Orders,is 12330,,https://www.manakonline.in/MANAK/standardSearch?standardNumber=12330,,0,MANUAL_ACCESS_REQUIRED,10
BIS-IS-0049,Bureau of Indian Standards,08_BIS_Quality_Control_Orders,IS 1239,,https://www.manakonline.in/MANAK/standardSearch?standardNumber=1239,,0,MANUAL_ACCESS_REQUIRED,1
BIS-IS-0050,Bureau of Indian Standards,08_BIS_Quality_Control_Orders,is12406:2021,,https://www.manakonline.in/MANAK/standardSearch?standardNumber=12406%3A2021,,0,MANUAL_ACCESS_REQUIRED,40
BIS-IS-0051,Bureau of Indian Standards,08_BIS_Quality_Control_Orders,is 12427:2001,,https://www.manakonline.in/MANAK/standardSearch?standardNumber=12427%3A2001,,0,MANUAL_ACCESS_REQUIRED,14
BIS-IS-0052,Bureau of Indian Standards,08_BIS_Quality_Control_Orders,IS 12444:2020,,https://www.manakonline.in/MANAK/standardSearch?standardNumber=12444%3A2020,,0,MANUAL_ACCESS_REQUIRED,1
BIS-IS-0053,Bureau of Indian Standards,08_BIS_Quality_Control_Orders,IS1254:2007,,https://www.manakonline.in/MANAK/standardSearch?standardNumber=1254%3A2007,,0,MANUAL_ACCESS_REQUIRED,5
BIS-IS-0054,Bureau of Indian Standards,08_BIS_Quality_Control_Orders,is 12600,,https://www.manakonline.in/MANAK/standardSearch?standardNumber=12600,,0,MANUAL_ACCESS_REQUIRED,10
BIS-IS-0055,Bureau of Indian Standards,08_BIS_Quality_Control_Orders,Is 12615:2011,,https://www.manakonline.in/MANAK/standardSearch?standardNumber=12615%3A2011,,0,MANUAL_ACCESS_REQUIRED,3
BIS-IS-0056,Bureau of Indian Standards,08_BIS_Quality_Control_Orders,is 12640,,https://www.manakonline.in/MANAK/standardSearch?standardNumber=12640,,0,MANUAL_ACCESS_REQUIRED,1
BIS-IS-0057,Bureau of Indian Standards,08_BIS_Quality_Control_Orders,is 12640 (part 2),,https://www.manakonline.in/MANAK/standardSearch?standardNumber=12640%20%28part%202%29,,0,MANUAL_ACCESS_REQUIRED,1
BIS-IS-0058,Bureau of Indian Standards,08_BIS_Quality_Control_Orders,is 12640(part 1),,https://www.manakonline.in/MANAK/standardSearch?standardNumber=12640%28part%201%29,,0,MANUAL_ACCESS_REQUIRED,1
BIS-IS-0059,Bureau of Indian Standards,08_BIS_Quality_Control_Orders,is 12650:2018,,https://www.manakonline.in/MANAK/standardSearch?standardNumber=12650%3A2018,,0,MANUAL_ACCESS_REQUIRED,9
BIS-IS-0060,Bureau of Indian Standards,08_BIS_Quality_Control_Orders,IS 1269,,https://www.manakonline.in/MANAK/standardSearch?standardNumber=1269,,0,MANUAL_ACCESS_REQUIRED,2
BIS-IS-0061,Bureau of Indian Standards,08_BIS_Quality_Control_Orders,IS 1269 (Part2),,https://www.manakonline.in/MANAK/standardSearch?standardNumber=1269%20%28Part2%29,,0,MANUAL_ACCESS_REQUIRED,2
BIS-IS-0062,Bureau of Indian Standards,08_BIS_Quality_Control_Orders,IS 1269:1997,,https://www.manakonline.in/MANAK/standardSearch?standardNumber=1269%3A1997,,0,MANUAL_ACCESS_REQUIRED,1
BIS-IS-0063,Bureau of Indian Standards,08_BIS_Quality_Control_Orders,IS12795:2020,,https://www.manakonline.in/MANAK/standardSearch?standardNumber=12795%3A2020,,0,MANUAL_ACCESS_REQUIRED,1
BIS-IS-0064,Bureau of Indian Standards,08_BIS_Quality_Control_Orders,IS 12817:2020,,https://www.manakonline.in/MANAK/standardSearch?standardNumber=12817%3A2020,,0,MANUAL_ACCESS_REQUIRED,7
BIS-IS-0065,Bureau of Indian Standards,08_BIS_Quality_Control_Orders,is12823:2015,,https://www.manakonline.in/MANAK/standardSearch?standardNumber=12823%3A2015,,0,MANUAL_ACCESS_REQUIRED,40
BIS-IS-0066,Bureau of Indian Standards,08_BIS_Quality_Control_Orders,IS1284:1975,,https://www.manakonline.in/MANAK/standardSearch?standardNumber=1284%3A1975,,0,MANUAL_ACCESS_REQUIRED,1
BIS-IS-0067,Bureau of Indian Standards,08_BIS_Quality_Control_Orders,IS1285:2002,,https://www.manakonline.in/MANAK/standardSearch?standardNumber=1285%3A2002,,0,MANUAL_ACCESS_REQUIRED,10
BIS-IS-0068,Bureau of Indian Standards,08_BIS_Quality_Control_Orders,is 12928:1990,,https://www.manakonline.in/MANAK/standardSearch?standardNumber=12928%3A1990,,0,MANUAL_ACCESS_REQUIRED,1
BIS-IS-0069,Bureau of Indian Standards,08_BIS_Quality_Control_Orders,IS12933,,https://www.manakonline.in/MANAK/standardSearch?standardNumber=12933,,0,MANUAL_ACCESS_REQUIRED,5
BIS-IS-0070,Bureau of Indian Standards,08_BIS_Quality_Control_Orders,IS12933(Part1 and 2),,https://www.manakonline.in/MANAK/standardSearch?standardNumber=12933%28Part1%20and%202%29,,0,MANUAL_ACCESS_REQUIRED,1
BIS-IS-0071,Bureau of Indian Standards,08_BIS_Quality_Control_Orders,is 13,,https://www.manakonline.in/MANAK/standardSearch?standardNumber=13,,0,MANUAL_ACCESS_REQUIRED,33
BIS-IS-0072,Bureau of Indian Standards,08_BIS_Quality_Control_Orders,IS 13000:1990,,https://www.manakonline.in/MANAK/standardSearch?standardNumber=13000%3A1990,,0,MANUAL_ACCESS_REQUIRED,6
BIS-IS-0073,Bureau of Indian Standards,08_BIS_Quality_Control_Orders,IS 13008:1990,,https://www.manakonline.in/MANAK/standardSearch?standardNumber=13008%3A1990,,0,MANUAL_ACCESS_REQUIRED,6
BIS-IS-0074,Bureau of Indian Standards,08_BIS_Quality_Control_Orders,is 13010,,https://www.manakonline.in/MANAK/standardSearch?standardNumber=13010,,0,MANUAL_ACCESS_REQUIRED,2
BIS-IS-0075,Bureau of Indian Standards,08_BIS_Quality_Control_Orders,is 13095,,https://www.manakonline.in/MANAK/standardSearch?standardNumber=13095,,0,MANUAL_ACCESS_REQUIRED,10
BIS-IS-0076,Bureau of Indian Standards,08_BIS_Quality_Control_Orders,is 13098,,https://www.manakonline.in/MANAK/standardSearch?standardNumber=13098,,0,MANUAL_ACCESS_REQUIRED,8
BIS-IS-0077,Bureau of Indian Standards,08_BIS_Quality_Control_Orders,IS 13252,,https://www.manakonline.in/MANAK/standardSearch?standardNumber=13252,,0,MANUAL_ACCESS_REQUIRED,175
BIS-IS-0078,Bureau of Indian Standards,08_BIS_Quality_Control_Orders,is 13252 (part 1),,https://www.manakonline.in/MANAK/standardSearch?standardNumber=13252%20%28part%201%29,,0,MANUAL_ACCESS_REQUIRED,1
BIS-IS-0079,Bureau of Indian Standards,08_BIS_Quality_Control_Orders,IS1328:1996,,https://www.manakonline.in/MANAK/standardSearch?standardNumber=1328%3A1996,,0,MANUAL_ACCESS_REQUIRED,43
BIS-IS-0080,Bureau of Indian Standards,08_BIS_Quality_Control_Orders,is 13334,,https://www.manakonline.in/MANAK/standardSearch?standardNumber=13334,,0,MANUAL_ACCESS_REQUIRED,3
BIS-IS-0081,Bureau of Indian Standards,08_BIS_Quality_Control_Orders,is 13334(part 1),,https://www.manakonline.in/MANAK/standardSearch?standardNumber=13334%28part%201%29,,0,MANUAL_ACCESS_REQUIRED,1
BIS-IS-0082,Bureau of Indian Standards,08_BIS_Quality_Control_Orders,is 13334(part 2),,https://www.manakonline.in/MANAK/standardSearch?standardNumber=13334%28part%202%29,,0,MANUAL_ACCESS_REQUIRED,1
BIS-IS-0083,Bureau of Indian Standards,08_BIS_Quality_Control_Orders,is 13334(part1),,https://www.manakonline.in/MANAK/standardSearch?standardNumber=13334%28part1%29,,0,MANUAL_ACCESS_REQUIRED,2
BIS-IS-0084,Bureau of Indian Standards,08_BIS_Quality_Control_Orders,is 13334(part2),,https://www.manakonline.in/MANAK/standardSearch?standardNumber=13334%28part2%29,,0,MANUAL_ACCESS_REQUIRED,2
BIS-IS-0085,Bureau of Indian Standards,08_BIS_Quality_Control_Orders,is 13340,,https://www.manakonline.in/MANAK/standardSearch?standardNumber=13340,,0,MANUAL_ACCESS_REQUIRED,9
BIS-IS-0086,Bureau of Indian Standards,08_BIS_Quality_Control_Orders,is 13349:1992,,https://www.manakonline.in/MANAK/standardSearch?standardNumber=13349%3A1992,,0,MANUAL_ACCESS_REQUIRED,2
BIS-IS-0087,Bureau of Indian Standards,08_BIS_Quality_Control_Orders,IS1341:2018,,https://www.manakonline.in/MANAK/standardSearch?standardNumber=1341%3A2018,,0,MANUAL_ACCESS_REQUIRED,7
BIS-IS-0088,Bureau of Indian Standards,08_BIS_Quality_Control_Orders,is 1342,,https://www.manakonline.in/MANAK/standardSearch?standardNumber=1342,,0,MANUAL_ACCESS_REQUIRED,12
BIS-IS-0089,Bureau of Indian Standards,08_BIS_Quality_Control_Orders,is 13428,,https://www.manakonline.in/MANAK/standardSearch?standardNumber=13428,,0,MANUAL_ACCESS_REQUIRED,1
BIS-IS-0090,Bureau of Indian Standards,08_BIS_Quality_Control_Orders,is 13464,,https://www.manakonline.in/MANAK/standardSearch?standardNumber=13464,,0,MANUAL_ACCESS_REQUIRED,2
BIS-IS-0091,Bureau of Indian Standards,08_BIS_Quality_Control_Orders,is 13501,,https://www.manakonline.in/MANAK/standardSearch?standardNumber=13501,,0,MANUAL_ACCESS_REQUIRED,2
BIS-IS-0092,Bureau of Indian Standards,08_BIS_Quality_Control_Orders,is: 13539,,https://www.manakonline.in/MANAK/standardSearch?standardNumber=13539,,0,MANUAL_ACCESS_REQUIRED,3
BIS-IS-0093,Bureau of Indian Standards,08_BIS_Quality_Control_Orders,is 13585,,https://www.manakonline.in/MANAK/standardSearch?standardNumber=13585,,0,MANUAL_ACCESS_REQUIRED,9
BIS-IS-0094,Bureau of Indian Standards,08_BIS_Quality_Control_Orders,is 1363,,https://www.manakonline.in/MANAK/standardSearch?standardNumber=1363,,0,MANUAL_ACCESS_REQUIRED,14
BIS-IS-0095,Bureau of Indian Standards,08_BIS_Quality_Control_Orders,is 1363 (part 1),,https://www.manakonline.in/MANAK/standardSearch?standardNumber=1363%20%28part%201%29,,0,MANUAL_ACCESS_REQUIRED,7
BIS-IS-0096,Bureau of Indian Standards,08_BIS_Quality_Control_Orders,is 1363 (part 2),,https://www.manakonline.in/MANAK/standardSearch?standardNumber=1363%20%28part%202%29,,0,MANUAL_ACCESS_REQUIRED,7
BIS-IS-0097,Bureau of Indian Standards,08_BIS_Quality_Control_Orders,is 1363 (part 3),,https://www.manakonline.in/MANAK/standardSearch?standardNumber=1363%20%28part%203%29,,0,MANUAL_ACCESS_REQUIRED,14
BIS-IS-0098,Bureau of Indian Standards,08_BIS_Quality_Control_Orders,IS 1363 (PART1),,https://www.manakonline.in/MANAK/standardSearch?standardNumber=1363%20%28PART1%29,,0,MANUAL_ACCESS_REQUIRED,7
BIS-IS-0099,Bureau of Indian Standards,08_BIS_Quality_Control_Orders,IS 1363 (PART2),,https://www.manakonline.in/MANAK/standardSearch?standardNumber=1363%20%28PART2%29,,0,MANUAL_ACCESS_REQUIRED,7
BIS-IS-0100,Bureau of Indian Standards,08_BIS_Quality_Control_Orders,is 1364,,https://www.manakonline.in/MANAK/standardSearch?standardNumber=1364,,0,MANUAL_ACCESS_REQUIRED,14
BIS-IS-0101,Bureau of Indian Standards,08_BIS_Quality_Control_Orders,is 1364 (part 1),,https://www.manakonline.in/MANAK/standardSearch?standardNumber=1364%20%28part%201%29,,0,MANUAL_ACCESS_REQUIRED,7
BIS-IS-0102,Bureau of Indian Standards,08_BIS_Quality_Control_Orders,is 1364 (part 2),,https://www.manakonline.in/MANAK/standardSearch?standardNumber=1364%20%28part%202%29,,0,MANUAL_ACCESS_REQUIRED,7
BIS-IS-0103,Bureau of Indian Standards,08_BIS_Quality_Control_Orders,IS 1364 (PART1),,https://www.manakonline.in/MANAK/standardSearch?standardNumber=1364%20%28PART1%29,,0,MANUAL_ACCESS_REQUIRED,7
BIS-IS-0104,Bureau of Indian Standards,08_BIS_Quality_Control_Orders,IS 1364 (PART2),,https://www.manakonline.in/MANAK/standardSearch?standardNumber=1364%20%28PART2%29,,0,MANUAL_ACCESS_REQUIRED,7
BIS-IS-0105,Bureau of Indian Standards,08_BIS_Quality_Control_Orders,is 13779,,https://www.manakonline.in/MANAK/standardSearch?standardNumber=13779,,0,MANUAL_ACCESS_REQUIRED,2
BIS-IS-0106,Bureau of Indian Standards,08_BIS_Quality_Control_Orders,IS1381,,https://www.manakonline.in/MANAK/standardSearch?standardNumber=1381,,0,MANUAL_ACCESS_REQUIRED,6
BIS-IS-0107,Bureau of Indian Standards,08_BIS_Quality_Control_Orders,IS1381(Part1),,https://www.manakonline.in/MANAK/standardSearch?standardNumber=1381%28Part1%29,,0,MANUAL_ACCESS_REQUIRED,6
BIS-IS-0108,Bureau of Indian Standards,08_BIS_Quality_Control_Orders,is 13893:1994,,https://www.manakonline.in/MANAK/standardSearch?standardNumber=13893%3A1994,,0,MANUAL_ACCESS_REQUIRED,2
BIS-IS-0109,Bureau of Indian Standards,08_BIS_Quality_Control_Orders,IS1391,,https://www.manakonline.in/MANAK/standardSearch?standardNumber=1391,,0,MANUAL_ACCESS_REQUIRED,10
BIS-IS-0110,Bureau of Indian Standards,08_BIS_Quality_Control_Orders,IS1391(Part1),,https://www.manakonline.in/MANAK/standardSearch?standardNumber=1391%28Part1%29,,0,MANUAL_ACCESS_REQUIRED,10
BIS-IS-0111,Bureau of Indian Standards,08_BIS_Quality_Control_Orders,IS1391(Part2),,https://www.manakonline.in/MANAK/standardSearch?standardNumber=1391%28Part2%29,,0,MANUAL_ACCESS_REQUIRED,10
BIS-IS-0112,Bureau of Indian Standards,08_BIS_Quality_Control_Orders,IS13983:1994,,https://www.manakonline.in/MANAK/standardSearch?standardNumber=13983%3A1994,,0,MANUAL_ACCESS_REQUIRED,2
BIS-IS-0113,Bureau of Indian Standards,08_BIS_Quality_Control_Orders,is 13995:1995,,https://www.manakonline.in/MANAK/standardSearch?standardNumber=13995%3A1995,,0,MANUAL_ACCESS_REQUIRED,6
BIS-IS-0114,Bureau of Indian Standards,08_BIS_Quality_Control_Orders,is 14,,https://www.manakonline.in/MANAK/standardSearch?standardNumber=14,,0,MANUAL_ACCESS_REQUIRED,9
BIS-IS-0115,Bureau of Indian Standards,08_BIS_Quality_Control_Orders,IS 14246:2013,,https://www.manakonline.in/MANAK/standardSearch?standardNumber=14246%3A2013,,0,MANUAL_ACCESS_REQUIRED,4
BIS-IS-0116,Bureau of Indian Standards,08_BIS_Quality_Control_Orders,IS14252:2015,,https://www.manakonline.in/MANAK/standardSearch?standardNumber=14252%3A2015,,0,MANUAL_ACCESS_REQUIRED,5
BIS-IS-0117,Bureau of Indian Standards,08_BIS_Quality_Control_Orders,is 14255:1995,,https://www.manakonline.in/MANAK/standardSearch?standardNumber=14255%3A1995,,0,MANUAL_ACCESS_REQUIRED,9
BIS-IS-0118,Bureau of Indian Standards,08_BIS_Quality_Control_Orders,is 14286,,https://www.manakonline.in/MANAK/standardSearch?standardNumber=14286,,0,MANUAL_ACCESS_REQUIRED,27
BIS-IS-0119,Bureau of Indian Standards,08_BIS_Quality_Control_Orders,is 14286 (part1),,https://www.manakonline.in/MANAK/standardSearch?standardNumber=14286%20%28part1%29,,0,MANUAL_ACCESS_REQUIRED,2
BIS-IS-0120,Bureau of Indian Standards,08_BIS_Quality_Control_Orders,is 14433,,https://www.manakonline.in/MANAK/standardSearch?standardNumber=14433,,0,MANUAL_ACCESS_REQUIRED,1
BIS-IS-0121,Bureau of Indian Standards,08_BIS_Quality_Control_Orders,IS14490:2018,,https://www.manakonline.in/MANAK/standardSearch?standardNumber=14490%3A2018,,0,MANUAL_ACCESS_REQUIRED,6
BIS-IS-0122,Bureau of Indian Standards,08_BIS_Quality_Control_Orders,IS 14491:1997,,https://www.manakonline.in/MANAK/standardSearch?standardNumber=14491%3A1997,,0,MANUAL_ACCESS_REQUIRED,3
BIS-IS-0123,Bureau of Indian Standards,08_BIS_Quality_Control_Orders,is 14494:2019,,https://www.manakonline.in/MANAK/standardSearch?standardNumber=14494%3A2019,,0,MANUAL_ACCESS_REQUIRED,6
BIS-IS-0124,Bureau of Indian Standards,08_BIS_Quality_Control_Orders,is 14542,,https://www.manakonline.in/MANAK/standardSearch?standardNumber=14542,,0,MANUAL_ACCESS_REQUIRED,6
BIS-IS-0125,Bureau of Indian Standards,08_BIS_Quality_Control_Orders,is 14543,,https://www.manakonline.in/MANAK/standardSearch?standardNumber=14543,,0,MANUAL_ACCESS_REQUIRED,1
BIS-IS-0126,Bureau of Indian Standards,08_BIS_Quality_Control_Orders,is 14544:2022,,https://www.manakonline.in/MANAK/standardSearch?standardNumber=14544%3A2022,,0,MANUAL_ACCESS_REQUIRED,14
BIS-IS-0127,Bureau of Indian Standards,08_BIS_Quality_Control_Orders,is 14625,,https://www.manakonline.in/MANAK/standardSearch?standardNumber=14625,,0,MANUAL_ACCESS_REQUIRED,4
BIS-IS-0128,Bureau of Indian Standards,08_BIS_Quality_Control_Orders,is 14697,,https://www.manakonline.in/MANAK/standardSearch?standardNumber=14697,,0,MANUAL_ACCESS_REQUIRED,2
BIS-IS-0129,Bureau of Indian Standards,08_BIS_Quality_Control_Orders,IS14709:1999,,https://www.manakonline.in/MANAK/standardSearch?standardNumber=14709%3A1999,,0,MANUAL_ACCESS_REQUIRED,1
BIS-IS-0130,Bureau of Indian Standards,08_BIS_Quality_Control_Orders,is 14715,,https://www.manakonline.in/MANAK/standardSearch?standardNumber=14715,,0,MANUAL_ACCESS_REQUIRED,3
BIS-IS-0131,Bureau of Indian Standards,08_BIS_Quality_Control_Orders,is 14715 (part 1),,https://www.manakonline.in/MANAK/standardSearch?standardNumber=14715%20%28part%201%29,,0,MANUAL_ACCESS_REQUIRED,3
BIS-IS-0132,Bureau of Indian Standards,08_BIS_Quality_Control_Orders,is 14715 (part 2),,https://www.manakonline.in/MANAK/standardSearch?standardNumber=14715%20%28part%202%29,,0,MANUAL_ACCESS_REQUIRED,3
BIS-IS-0133,Bureau of Indian Standards,08_BIS_Quality_Control_Orders,IS14756:2024,,https://www.manakonline.in/MANAK/standardSearch?standardNumber=14756%3A2024,,0,MANUAL_ACCESS_REQUIRED,6
BIS-IS-0134,Bureau of Indian Standards,08_BIS_Quality_Control_Orders,is 14772:2020,,https://www.manakonline.in/MANAK/standardSearch?standardNumber=14772%3A2020,,0,MANUAL_ACCESS_REQUIRED,2
BIS-IS-0135,Bureau of Indian Standards,08_BIS_Quality_Control_Orders,IS 14810:2000,,https://www.manakonline.in/MANAK/standardSearch?standardNumber=14810%3A2000,,0,MANUAL_ACCESS_REQUIRED,4
BIS-IS-0136,Bureau of Indian Standards,08_BIS_Quality_Control_Orders,IS 14862:2000,,https://www.manakonline.in/MANAK/standardSearch?standardNumber=14862%3A2000,,0,MANUAL_ACCESS_REQUIRED,6
BIS-IS-0137,Bureau of Indian Standards,08_BIS_Quality_Control_Orders,IS 14871:2000,,https://www.manakonline.in/MANAK/standardSearch?standardNumber=14871%3A2000,,0,MANUAL_ACCESS_REQUIRED,7
BIS-IS-0138,Bureau of Indian Standards,08_BIS_Quality_Control_Orders,IS14887:2014,,https://www.manakonline.in/MANAK/standardSearch?standardNumber=14887%3A2014,,0,MANUAL_ACCESS_REQUIRED,5
BIS-IS-0139,Bureau of Indian Standards,08_BIS_Quality_Control_Orders,is 1489,,https://www.manakonline.in/MANAK/standardSearch?standardNumber=1489,,0,MANUAL_ACCESS_REQUIRED,10
BIS-IS-0140,Bureau of Indian Standards,08_BIS_Quality_Control_Orders,is 1489 (part 1),,https://www.manakonline.in/MANAK/standardSearch?standardNumber=1489%20%28part%201%29,,0,MANUAL_ACCESS_REQUIRED,10
BIS-IS-0141,Bureau of Indian Standards,08_BIS_Quality_Control_Orders,is 1489 (part 2),,https://www.manakonline.in/MANAK/standardSearch?standardNumber=1489%20%28part%202%29,,0,MANUAL_ACCESS_REQUIRED,10
BIS-IS-0142,Bureau of Indian Standards,08_BIS_Quality_Control_Orders,is 14899,,https://www.manakonline.in/MANAK/standardSearch?standardNumber=14899,,0,MANUAL_ACCESS_REQUIRED,1
BIS-IS-0143,Bureau of Indian Standards,08_BIS_Quality_Control_Orders,is 14900:2018,,https://www.manakonline.in/MANAK/standardSearch?standardNumber=14900%3A2018,,0,MANUAL_ACCESS_REQUIRED,3
BIS-IS-0144,Bureau of Indian Standards,08_BIS_Quality_Control_Orders,is 14928:2001,,https://www.manakonline.in/MANAK/standardSearch?standardNumber=14928%3A2001,,0,MANUAL_ACCESS_REQUIRED,18
BIS-IS-0145,Bureau of Indian Standards,08_BIS_Quality_Control_Orders,is 14929:2022,,https://www.manakonline.in/MANAK/standardSearch?standardNumber=14929%3A2022,,0,MANUAL_ACCESS_REQUIRED,18
BIS-IS-0146,Bureau of Indian Standards,08_BIS_Quality_Control_Orders,IS14968:2015,,https://www.manakonline.in/MANAK/standardSearch?standardNumber=14968%3A2015,,0,MANUAL_ACCESS_REQUIRED,5
BIS-IS-0147,Bureau of Indian Standards,08_BIS_Quality_Control_Orders,is 15,,https://www.manakonline.in/MANAK/standardSearch?standardNumber=15,,0,MANUAL_ACCESS_REQUIRED,4
BIS-IS-0148,Bureau of Indian Standards,08_BIS_Quality_Control_Orders,Is 15041:2001,,https://www.manakonline.in/MANAK/standardSearch?standardNumber=15041%3A2001,,0,MANUAL_ACCESS_REQUIRED,19
BIS-IS-0149,Bureau of Indian Standards,08_BIS_Quality_Control_Orders,is 15078:2001,,https://www.manakonline.in/MANAK/standardSearch?standardNumber=15078%3A2001,,0,MANUAL_ACCESS_REQUIRED,1
BIS-IS-0150,Bureau of Indian Standards,08_BIS_Quality_Control_Orders,is:15100,,https://www.manakonline.in/MANAK/standardSearch?standardNumber=15100,,0,MANUAL_ACCESS_REQUIRED,10
BIS-IS-0151,Bureau of Indian Standards,08_BIS_Quality_Control_Orders,IS 15103:2002,,https://www.manakonline.in/MANAK/standardSearch?standardNumber=15103%3A2002,,0,MANUAL_ACCESS_REQUIRED,4
BIS-IS-0152,Bureau of Indian Standards,08_BIS_Quality_Control_Orders,Is 15111,,https://www.manakonline.in/MANAK/standardSearch?standardNumber=15111,,0,MANUAL_ACCESS_REQUIRED,1
BIS-IS-0153,Bureau of Indian Standards,08_BIS_Quality_Control_Orders,is 15138:2010,,https://www.manakonline.in/MANAK/standardSearch?standardNumber=15138%3A2010,,0,MANUAL_ACCESS_REQUIRED,9
BIS-IS-0154,Bureau of Indian Standards,08_BIS_Quality_Control_Orders,IS15155:2020,,https://www.manakonline.in/MANAK/standardSearch?standardNumber=15155%3A2020,,0,MANUAL_ACCESS_REQUIRED,6
BIS-IS-0155,Bureau of Indian Standards,08_BIS_Quality_Control_Orders,is 15298,,https://www.manakonline.in/MANAK/standardSearch?standardNumber=15298,,0,MANUAL_ACCESS_REQUIRED,17
BIS-IS-0156,Bureau of Indian Standards,08_BIS_Quality_Control_Orders,is 15298 ( part 3),,https://www.manakonline.in/MANAK/standardSearch?standardNumber=15298%20%28%20part%203%29,,0,MANUAL_ACCESS_REQUIRED,13
BIS-IS-0157,Bureau of Indian Standards,08_BIS_Quality_Control_Orders,is 15298 (part 2),,https://www.manakonline.in/MANAK/standardSearch?standardNumber=15298%20%28part%202%29,,0,MANUAL_ACCESS_REQUIRED,17
BIS-IS-0158,Bureau of Indian Standards,08_BIS_Quality_Control_Orders,is 15298 (part 3),,https://www.manakonline.in/MANAK/standardSearch?standardNumber=15298%20%28part%203%29,,0,MANUAL_ACCESS_REQUIRED,2
BIS-IS-0159,Bureau of Indian Standards,08_BIS_Quality_Control_Orders,is 15298 (part 4),,https://www.manakonline.in/MANAK/standardSearch?standardNumber=15298%20%28part%204%29,,0,MANUAL_ACCESS_REQUIRED,16
BIS-IS-0160,Bureau of Indian Standards,08_BIS_Quality_Control_Orders,is 15298(part 3),,https://www.manakonline.in/MANAK/standardSearch?standardNumber=15298%28part%203%29,,0,MANUAL_ACCESS_REQUIRED,2
BIS-IS-0161,Bureau of Indian Standards,08_BIS_Quality_Control_Orders,is 15298(part 4),,https://www.manakonline.in/MANAK/standardSearch?standardNumber=15298%28part%204%29,,0,MANUAL_ACCESS_REQUIRED,1
BIS-IS-0162,Bureau of Indian Standards,08_BIS_Quality_Control_Orders,is 15351:2015,,https://www.manakonline.in/MANAK/standardSearch?standardNumber=15351%3A2015,,0,MANUAL_ACCESS_REQUIRED,1
BIS-IS-0163,Bureau of Indian Standards,08_BIS_Quality_Control_Orders,is 1536,,https://www.manakonline.in/MANAK/standardSearch?standardNumber=1536,,0,MANUAL_ACCESS_REQUIRED,4
BIS-IS-0164,Bureau of Indian Standards,08_BIS_Quality_Control_Orders,is 1537:1976,,https://www.manakonline.in/MANAK/standardSearch?standardNumber=1537%3A1976,,0,MANUAL_ACCESS_REQUIRED,2
BIS-IS-0165,Bureau of Indian Standards,08_BIS_Quality_Control_Orders,is 15392,,https://www.manakonline.in/MANAK/standardSearch?standardNumber=15392,,0,MANUAL_ACCESS_REQUIRED,10
BIS-IS-0166,Bureau of Indian Standards,08_BIS_Quality_Control_Orders,is 15449,,https://www.manakonline.in/MANAK/standardSearch?standardNumber=15449,,0,MANUAL_ACCESS_REQUIRED,6
BIS-IS-0167,Bureau of Indian Standards,08_BIS_Quality_Control_Orders,IS 1545:1994,,https://www.manakonline.in/MANAK/standardSearch?standardNumber=1545%3A1994,,0,MANUAL_ACCESS_REQUIRED,4
BIS-IS-0168,Bureau of Indian Standards,08_BIS_Quality_Control_Orders,is 1554,,https://www.manakonline.in/MANAK/standardSearch?standardNumber=1554,,0,MANUAL_ACCESS_REQUIRED,6
BIS-IS-0169,Bureau of Indian Standards,08_BIS_Quality_Control_Orders,is 1554(part 1),,https://www.manakonline.in/MANAK/standardSearch?standardNumber=1554%28part%201%29,,0,MANUAL_ACCESS_REQUIRED,6
BIS-IS-0170,Bureau of Indian Standards,08_BIS_Quality_Control_Orders,is 1554(part 2),,https://www.manakonline.in/MANAK/standardSearch?standardNumber=1554%28part%202%29,,0,MANUAL_ACCESS_REQUIRED,6
BIS-IS-0171,Bureau of Indian Standards,08_BIS_Quality_Control_Orders,Is 15558,,https://www.manakonline.in/MANAK/standardSearch?standardNumber=15558,,0,MANUAL_ACCESS_REQUIRED,5
BIS-IS-0172,Bureau of Indian Standards,08_BIS_Quality_Control_Orders,is 15573,,https://www.manakonline.in/MANAK/standardSearch?standardNumber=15573,,0,MANUAL_ACCESS_REQUIRED,1
BIS-IS-0173,Bureau of Indian Standards,08_BIS_Quality_Control_Orders,is 15573:2018,,https://www.manakonline.in/MANAK/standardSearch?standardNumber=15573%3A2018,,0,MANUAL_ACCESS_REQUIRED,1
BIS-IS-0174,Bureau of Indian Standards,08_BIS_Quality_Control_Orders,is 15627,,https://www.manakonline.in/MANAK/standardSearch?standardNumber=15627,,0,MANUAL_ACCESS_REQUIRED,8
BIS-IS-0175,Bureau of Indian Standards,08_BIS_Quality_Control_Orders,is 15633,,https://www.manakonline.in/MANAK/standardSearch?standardNumber=15633,,0,MANUAL_ACCESS_REQUIRED,10
BIS-IS-0176,Bureau of Indian Standards,08_BIS_Quality_Control_Orders,is 15636,,https://www.manakonline.in/MANAK/standardSearch?standardNumber=15636,,0,MANUAL_ACCESS_REQUIRED,6
BIS-IS-0177,Bureau of Indian Standards,08_BIS_Quality_Control_Orders,is 15742,,https://www.manakonline.in/MANAK/standardSearch?standardNumber=15742,,0,MANUAL_ACCESS_REQUIRED,2
BIS-IS-0178,Bureau of Indian Standards,08_BIS_Quality_Control_Orders,IS 15742:2007,,https://www.manakonline.in/MANAK/standardSearch?standardNumber=15742%3A2007,,0,MANUAL_ACCESS_REQUIRED,2
BIS-IS-0179,Bureau of Indian Standards,08_BIS_Quality_Control_Orders,IS 15748:2022,,https://www.manakonline.in/MANAK/standardSearch?standardNumber=15748%3A2022,,0,MANUAL_ACCESS_REQUIRED,2
BIS-IS-0180,Bureau of Indian Standards,08_BIS_Quality_Control_Orders,is 15757,,https://www.manakonline.in/MANAK/standardSearch?standardNumber=15757,,0,MANUAL_ACCESS_REQUIRED,2
BIS-IS-0181,Bureau of Indian Standards,08_BIS_Quality_Control_Orders,IS15768:2008,,https://www.manakonline.in/MANAK/standardSearch?standardNumber=15768%3A2008,,0,MANUAL_ACCESS_REQUIRED,19
BIS-IS-0182,Bureau of Indian Standards,08_BIS_Quality_Control_Orders,IS15769:2008,,https://www.manakonline.in/MANAK/standardSearch?standardNumber=15769%3A2008,,0,MANUAL_ACCESS_REQUIRED,5
BIS-IS-0183,Bureau of Indian Standards,08_BIS_Quality_Control_Orders,is 15809,,https://www.manakonline.in/MANAK/standardSearch?standardNumber=15809,,0,MANUAL_ACCESS_REQUIRED,2
BIS-IS-0184,Bureau of Indian Standards,08_BIS_Quality_Control_Orders,IS15833:2009,,https://www.manakonline.in/MANAK/standardSearch?standardNumber=15833%3A2009,,0,MANUAL_ACCESS_REQUIRED,17
BIS-IS-0185,Bureau of Indian Standards,08_BIS_Quality_Control_Orders,IS15834:2020,,https://www.manakonline.in/MANAK/standardSearch?standardNumber=15834%3A2020,,0,MANUAL_ACCESS_REQUIRED,1
BIS-IS-0186,Bureau of Indian Standards,08_BIS_Quality_Control_Orders,is 15844,,https://www.manakonline.in/MANAK/standardSearch?standardNumber=15844,,0,MANUAL_ACCESS_REQUIRED,14
BIS-IS-0187,Bureau of Indian Standards,08_BIS_Quality_Control_Orders,is 15869:2020,,https://www.manakonline.in/MANAK/standardSearch?standardNumber=15869%3A2020,,0,MANUAL_ACCESS_REQUIRED,3
BIS-IS-0188,Bureau of Indian Standards,08_BIS_Quality_Control_Orders,IS15885,,https://www.manakonline.in/MANAK/standardSearch?standardNumber=15885,,0,MANUAL_ACCESS_REQUIRED,13
BIS-IS-0189,Bureau of Indian Standards,08_BIS_Quality_Control_Orders,is 15895,,https://www.manakonline.in/MANAK/standardSearch?standardNumber=15895,,0,MANUAL_ACCESS_REQUIRED,4
BIS-IS-0190,Bureau of Indian Standards,08_BIS_Quality_Control_Orders,is 15905,,https://www.manakonline.in/MANAK/standardSearch?standardNumber=15905,,0,MANUAL_ACCESS_REQUIRED,4
BIS-IS-0191,Bureau of Indian Standards,08_BIS_Quality_Control_Orders,is 15909:2020,,https://www.manakonline.in/MANAK/standardSearch?standardNumber=15909%3A2020,,0,MANUAL_ACCESS_REQUIRED,2
BIS-IS-0192,Bureau of Indian Standards,08_BIS_Quality_Control_Orders,IS 1592:2003,,https://www.manakonline.in/MANAK/standardSearch?standardNumber=1592%3A2003,,0,MANUAL_ACCESS_REQUIRED,3
BIS-IS-0193,Bureau of Indian Standards,08_BIS_Quality_Control_Orders,IS 15961:2012,,https://www.manakonline.in/MANAK/standardSearch?standardNumber=15961%3A2012,,0,MANUAL_ACCESS_REQUIRED,4
BIS-IS-0194,Bureau of Indian Standards,08_BIS_Quality_Control_Orders,IS 15962:2012,,https://www.manakonline.in/MANAK/standardSearch?standardNumber=15962%3A2012,,0,MANUAL_ACCESS_REQUIRED,4
BIS-IS-0195,Bureau of Indian Standards,08_BIS_Quality_Control_Orders,IS 15965:2012,,https://www.manakonline.in/MANAK/standardSearch?standardNumber=15965%3A2012,,0,MANUAL_ACCESS_REQUIRED,4
BIS-IS-0196,Bureau of Indian Standards,08_BIS_Quality_Control_Orders,is 15997,,https://www.manakonline.in/MANAK/standardSearch?standardNumber=15997,,0,MANUAL_ACCESS_REQUIRED,74
BIS-IS-0197,Bureau of Indian Standards,08_BIS_Quality_Control_Orders,is 16008,,https://www.manakonline.in/MANAK/standardSearch?standardNumber=16008,,0,MANUAL_ACCESS_REQUIRED,1
BIS-IS-0198,Bureau of Indian Standards,08_BIS_Quality_Control_Orders,IS16011:2012,,https://www.manakonline.in/MANAK/standardSearch?standardNumber=16011%3A2012,,0,MANUAL_ACCESS_REQUIRED,11
BIS-IS-0199,Bureau of Indian Standards,08_BIS_Quality_Control_Orders,IS16012:2012,,https://www.manakonline.in/MANAK/standardSearch?standardNumber=16012%3A2012,,0,MANUAL_ACCESS_REQUIRED,1
BIS-IS-0200,Bureau of Indian Standards,08_BIS_Quality_Control_Orders,IS 16014:2018,,https://www.manakonline.in/MANAK/standardSearch?standardNumber=16014%3A2018,,0,MANUAL_ACCESS_REQUIRED,16
BIS-IS-0201,Bureau of Indian Standards,08_BIS_Quality_Control_Orders,is 1604,,https://www.manakonline.in/MANAK/standardSearch?standardNumber=1604,,0,MANUAL_ACCESS_REQUIRED,1
BIS-IS-0202,Bureau of Indian Standards,08_BIS_Quality_Control_Orders,Is 16046,,https://www.manakonline.in/MANAK/standardSearch?standardNumber=16046,,0,MANUAL_ACCESS_REQUIRED,6
BIS-IS-0203,Bureau of Indian Standards,08_BIS_Quality_Control_Orders,is 16077,,https://www.manakonline.in/MANAK/standardSearch?standardNumber=16077,,0,MANUAL_ACCESS_REQUIRED,25
BIS-IS-0204,Bureau of Indian Standards,08_BIS_Quality_Control_Orders,is 16090:2013,,https://www.manakonline.in/MANAK/standardSearch?standardNumber=16090%3A2013,,0,MANUAL_ACCESS_REQUIRED,1
BIS-IS-0205,Bureau of Indian Standards,08_BIS_Quality_Control_Orders,IS16102,,https://www.manakonline.in/MANAK/standardSearch?standardNumber=16102,,0,MANUAL_ACCESS_REQUIRED,15
BIS-IS-0206,Bureau of Indian Standards,08_BIS_Quality_Control_Orders,IS16103,,https://www.manakonline.in/MANAK/standardSearch?standardNumber=16103,,0,MANUAL_ACCESS_REQUIRED,2
BIS-IS-0207,Bureau of Indian Standards,08_BIS_Quality_Control_Orders,is 16113:2013,,https://www.manakonline.in/MANAK/standardSearch?standardNumber=16113%3A2013,,0,MANUAL_ACCESS_REQUIRED,1
BIS-IS-0208,Bureau of Indian Standards,08_BIS_Quality_Control_Orders,is 16169,,https://www.manakonline.in/MANAK/standardSearch?standardNumber=16169,,0,MANUAL_ACCESS_REQUIRED,1
BIS-IS-0209,Bureau of Indian Standards,08_BIS_Quality_Control_Orders,Is 16169:2014,,https://www.manakonline.in/MANAK/standardSearch?standardNumber=16169%3A2014,,0,MANUAL_ACCESS_REQUIRED,6
BIS-IS-0210,Bureau of Indian Standards,08_BIS_Quality_Control_Orders,is16169:2019,,https://www.manakonline.in/MANAK/standardSearch?standardNumber=16169%3A2019,,0,MANUAL_ACCESS_REQUIRED,1
BIS-IS-0211,Bureau of Indian Standards,08_BIS_Quality_Control_Orders,is 16186:2014,,https://www.manakonline.in/MANAK/standardSearch?standardNumber=16186%3A2014,,0,MANUAL_ACCESS_REQUIRED,9
BIS-IS-0212,Bureau of Indian Standards,08_BIS_Quality_Control_Orders,IS16192,,https://www.manakonline.in/MANAK/standardSearch?standardNumber=16192,,0,MANUAL_ACCESS_REQUIRED,4
BIS-IS-0213,Bureau of Indian Standards,08_BIS_Quality_Control_Orders,IS16192(Part1),,https://www.manakonline.in/MANAK/standardSearch?standardNumber=16192%28Part1%29,,0,MANUAL_ACCESS_REQUIRED,4
BIS-IS-0214,Bureau of Indian Standards,08_BIS_Quality_Control_Orders,is 16202,,https://www.manakonline.in/MANAK/standardSearch?standardNumber=16202,,0,MANUAL_ACCESS_REQUIRED,1
BIS-IS-0215,Bureau of Indian Standards,08_BIS_Quality_Control_Orders,IS16208:2015,,https://www.manakonline.in/MANAK/standardSearch?standardNumber=16208%3A2015,,0,MANUAL_ACCESS_REQUIRED,5
BIS-IS-0216,Bureau of Indian Standards,08_BIS_Quality_Control_Orders,is 16221,,https://www.manakonline.in/MANAK/standardSearch?standardNumber=16221,,0,MANUAL_ACCESS_REQUIRED,7
BIS-IS-0217,Bureau of Indian Standards,08_BIS_Quality_Control_Orders,is 16221 (part 2),,https://www.manakonline.in/MANAK/standardSearch?standardNumber=16221%20%28part%202%29,,0,MANUAL_ACCESS_REQUIRED,7
BIS-IS-0218,Bureau of Indian Standards,08_BIS_Quality_Control_Orders,is 16240,,https://www.manakonline.in/MANAK/standardSearch?standardNumber=16240,,0,MANUAL_ACCESS_REQUIRED,2
BIS-IS-0219,Bureau of Indian Standards,08_BIS_Quality_Control_Orders,is 16240:2015,,https://www.manakonline.in/MANAK/standardSearch?standardNumber=16240%3A2015,,0,MANUAL_ACCESS_REQUIRED,2
BIS-IS-0220,Bureau of Indian Standards,08_BIS_Quality_Control_Orders,Is 16242,,https://www.manakonline.in/MANAK/standardSearch?standardNumber=16242,,0,MANUAL_ACCESS_REQUIRED,6
BIS-IS-0221,Bureau of Indian Standards,08_BIS_Quality_Control_Orders,Is 16270:2014,,https://www.manakonline.in/MANAK/standardSearch?standardNumber=16270%3A2014,,0,MANUAL_ACCESS_REQUIRED,6
BIS-IS-0222,Bureau of Indian Standards,08_BIS_Quality_Control_Orders,is16333,,https://www.manakonline.in/MANAK/standardSearch?standardNumber=16333,,0,MANUAL_ACCESS_REQUIRED,2
BIS-IS-0223,Bureau of Indian Standards,08_BIS_Quality_Control_Orders,is 16352,,https://www.manakonline.in/MANAK/standardSearch?standardNumber=16352,,0,MANUAL_ACCESS_REQUIRED,1
BIS-IS-0224,Bureau of Indian Standards,08_BIS_Quality_Control_Orders,is 16352:2020,,https://www.manakonline.in/MANAK/standardSearch?standardNumber=16352%3A2020,,0,MANUAL_ACCESS_REQUIRED,1
BIS-IS-0225,Bureau of Indian Standards,08_BIS_Quality_Control_Orders,is 16362:2020,,https://www.manakonline.in/MANAK/standardSearch?standardNumber=16362%3A2020,,0,MANUAL_ACCESS_REQUIRED,2
BIS-IS-0226,Bureau of Indian Standards,08_BIS_Quality_Control_Orders,is 16366,,https://www.manakonline.in/MANAK/standardSearch?standardNumber=16366,,0,MANUAL_ACCESS_REQUIRED,1
BIS-IS-0227,Bureau of Indian Standards,08_BIS_Quality_Control_Orders,is 16372:2015,,https://www.manakonline.in/MANAK/standardSearch?standardNumber=16372%3A2015,,0,MANUAL_ACCESS_REQUIRED,9
BIS-IS-0228,Bureau of Indian Standards,08_BIS_Quality_Control_Orders,IS 16390:2015,,https://www.manakonline.in/MANAK/standardSearch?standardNumber=16390%3A2015,,0,MANUAL_ACCESS_REQUIRED,3
BIS-IS-0229,Bureau of Indian Standards,08_BIS_Quality_Control_Orders,is 16391,,https://www.manakonline.in/MANAK/standardSearch?standardNumber=16391,,0,MANUAL_ACCESS_REQUIRED,2
BIS-IS-0230,Bureau of Indian Standards,08_BIS_Quality_Control_Orders,is 16391:2015,,https://www.manakonline.in/MANAK/standardSearch?standardNumber=16391%3A2015,,0,MANUAL_ACCESS_REQUIRED,2
BIS-IS-0231,Bureau of Indian Standards,08_BIS_Quality_Control_Orders,is 16392,,https://www.manakonline.in/MANAK/standardSearch?standardNumber=16392,,0,MANUAL_ACCESS_REQUIRED,2
BIS-IS-0232,Bureau of Indian Standards,08_BIS_Quality_Control_Orders,is 16392:2015,,https://www.manakonline.in/MANAK/standardSearch?standardNumber=16392%3A2015,,0,MANUAL_ACCESS_REQUIRED,2
BIS-IS-0233,Bureau of Indian Standards,08_BIS_Quality_Control_Orders,is 16393:2015,,https://www.manakonline.in/MANAK/standardSearch?standardNumber=16393%3A2015,,0,MANUAL_ACCESS_REQUIRED,2
BIS-IS-0234,Bureau of Indian Standards,08_BIS_Quality_Control_Orders,is 16415,,https://www.manakonline.in/MANAK/standardSearch?standardNumber=16415,,0,MANUAL_ACCESS_REQUIRED,2
BIS-IS-0235,Bureau of Indian Standards,08_BIS_Quality_Control_Orders,is 16481:2022,,https://www.manakonline.in/MANAK/standardSearch?standardNumber=16481%3A2022,,0,MANUAL_ACCESS_REQUIRED,1
BIS-IS-0236,Bureau of Indian Standards,08_BIS_Quality_Control_Orders,IS16542:2016,,https://www.manakonline.in/MANAK/standardSearch?standardNumber=16542%3A2016,,0,MANUAL_ACCESS_REQUIRED,5
BIS-IS-0237,Bureau of Indian Standards,08_BIS_Quality_Control_Orders,IS16544:2016,,https://www.manakonline.in/MANAK/standardSearch?standardNumber=16544%3A2016,,0,MANUAL_ACCESS_REQUIRED,5
BIS-IS-0238,Bureau of Indian Standards,08_BIS_Quality_Control_Orders,is 1656,,https://www.manakonline.in/MANAK/standardSearch?standardNumber=1656,,0,MANUAL_ACCESS_REQUIRED,2
BIS-IS-0239,Bureau of Indian Standards,08_BIS_Quality_Control_Orders,is 16585,,https://www.manakonline.in/MANAK/standardSearch?standardNumber=16585,,0,MANUAL_ACCESS_REQUIRED,2
BIS-IS-0240,Bureau of Indian Standards,08_BIS_Quality_Control_Orders,is1659:2004,,https://www.manakonline.in/MANAK/standardSearch?standardNumber=1659%3A2004,,0,MANUAL_ACCESS_REQUIRED,40
BIS-IS-0241,Bureau of Indian Standards,08_BIS_Quality_Control_Orders,is 16645:2018,,https://www.manakonline.in/MANAK/standardSearch?standardNumber=16645%3A2018,,0,MANUAL_ACCESS_REQUIRED,10
BIS-IS-0242,Bureau of Indian Standards,08_BIS_Quality_Control_Orders,IS 16651:2017,,https://www.manakonline.in/MANAK/standardSearch?standardNumber=16651%3A2017,,0,MANUAL_ACCESS_REQUIRED,9
BIS-IS-0243,Bureau of Indian Standards,08_BIS_Quality_Control_Orders,is 16653,,https://www.manakonline.in/MANAK/standardSearch?standardNumber=16653,,0,MANUAL_ACCESS_REQUIRED,1
BIS-IS-0244,Bureau of Indian Standards,08_BIS_Quality_Control_Orders,is 16653:2017,,https://www.manakonline.in/MANAK/standardSearch?standardNumber=16653%3A2017,,0,MANUAL_ACCESS_REQUIRED,1
BIS-IS-0245,Bureau of Indian Standards,08_BIS_Quality_Control_Orders,is 16654:2017,,https://www.manakonline.in/MANAK/standardSearch?standardNumber=16654%3A2017,,0,MANUAL_ACCESS_REQUIRED,1
BIS-IS-0246,Bureau of Indian Standards,08_BIS_Quality_Control_Orders,IS 16655:2017,,https://www.manakonline.in/MANAK/standardSearch?standardNumber=16655%3A2017,,0,MANUAL_ACCESS_REQUIRED,2
BIS-IS-0247,Bureau of Indian Standards,08_BIS_Quality_Control_Orders,IS 16703:2017,,https://www.manakonline.in/MANAK/standardSearch?standardNumber=16703%3A2017,,0,MANUAL_ACCESS_REQUIRED,5
BIS-IS-0248,Bureau of Indian Standards,08_BIS_Quality_Control_Orders,IS16709:2017,,https://www.manakonline.in/MANAK/standardSearch?standardNumber=16709%3A2017,,0,MANUAL_ACCESS_REQUIRED,5
BIS-IS-0249,Bureau of Indian Standards,08_BIS_Quality_Control_Orders,IS16725:2018,,https://www.manakonline.in/MANAK/standardSearch?standardNumber=16725%3A2018,,0,MANUAL_ACCESS_REQUIRED,4
BIS-IS-0250,Bureau of Indian Standards,08_BIS_Quality_Control_Orders,IS16726:2018,,https://www.manakonline.in/MANAK/standardSearch?standardNumber=16726%3A2018,,0,MANUAL_ACCESS_REQUIRED,1
BIS-IS-0251,Bureau of Indian Standards,08_BIS_Quality_Control_Orders,IS 16874:2018,,https://www.manakonline.in/MANAK/standardSearch?standardNumber=16874%3A2018,,0,MANUAL_ACCESS_REQUIRED,15
BIS-IS-0252,Bureau of Indian Standards,08_BIS_Quality_Control_Orders,IS 16890:2018,,https://www.manakonline.in/MANAK/standardSearch?standardNumber=16890%3A2018,,0,MANUAL_ACCESS_REQUIRED,2
BIS-IS-0253,Bureau of Indian Standards,08_BIS_Quality_Control_Orders,Is 16950,,https://www.manakonline.in/MANAK/standardSearch?standardNumber=16950,,0,MANUAL_ACCESS_REQUIRED,2
BIS-IS-0254,Bureau of Indian Standards,08_BIS_Quality_Control_Orders,is 16993,,https://www.manakonline.in/MANAK/standardSearch?standardNumber=16993,,0,MANUAL_ACCESS_REQUIRED,2
BIS-IS-0255,Bureau of Indian Standards,08_BIS_Quality_Control_Orders,is 16994:2018,,https://www.manakonline.in/MANAK/standardSearch?standardNumber=16994%3A2018,,0,MANUAL_ACCESS_REQUIRED,15
BIS-IS-0256,Bureau of Indian Standards,08_BIS_Quality_Control_Orders,is 17012:2018,,https://www.manakonline.in/MANAK/standardSearch?standardNumber=17012%3A2018,,0,MANUAL_ACCESS_REQUIRED,26
BIS-IS-0257,Bureau of Indian Standards,08_BIS_Quality_Control_Orders,is 17037:2018,,https://www.manakonline.in/MANAK/standardSearch?standardNumber=17037%3A2018,,0,MANUAL_ACCESS_REQUIRED,25
BIS-IS-0258,Bureau of Indian Standards,08_BIS_Quality_Control_Orders,is 17043,,https://www.manakonline.in/MANAK/standardSearch?standardNumber=17043,,0,MANUAL_ACCESS_REQUIRED,55
BIS-IS-0259,Bureau of Indian Standards,08_BIS_Quality_Control_Orders,is 17048:2018,,https://www.manakonline.in/MANAK/standardSearch?standardNumber=17048%3A2018,,0,MANUAL_ACCESS_REQUIRED,11
BIS-IS-0260,Bureau of Indian Standards,08_BIS_Quality_Control_Orders,is 17081:2019,,https://www.manakonline.in/MANAK/standardSearch?standardNumber=17081%3A2019,,0,MANUAL_ACCESS_REQUIRED,1
BIS-IS-0261,Bureau of Indian Standards,08_BIS_Quality_Control_Orders,is 170:2004,,https://www.manakonline.in/MANAK/standardSearch?standardNumber=170%3A2004,,0,MANUAL_ACCESS_REQUIRED,1
BIS-IS-0262,Bureau of Indian Standards,08_BIS_Quality_Control_Orders,IS 17150:2019,,https://www.manakonline.in/MANAK/standardSearch?standardNumber=17150%3A2019,,0,MANUAL_ACCESS_REQUIRED,2
BIS-IS-0263,Bureau of Indian Standards,08_BIS_Quality_Control_Orders,IS1726:1991,,https://www.manakonline.in/MANAK/standardSearch?standardNumber=1726%3A1991,,0,MANUAL_ACCESS_REQUIRED,5
BIS-IS-0264,Bureau of Indian Standards,08_BIS_Quality_Control_Orders,is 1729:2002,,https://www.manakonline.in/MANAK/standardSearch?standardNumber=1729%3A2002,,0,MANUAL_ACCESS_REQUIRED,4
BIS-IS-0265,Bureau of Indian Standards,08_BIS_Quality_Control_Orders,is 17308,,https://www.manakonline.in/MANAK/standardSearch?standardNumber=17308,,0,MANUAL_ACCESS_REQUIRED,1
BIS-IS-0266,Bureau of Indian Standards,08_BIS_Quality_Control_Orders,is 17334,,https://www.manakonline.in/MANAK/standardSearch?standardNumber=17334,,0,MANUAL_ACCESS_REQUIRED,2
BIS-IS-0267,Bureau of Indian Standards,08_BIS_Quality_Control_Orders,IS 17349:2020,,https://www.manakonline.in/MANAK/standardSearch?standardNumber=17349%3A2020,,0,MANUAL_ACCESS_REQUIRED,2
BIS-IS-0268,Bureau of Indian Standards,08_BIS_Quality_Control_Orders,IS 17354:2020,,https://www.manakonline.in/MANAK/standardSearch?standardNumber=17354%3A2020,,0,MANUAL_ACCESS_REQUIRED,4
BIS-IS-0269,Bureau of Indian Standards,08_BIS_Quality_Control_Orders,is 17355,,https://www.manakonline.in/MANAK/standardSearch?standardNumber=17355,,0,MANUAL_ACCESS_REQUIRED,2
BIS-IS-0270,Bureau of Indian Standards,08_BIS_Quality_Control_Orders,is 17371:2020,,https://www.manakonline.in/MANAK/standardSearch?standardNumber=17371%3A2020,,0,MANUAL_ACCESS_REQUIRED,1
BIS-IS-0271,Bureau of Indian Standards,08_BIS_Quality_Control_Orders,is 17372:2020,,https://www.manakonline.in/MANAK/standardSearch?standardNumber=17372%3A2020,,0,MANUAL_ACCESS_REQUIRED,1
BIS-IS-0272,Bureau of Indian Standards,08_BIS_Quality_Control_Orders,is 17373,,https://www.manakonline.in/MANAK/standardSearch?standardNumber=17373,,0,MANUAL_ACCESS_REQUIRED,1
BIS-IS-0273,Bureau of Indian Standards,08_BIS_Quality_Control_Orders,is 17373:2020,,https://www.manakonline.in/MANAK/standardSearch?standardNumber=17373%3A2020,,0,MANUAL_ACCESS_REQUIRED,1
BIS-IS-0274,Bureau of Indian Standards,08_BIS_Quality_Control_Orders,is 17374:2020,,https://www.manakonline.in/MANAK/standardSearch?standardNumber=17374%3A2020,,0,MANUAL_ACCESS_REQUIRED,1
BIS-IS-0275,Bureau of Indian Standards,08_BIS_Quality_Control_Orders,IS17399:2020,,https://www.manakonline.in/MANAK/standardSearch?standardNumber=17399%3A2020,,0,MANUAL_ACCESS_REQUIRED,5
BIS-IS-0276,Bureau of Indian Standards,08_BIS_Quality_Control_Orders,is 17400:2021,,https://www.manakonline.in/MANAK/standardSearch?standardNumber=17400%3A2021,,0,MANUAL_ACCESS_REQUIRED,5
BIS-IS-0277,Bureau of Indian Standards,08_BIS_Quality_Control_Orders,IS 17404:2020,,https://www.manakonline.in/MANAK/standardSearch?standardNumber=17404%3A2020,,0,MANUAL_ACCESS_REQUIRED,10
BIS-IS-0278,Bureau of Indian Standards,08_BIS_Quality_Control_Orders,is 17412:2020,,https://www.manakonline.in/MANAK/standardSearch?standardNumber=17412%3A2020,,0,MANUAL_ACCESS_REQUIRED,1
BIS-IS-0279,Bureau of Indian Standards,08_BIS_Quality_Control_Orders,is 17423,,https://www.manakonline.in/MANAK/standardSearch?standardNumber=17423,,0,MANUAL_ACCESS_REQUIRED,2
BIS-IS-0280,Bureau of Indian Standards,08_BIS_Quality_Control_Orders,is 17439:2020,,https://www.manakonline.in/MANAK/standardSearch?standardNumber=17439%3A2020,,0,MANUAL_ACCESS_REQUIRED,1
BIS-IS-0281,Bureau of Indian Standards,08_BIS_Quality_Control_Orders,is 17441,,https://www.manakonline.in/MANAK/standardSearch?standardNumber=17441,,0,MANUAL_ACCESS_REQUIRED,2
BIS-IS-0282,Bureau of Indian Standards,08_BIS_Quality_Control_Orders,is 17450:2020,,https://www.manakonline.in/MANAK/standardSearch?standardNumber=17450%3A2020,,0,MANUAL_ACCESS_REQUIRED,4
BIS-IS-0283,Bureau of Indian Standards,08_BIS_Quality_Control_Orders,is 17483,,https://www.manakonline.in/MANAK/standardSearch?standardNumber=17483,,0,MANUAL_ACCESS_REQUIRED,1
BIS-IS-0284,Bureau of Indian Standards,08_BIS_Quality_Control_Orders,is 17483(part 1),,https://www.manakonline.in/MANAK/standardSearch?standardNumber=17483%28part%201%29,,0,MANUAL_ACCESS_REQUIRED,1
BIS-IS-0285,Bureau of Indian Standards,08_BIS_Quality_Control_Orders,is 17483(part 2),,https://www.manakonline.in/MANAK/standardSearch?standardNumber=17483%28part%202%29,,0,MANUAL_ACCESS_REQUIRED,1
BIS-IS-0286,Bureau of Indian Standards,08_BIS_Quality_Control_Orders,IS 17509:2021,,https://www.manakonline.in/MANAK/standardSearch?standardNumber=17509%3A2021,,0,MANUAL_ACCESS_REQUIRED,4
BIS-IS-0287,Bureau of Indian Standards,08_BIS_Quality_Control_Orders,IS 17514:2021,,https://www.manakonline.in/MANAK/standardSearch?standardNumber=17514%3A2021,,0,MANUAL_ACCESS_REQUIRED,9
BIS-IS-0288,Bureau of Indian Standards,08_BIS_Quality_Control_Orders,IS17526,,https://www.manakonline.in/MANAK/standardSearch?standardNumber=17526,,0,MANUAL_ACCESS_REQUIRED,4
BIS-IS-0289,Bureau of Indian Standards,08_BIS_Quality_Control_Orders,IS17526:2021,,https://www.manakonline.in/MANAK/standardSearch?standardNumber=17526%3A2021,,0,MANUAL_ACCESS_REQUIRED,4
BIS-IS-0290,Bureau of Indian Standards,08_BIS_Quality_Control_Orders,IS17569:2021,,https://www.manakonline.in/MANAK/standardSearch?standardNumber=17569%3A2021,,0,MANUAL_ACCESS_REQUIRED,4
BIS-IS-0291,Bureau of Indian Standards,08_BIS_Quality_Control_Orders,IS17570,,https://www.manakonline.in/MANAK/standardSearch?standardNumber=17570,,0,MANUAL_ACCESS_REQUIRED,5
BIS-IS-0292,Bureau of Indian Standards,08_BIS_Quality_Control_Orders,IS17570 (Part 1),,https://www.manakonline.in/MANAK/standardSearch?standardNumber=17570%20%28Part%201%29,,0,MANUAL_ACCESS_REQUIRED,5
BIS-IS-0293,Bureau of Indian Standards,08_BIS_Quality_Control_Orders,is 17586,,https://www.manakonline.in/MANAK/standardSearch?standardNumber=17586,,0,MANUAL_ACCESS_REQUIRED,2
BIS-IS-0294,Bureau of Indian Standards,08_BIS_Quality_Control_Orders,is 17609:2021,,https://www.manakonline.in/MANAK/standardSearch?standardNumber=17609%3A2021,,0,MANUAL_ACCESS_REQUIRED,18
BIS-IS-0295,Bureau of Indian Standards,08_BIS_Quality_Control_Orders,IS17630:2021,,https://www.manakonline.in/MANAK/standardSearch?standardNumber=17630%3A2021,,0,MANUAL_ACCESS_REQUIRED,23
BIS-IS-0296,Bureau of Indian Standards,08_BIS_Quality_Control_Orders,IS17631:2022,,https://www.manakonline.in/MANAK/standardSearch?standardNumber=17631%3A2022,,0,MANUAL_ACCESS_REQUIRED,31
BIS-IS-0297,Bureau of Indian Standards,08_BIS_Quality_Control_Orders,IS17632:2022,,https://www.manakonline.in/MANAK/standardSearch?standardNumber=17632%3A2022,,0,MANUAL_ACCESS_REQUIRED,31
BIS-IS-0298,Bureau of Indian Standards,08_BIS_Quality_Control_Orders,IS17633:2022,,https://www.manakonline.in/MANAK/standardSearch?standardNumber=17633%3A2022,,0,MANUAL_ACCESS_REQUIRED,31
BIS-IS-0299,Bureau of Indian Standards,08_BIS_Quality_Control_Orders,IS17634:2022,,https://www.manakonline.in/MANAK/standardSearch?standardNumber=17634%3A2022,,0,MANUAL_ACCESS_REQUIRED,31
BIS-IS-0300,Bureau of Indian Standards,08_BIS_Quality_Control_Orders,IS17635:2022,,https://www.manakonline.in/MANAK/standardSearch?standardNumber=17635%3A2022,,0,MANUAL_ACCESS_REQUIRED,31
BIS-IS-0301,Bureau of Indian Standards,08_BIS_Quality_Control_Orders,IS17636:2022,,https://www.manakonline.in/MANAK/standardSearch?standardNumber=17636%3A2022,,0,MANUAL_ACCESS_REQUIRED,31
BIS-IS-0302,Bureau of Indian Standards,08_BIS_Quality_Control_Orders,IS17682:2021,,https://www.manakonline.in/MANAK/standardSearch?standardNumber=17682%3A2021,,0,MANUAL_ACCESS_REQUIRED,5
BIS-IS-0303,Bureau of Indian Standards,08_BIS_Quality_Control_Orders,IS 17729:2021,,https://www.manakonline.in/MANAK/standardSearch?standardNumber=17729%3A2021,,0,MANUAL_ACCESS_REQUIRED,2
BIS-IS-0304,Bureau of Indian Standards,08_BIS_Quality_Control_Orders,IS17790:2022,,https://www.manakonline.in/MANAK/standardSearch?standardNumber=17790%3A2022,,0,MANUAL_ACCESS_REQUIRED,4
BIS-IS-0305,Bureau of Indian Standards,08_BIS_Quality_Control_Orders,IS17803:2022,,https://www.manakonline.in/MANAK/standardSearch?standardNumber=17803%3A2022,,0,MANUAL_ACCESS_REQUIRED,20
BIS-IS-0306,Bureau of Indian Standards,08_BIS_Quality_Control_Orders,is 17875,,https://www.manakonline.in/MANAK/standardSearch?standardNumber=17875,,0,MANUAL_ACCESS_REQUIRED,6
BIS-IS-0307,Bureau of Indian Standards,08_BIS_Quality_Control_Orders,is 17875:2022,,https://www.manakonline.in/MANAK/standardSearch?standardNumber=17875%3A2022,,0,MANUAL_ACCESS_REQUIRED,1
BIS-IS-0308,Bureau of Indian Standards,08_BIS_Quality_Control_Orders,is 17876,,https://www.manakonline.in/MANAK/standardSearch?standardNumber=17876,,0,MANUAL_ACCESS_REQUIRED,24
BIS-IS-0309,Bureau of Indian Standards,08_BIS_Quality_Control_Orders,IS17876:2022,,https://www.manakonline.in/MANAK/standardSearch?standardNumber=17876%3A2022,,0,MANUAL_ACCESS_REQUIRED,4
BIS-IS-0310,Bureau of Indian Standards,08_BIS_Quality_Control_Orders,is 17880:2022,,https://www.manakonline.in/MANAK/standardSearch?standardNumber=17880%3A2022,,0,MANUAL_ACCESS_REQUIRED,9
BIS-IS-0311,Bureau of Indian Standards,08_BIS_Quality_Control_Orders,IS17954:2023,,https://www.manakonline.in/MANAK/standardSearch?standardNumber=17954%3A2023,,0,MANUAL_ACCESS_REQUIRED,2
BIS-IS-0312,Bureau of Indian Standards,08_BIS_Quality_Control_Orders,is 17980,,https://www.manakonline.in/MANAK/standardSearch?standardNumber=17980,,0,MANUAL_ACCESS_REQUIRED,1
BIS-IS-0313,Bureau of Indian Standards,08_BIS_Quality_Control_Orders,is17980:2022,,https://www.manakonline.in/MANAK/standardSearch?standardNumber=17980%3A2022,,0,MANUAL_ACCESS_REQUIRED,1
BIS-IS-0314,Bureau of Indian Standards,08_BIS_Quality_Control_Orders,is 18,,https://www.manakonline.in/MANAK/standardSearch?standardNumber=18,,0,MANUAL_ACCESS_REQUIRED,35
BIS-IS-0315,Bureau of Indian Standards,08_BIS_Quality_Control_Orders,is 1804:2004,,https://www.manakonline.in/MANAK/standardSearch?standardNumber=1804%3A2004,,0,MANUAL_ACCESS_REQUIRED,46
BIS-IS-0316,Bureau of Indian Standards,08_BIS_Quality_Control_Orders,IS 18112:2022,,https://www.manakonline.in/MANAK/standardSearch?standardNumber=18112%3A2022,,0,MANUAL_ACCESS_REQUIRED,9
BIS-IS-0317,Bureau of Indian Standards,08_BIS_Quality_Control_Orders,IS18297:2023,,https://www.manakonline.in/MANAK/standardSearch?standardNumber=18297%3A2023,,0,MANUAL_ACCESS_REQUIRED,7
BIS-IS-0318,Bureau of Indian Standards,08_BIS_Quality_Control_Orders,IS18427:2024,,https://www.manakonline.in/MANAK/standardSearch?standardNumber=18427%3A2024,,0,MANUAL_ACCESS_REQUIRED,10
BIS-IS-0319,Bureau of Indian Standards,08_BIS_Quality_Control_Orders,IS18471,,https://www.manakonline.in/MANAK/standardSearch?standardNumber=18471,,0,MANUAL_ACCESS_REQUIRED,7
BIS-IS-0320,Bureau of Indian Standards,08_BIS_Quality_Control_Orders,IS18471(PART1),,https://www.manakonline.in/MANAK/standardSearch?standardNumber=18471%28PART1%29,,0,MANUAL_ACCESS_REQUIRED,7
BIS-IS-0321,Bureau of Indian Standards,08_BIS_Quality_Control_Orders,IS18471(PART2),,https://www.manakonline.in/MANAK/standardSearch?standardNumber=18471%28PART2%29,,0,MANUAL_ACCESS_REQUIRED,7
BIS-IS-0322,Bureau of Indian Standards,08_BIS_Quality_Control_Orders,IS18471(PART3),,https://www.manakonline.in/MANAK/standardSearch?standardNumber=18471%28PART3%29,,0,MANUAL_ACCESS_REQUIRED,7
BIS-IS-0323,Bureau of Indian Standards,08_BIS_Quality_Control_Orders,IS18476:2023,,https://www.manakonline.in/MANAK/standardSearch?standardNumber=18476%3A2023,,0,MANUAL_ACCESS_REQUIRED,7
BIS-IS-0324,Bureau of Indian Standards,08_BIS_Quality_Control_Orders,IS18480,,https://www.manakonline.in/MANAK/standardSearch?standardNumber=18480,,0,MANUAL_ACCESS_REQUIRED,7
BIS-IS-0325,Bureau of Indian Standards,08_BIS_Quality_Control_Orders,IS18480 (PART3),,https://www.manakonline.in/MANAK/standardSearch?standardNumber=18480%20%28PART3%29,,0,MANUAL_ACCESS_REQUIRED,7
BIS-IS-0326,Bureau of Indian Standards,08_BIS_Quality_Control_Orders,IS18480(PART1),,https://www.manakonline.in/MANAK/standardSearch?standardNumber=18480%28PART1%29,,0,MANUAL_ACCESS_REQUIRED,7
BIS-IS-0327,Bureau of Indian Standards,08_BIS_Quality_Control_Orders,IS18480(PART2),,https://www.manakonline.in/MANAK/standardSearch?standardNumber=18480%28PART2%29,,0,MANUAL_ACCESS_REQUIRED,7
BIS-IS-0328,Bureau of Indian Standards,08_BIS_Quality_Control_Orders,IS 18507,,https://www.manakonline.in/MANAK/standardSearch?standardNumber=18507,,0,MANUAL_ACCESS_REQUIRED,7
BIS-IS-0329,Bureau of Indian Standards,08_BIS_Quality_Control_Orders,IS18508:2024,,https://www.manakonline.in/MANAK/standardSearch?standardNumber=18508%3A2024,,0,MANUAL_ACCESS_REQUIRED,7
BIS-IS-0330,Bureau of Indian Standards,08_BIS_Quality_Control_Orders,IS18509:2023,,https://www.manakonline.in/MANAK/standardSearch?standardNumber=18509%3A2023,,0,MANUAL_ACCESS_REQUIRED,7
BIS-IS-0331,Bureau of Indian Standards,08_BIS_Quality_Control_Orders,is 1855:2022,,https://www.manakonline.in/MANAK/standardSearch?standardNumber=1855%3A2022,,0,MANUAL_ACCESS_REQUIRED,1
BIS-IS-0332,Bureau of Indian Standards,08_BIS_Quality_Control_Orders,IS 1856:2005,,https://www.manakonline.in/MANAK/standardSearch?standardNumber=1856%3A2005,,0,MANUAL_ACCESS_REQUIRED,4
BIS-IS-0333,Bureau of Indian Standards,08_BIS_Quality_Control_Orders,is 1879:2010,,https://www.manakonline.in/MANAK/standardSearch?standardNumber=1879%3A2010,,0,MANUAL_ACCESS_REQUIRED,7
BIS-IS-0334,Bureau of Indian Standards,08_BIS_Quality_Control_Orders,IS 1897:2008,,https://www.manakonline.in/MANAK/standardSearch?standardNumber=1897%3A2008,,0,MANUAL_ACCESS_REQUIRED,2
BIS-IS-0335,Bureau of Indian Standards,08_BIS_Quality_Control_Orders,is 19,,https://www.manakonline.in/MANAK/standardSearch?standardNumber=19,,0,MANUAL_ACCESS_REQUIRED,2
BIS-IS-0336,Bureau of Indian Standards,08_BIS_Quality_Control_Orders,IS 19014,,https://www.manakonline.in/MANAK/standardSearch?standardNumber=19014,,0,MANUAL_ACCESS_REQUIRED,3
BIS-IS-0337,Bureau of Indian Standards,08_BIS_Quality_Control_Orders,IS1921:2005,,https://www.manakonline.in/MANAK/standardSearch?standardNumber=1921%3A2005,,0,MANUAL_ACCESS_REQUIRED,5
BIS-IS-0338,Bureau of Indian Standards,08_BIS_Quality_Control_Orders,is 1943:1995,,https://www.manakonline.in/MANAK/standardSearch?standardNumber=1943%3A1995,,0,MANUAL_ACCESS_REQUIRED,9
BIS-IS-0339,Bureau of Indian Standards,08_BIS_Quality_Control_Orders,is 1989,,https://www.manakonline.in/MANAK/standardSearch?standardNumber=1989,,0,MANUAL_ACCESS_REQUIRED,14
BIS-IS-0340,Bureau of Indian Standards,08_BIS_Quality_Control_Orders,IS2028:2004,,https://www.manakonline.in/MANAK/standardSearch?standardNumber=2028%3A2004,,0,MANUAL_ACCESS_REQUIRED,2
BIS-IS-0341,Bureau of Indian Standards,08_BIS_Quality_Control_Orders,IS2029:1998,,https://www.manakonline.in/MANAK/standardSearch?standardNumber=2029%3A1998,,0,MANUAL_ACCESS_REQUIRED,2
BIS-IS-0342,Bureau of Indian Standards,08_BIS_Quality_Control_Orders,IS204(Part1),,https://www.manakonline.in/MANAK/standardSearch?standardNumber=204%28Part1%29,,0,MANUAL_ACCESS_REQUIRED,3
BIS-IS-0343,Bureau of Indian Standards,08_BIS_Quality_Control_Orders,IS204(Part2),,https://www.manakonline.in/MANAK/standardSearch?standardNumber=204%28Part2%29,,0,MANUAL_ACCESS_REQUIRED,3
BIS-IS-0344,Bureau of Indian Standards,08_BIS_Quality_Control_Orders,is 2052:2009,,https://www.manakonline.in/MANAK/standardSearch?standardNumber=2052%3A2009,,0,MANUAL_ACCESS_REQUIRED,2
BIS-IS-0345,Bureau of Indian Standards,08_BIS_Quality_Control_Orders,IS205:1992,,https://www.manakonline.in/MANAK/standardSearch?standardNumber=205%3A1992,,0,MANUAL_ACCESS_REQUIRED,7
BIS-IS-0346,Bureau of Indian Standards,08_BIS_Quality_Control_Orders,IS2067:1975,,https://www.manakonline.in/MANAK/standardSearch?standardNumber=2067%3A1975,,0,MANUAL_ACCESS_REQUIRED,9
BIS-IS-0347,Bureau of Indian Standards,08_BIS_Quality_Control_Orders,IS206:2010,,https://www.manakonline.in/MANAK/standardSearch?standardNumber=206%3A2010,,0,MANUAL_ACCESS_REQUIRED,7
BIS-IS-0348,Bureau of Indian Standards,08_BIS_Quality_Control_Orders,IS 2082:2018,,https://www.manakonline.in/MANAK/standardSearch?standardNumber=2082%3A2018,,0,MANUAL_ACCESS_REQUIRED,1
BIS-IS-0349,Bureau of Indian Standards,08_BIS_Quality_Control_Orders,IS2083:2084,,https://www.manakonline.in/MANAK/standardSearch?standardNumber=2083%3A2084,,0,MANUAL_ACCESS_REQUIRED,17
BIS-IS-0350,Bureau of Indian Standards,08_BIS_Quality_Control_Orders,Is 2095,,https://www.manakonline.in/MANAK/standardSearch?standardNumber=2095,,0,MANUAL_ACCESS_REQUIRED,5
BIS-IS-0351,Bureau of Indian Standards,08_BIS_Quality_Control_Orders,Is 2095(part1),,https://www.manakonline.in/MANAK/standardSearch?standardNumber=2095%28part1%29,,0,MANUAL_ACCESS_REQUIRED,5
BIS-IS-0352,Bureau of Indian Standards,08_BIS_Quality_Control_Orders,is 2095(part2),,https://www.manakonline.in/MANAK/standardSearch?standardNumber=2095%28part2%29,,0,MANUAL_ACCESS_REQUIRED,5
BIS-IS-0353,Bureau of Indian Standards,08_BIS_Quality_Control_Orders,is 2095(part3),,https://www.manakonline.in/MANAK/standardSearch?standardNumber=2095%28part3%29,,0,MANUAL_ACCESS_REQUIRED,5
BIS-IS-0354,Bureau of Indian Standards,08_BIS_Quality_Control_Orders,IS 2096:1992,,https://www.manakonline.in/MANAK/standardSearch?standardNumber=2096%3A1992,,0,MANUAL_ACCESS_REQUIRED,6
BIS-IS-0355,Bureau of Indian Standards,08_BIS_Quality_Control_Orders,IS 2098:1997,,https://www.manakonline.in/MANAK/standardSearch?standardNumber=2098%3A1997,,0,MANUAL_ACCESS_REQUIRED,6
BIS-IS-0356,Bureau of Indian Standards,08_BIS_Quality_Control_Orders,is 210:2009,,https://www.manakonline.in/MANAK/standardSearch?standardNumber=210%3A2009,,0,MANUAL_ACCESS_REQUIRED,5
BIS-IS-0357,Bureau of Indian Standards,08_BIS_Quality_Control_Orders,is 2141:2000,,https://www.manakonline.in/MANAK/standardSearch?standardNumber=2141%3A2000,,0,MANUAL_ACCESS_REQUIRED,1
BIS-IS-0358,Bureau of Indian Standards,08_BIS_Quality_Control_Orders,is2191,,https://www.manakonline.in/MANAK/standardSearch?standardNumber=2191,,0,MANUAL_ACCESS_REQUIRED,9
BIS-IS-0359,Bureau of Indian Standards,08_BIS_Quality_Control_Orders,is2191(part 1),,https://www.manakonline.in/MANAK/standardSearch?standardNumber=2191%28part%201%29,,0,MANUAL_ACCESS_REQUIRED,9
BIS-IS-0360,Bureau of Indian Standards,08_BIS_Quality_Control_Orders,is2191(part2),,https://www.manakonline.in/MANAK/standardSearch?standardNumber=2191%28part2%29,,0,MANUAL_ACCESS_REQUIRED,9
BIS-IS-0361,Bureau of Indian Standards,08_BIS_Quality_Control_Orders,IS21:1992,,https://www.manakonline.in/MANAK/standardSearch?standardNumber=21%3A1992,,0,MANUAL_ACCESS_REQUIRED,9
BIS-IS-0362,Bureau of Indian Standards,08_BIS_Quality_Control_Orders,is2202,,https://www.manakonline.in/MANAK/standardSearch?standardNumber=2202,,0,MANUAL_ACCESS_REQUIRED,9
BIS-IS-0363,Bureau of Indian Standards,08_BIS_Quality_Control_Orders,is2202(part1),,https://www.manakonline.in/MANAK/standardSearch?standardNumber=2202%28part1%29,,0,MANUAL_ACCESS_REQUIRED,9
BIS-IS-0364,Bureau of Indian Standards,08_BIS_Quality_Control_Orders,is2202(part2),,https://www.manakonline.in/MANAK/standardSearch?standardNumber=2202%28part2%29,,0,MANUAL_ACCESS_REQUIRED,9
BIS-IS-0365,Bureau of Indian Standards,08_BIS_Quality_Control_Orders,IS 2266:2019,,https://www.manakonline.in/MANAK/standardSearch?standardNumber=2266%3A2019,,0,MANUAL_ACCESS_REQUIRED,4
BIS-IS-0366,Bureau of Indian Standards,08_BIS_Quality_Control_Orders,is 23,,https://www.manakonline.in/MANAK/standardSearch?standardNumber=23,,0,MANUAL_ACCESS_REQUIRED,12
BIS-IS-0367,Bureau of Indian Standards,08_BIS_Quality_Control_Orders,IS2347:2017,,https://www.manakonline.in/MANAK/standardSearch?standardNumber=2347%3A2017,,0,MANUAL_ACCESS_REQUIRED,2
BIS-IS-0368,Bureau of Indian Standards,08_BIS_Quality_Control_Orders,IS 2365:2018,,https://www.manakonline.in/MANAK/standardSearch?standardNumber=2365%3A2018,,0,MANUAL_ACCESS_REQUIRED,4
BIS-IS-0369,Bureau of Indian Standards,08_BIS_Quality_Control_Orders,IS 2373:1981,,https://www.manakonline.in/MANAK/standardSearch?standardNumber=2373%3A1981,,0,MANUAL_ACCESS_REQUIRED,5
BIS-IS-0370,Bureau of Indian Standards,08_BIS_Quality_Control_Orders,IS 2385:1977,,https://www.manakonline.in/MANAK/standardSearch?standardNumber=2385%3A1977,,0,MANUAL_ACCESS_REQUIRED,4
BIS-IS-0371,Bureau of Indian Standards,08_BIS_Quality_Control_Orders,IS 2403:2014,,https://www.manakonline.in/MANAK/standardSearch?standardNumber=2403%3A2014,,0,MANUAL_ACCESS_REQUIRED,7
BIS-IS-0372,Bureau of Indian Standards,08_BIS_Quality_Control_Orders,IS 2414:2005,,https://www.manakonline.in/MANAK/standardSearch?standardNumber=2414%3A2005,,0,MANUAL_ACCESS_REQUIRED,3
BIS-IS-0373,Bureau of Indian Standards,08_BIS_Quality_Control_Orders,is 25,,https://bangalorecustoms.gov.in/wp-content/uploads/2025/02/mcc_pn_04_2025.pdf,/Users/kanchigupta/Desktop/kanchi AI projects/CCR codification/Statutory_Repository/03_CBIC_Customs/Instructions/CBIC_Customs_Instruction_Instruction_04-2025-Cus_Trade_Facilitation_2025.pdf,528397,SUCCESS,7
BIS-IS-0374,Bureau of Indian Standards,08_BIS_Quality_Control_Orders,IS 2501:1995,,https://www.manakonline.in/MANAK/standardSearch?standardNumber=2501%3A1995,,0,MANUAL_ACCESS_REQUIRED,4
BIS-IS-0375,Bureau of Indian Standards,08_BIS_Quality_Control_Orders,IS 2507:1975,,https://www.manakonline.in/MANAK/standardSearch?standardNumber=2507%3A1975,,0,MANUAL_ACCESS_REQUIRED,3
BIS-IS-0376,Bureau of Indian Standards,08_BIS_Quality_Control_Orders,is 252:2013,,https://www.manakonline.in/MANAK/standardSearch?standardNumber=252%3A2013,,0,MANUAL_ACCESS_REQUIRED,3
BIS-IS-0377,Bureau of Indian Standards,08_BIS_Quality_Control_Orders,IS:2553,,https://www.manakonline.in/MANAK/standardSearch?standardNumber=2553,,0,MANUAL_ACCESS_REQUIRED,8
BIS-IS-0378,Bureau of Indian Standards,08_BIS_Quality_Control_Orders,is 2566:1993,,https://www.manakonline.in/MANAK/standardSearch?standardNumber=2566%3A1993,,0,MANUAL_ACCESS_REQUIRED,9
BIS-IS-0379,Bureau of Indian Standards,08_BIS_Quality_Control_Orders,is 2593:1984,,https://www.manakonline.in/MANAK/standardSearch?standardNumber=2593%3A1984,,0,MANUAL_ACCESS_REQUIRED,10
BIS-IS-0380,Bureau of Indian Standards,08_BIS_Quality_Control_Orders,IS2619:2018,,https://www.manakonline.in/MANAK/standardSearch?standardNumber=2619%3A2018,,0,MANUAL_ACCESS_REQUIRED,6
BIS-IS-0381,Bureau of Indian Standards,08_BIS_Quality_Control_Orders,IS 2681:1993,,https://www.manakonline.in/MANAK/standardSearch?standardNumber=2681%3A1993,,0,MANUAL_ACCESS_REQUIRED,1
BIS-IS-0382,Bureau of Indian Standards,08_BIS_Quality_Control_Orders,is 269,,https://www.manakonline.in/MANAK/standardSearch?standardNumber=269,,0,MANUAL_ACCESS_REQUIRED,2
BIS-IS-0383,Bureau of Indian Standards,08_BIS_Quality_Control_Orders,IS 2692:1989,,https://www.manakonline.in/MANAK/standardSearch?standardNumber=2692%3A1989,,0,MANUAL_ACCESS_REQUIRED,5
BIS-IS-0384,Bureau of Indian Standards,08_BIS_Quality_Control_Orders,Is 2745:1983,,https://www.manakonline.in/MANAK/standardSearch?standardNumber=2745%3A1983,,0,MANUAL_ACCESS_REQUIRED,1
BIS-IS-0385,Bureau of Indian Standards,08_BIS_Quality_Control_Orders,is 277,,https://www.manakonline.in/MANAK/standardSearch?standardNumber=277,,0,MANUAL_ACCESS_REQUIRED,4
BIS-IS-0386,Bureau of Indian Standards,08_BIS_Quality_Control_Orders,is 2787,,https://www.manakonline.in/MANAK/standardSearch?standardNumber=2787,,0,MANUAL_ACCESS_REQUIRED,12
BIS-IS-0387,Bureau of Indian Standards,08_BIS_Quality_Control_Orders,IS 278:2009,,https://www.manakonline.in/MANAK/standardSearch?standardNumber=278%3A2009,,0,MANUAL_ACCESS_REQUIRED,2
BIS-IS-0388,Bureau of Indian Standards,08_BIS_Quality_Control_Orders,is 28,,https://www.manakonline.in/MANAK/standardSearch?standardNumber=28,,0,MANUAL_ACCESS_REQUIRED,69
BIS-IS-0389,Bureau of Indian Standards,08_BIS_Quality_Control_Orders,IS281:2009,,https://www.manakonline.in/MANAK/standardSearch?standardNumber=281%3A2009,,0,MANUAL_ACCESS_REQUIRED,1
BIS-IS-0390,Bureau of Indian Standards,08_BIS_Quality_Control_Orders,is 2835,,https://www.manakonline.in/MANAK/standardSearch?standardNumber=2835,,0,MANUAL_ACCESS_REQUIRED,1
BIS-IS-0391,Bureau of Indian Standards,08_BIS_Quality_Control_Orders,is 2835:1987,,https://www.manakonline.in/MANAK/standardSearch?standardNumber=2835%3A1987,,0,MANUAL_ACCESS_REQUIRED,17
BIS-IS-0392,Bureau of Indian Standards,08_BIS_Quality_Control_Orders,is 2925:1984,,https://www.manakonline.in/MANAK/standardSearch?standardNumber=2925%3A1984,,0,MANUAL_ACCESS_REQUIRED,1
BIS-IS-0393,Bureau of Indian Standards,08_BIS_Quality_Control_Orders,is 297:2001,,https://www.manakonline.in/MANAK/standardSearch?standardNumber=297%3A2001,,0,MANUAL_ACCESS_REQUIRED,1
BIS-IS-0394,Bureau of Indian Standards,08_BIS_Quality_Control_Orders,is 2993,,https://www.manakonline.in/MANAK/standardSearch?standardNumber=2993,,0,MANUAL_ACCESS_REQUIRED,9
BIS-IS-0395,Bureau of Indian Standards,08_BIS_Quality_Control_Orders,is 3,,https://bangalorecustoms.gov.in/wp-content/uploads/2026/02/bcc_pn_03_2026.pdf,/Users/kanchigupta/Desktop/kanchi AI projects/CCR codification/Statutory_Repository/03_CBIC_Customs/Circulars/CBIC_Customs_Circular_Circular_03-2026-Cus_Deferred_Payment_2026.pdf,6539125,SUCCESS,10
BIS-IS-0396,Bureau of Indian Standards,08_BIS_Quality_Control_Orders,IS302,,https://www.manakonline.in/MANAK/standardSearch?standardNumber=302,,0,MANUAL_ACCESS_REQUIRED,60
BIS-IS-0397,Bureau of Indian Standards,08_BIS_Quality_Control_Orders,is 3024:2015,,https://www.manakonline.in/MANAK/standardSearch?standardNumber=3024%3A2015,,0,MANUAL_ACCESS_REQUIRED,2
BIS-IS-0398,Bureau of Indian Standards,08_BIS_Quality_Control_Orders,IS303:1989,,https://www.manakonline.in/MANAK/standardSearch?standardNumber=303%3A1989,,0,MANUAL_ACCESS_REQUIRED,43
BIS-IS-0399,Bureau of Indian Standards,08_BIS_Quality_Control_Orders,is 3055,,https://www.manakonline.in/MANAK/standardSearch?standardNumber=3055,,0,MANUAL_ACCESS_REQUIRED,2
BIS-IS-0400,Bureau of Indian Standards,08_BIS_Quality_Control_Orders,is 3055 (part 1),,https://www.manakonline.in/MANAK/standardSearch?standardNumber=3055%20%28part%201%29,,0,MANUAL_ACCESS_REQUIRED,2
BIS-IS-0401,Bureau of Indian Standards,08_BIS_Quality_Control_Orders,is 3055 (part 2),,https://www.manakonline.in/MANAK/standardSearch?standardNumber=3055%20%28part%202%29,,0,MANUAL_ACCESS_REQUIRED,2
BIS-IS-0402,Bureau of Indian Standards,08_BIS_Quality_Control_Orders,is3087:2005,,https://www.manakonline.in/MANAK/standardSearch?standardNumber=3087%3A2005,,0,MANUAL_ACCESS_REQUIRED,40
BIS-IS-0403,Bureau of Indian Standards,08_BIS_Quality_Control_Orders,is3097:2006,,https://www.manakonline.in/MANAK/standardSearch?standardNumber=3097%3A2006,,0,MANUAL_ACCESS_REQUIRED,40
BIS-IS-0404,Bureau of Indian Standards,08_BIS_Quality_Control_Orders,is 3196,,https://www.manakonline.in/MANAK/standardSearch?standardNumber=3196,,0,MANUAL_ACCESS_REQUIRED,2
BIS-IS-0405,Bureau of Indian Standards,08_BIS_Quality_Control_Orders,is 3196 (part 1),,https://www.manakonline.in/MANAK/standardSearch?standardNumber=3196%20%28part%201%29,,0,MANUAL_ACCESS_REQUIRED,1
BIS-IS-0406,Bureau of Indian Standards,08_BIS_Quality_Control_Orders,is 3196 (part 4),,https://www.manakonline.in/MANAK/standardSearch?standardNumber=3196%20%28part%204%29,,0,MANUAL_ACCESS_REQUIRED,1
BIS-IS-0407,Bureau of Indian Standards,08_BIS_Quality_Control_Orders,is 3196 (part2),,https://www.manakonline.in/MANAK/standardSearch?standardNumber=3196%20%28part2%29,,0,MANUAL_ACCESS_REQUIRED,1
BIS-IS-0408,Bureau of Indian Standards,08_BIS_Quality_Control_Orders,is 3205:1984,,https://www.manakonline.in/MANAK/standardSearch?standardNumber=3205%3A1984,,0,MANUAL_ACCESS_REQUIRED,1
BIS-IS-0409,Bureau of Indian Standards,08_BIS_Quality_Control_Orders,is:3224,,https://www.manakonline.in/MANAK/standardSearch?standardNumber=3224,,0,MANUAL_ACCESS_REQUIRED,10
BIS-IS-0410,Bureau of Indian Standards,08_BIS_Quality_Control_Orders,Is 3298:1981,,https://www.manakonline.in/MANAK/standardSearch?standardNumber=3298%3A1981,,0,MANUAL_ACCESS_REQUIRED,2
BIS-IS-0411,Bureau of Indian Standards,08_BIS_Quality_Control_Orders,IS3315:2019,,https://www.manakonline.in/MANAK/standardSearch?standardNumber=3315%3A2019,,0,MANUAL_ACCESS_REQUIRED,5
BIS-IS-0412,Bureau of Indian Standards,08_BIS_Quality_Control_Orders,is 336:1973,,https://www.manakonline.in/MANAK/standardSearch?standardNumber=336%3A1973,,0,MANUAL_ACCESS_REQUIRED,4
BIS-IS-0413,Bureau of Indian Standards,08_BIS_Quality_Control_Orders,is 3466,,https://www.manakonline.in/MANAK/standardSearch?standardNumber=3466,,0,MANUAL_ACCESS_REQUIRED,10
BIS-IS-0414,Bureau of Indian Standards,08_BIS_Quality_Control_Orders,IS 3502:2009,,https://www.manakonline.in/MANAK/standardSearch?standardNumber=3502%3A2009,,0,MANUAL_ACCESS_REQUIRED,3
BIS-IS-0415,Bureau of Indian Standards,08_BIS_Quality_Control_Orders,Is3513,,https://www.manakonline.in/MANAK/standardSearch?standardNumber=3513,,0,MANUAL_ACCESS_REQUIRED,9
BIS-IS-0416,Bureau of Indian Standards,08_BIS_Quality_Control_Orders,IS362:1991,,https://www.manakonline.in/MANAK/standardSearch?standardNumber=362%3A1991,,0,MANUAL_ACCESS_REQUIRED,7
BIS-IS-0417,Bureau of Indian Standards,08_BIS_Quality_Control_Orders,IS3650,,https://www.manakonline.in/MANAK/standardSearch?standardNumber=3650,,0,MANUAL_ACCESS_REQUIRED,1
BIS-IS-0418,Bureau of Indian Standards,08_BIS_Quality_Control_Orders,IS3650:1981,,https://www.manakonline.in/MANAK/standardSearch?standardNumber=3650%3A1981,,0,MANUAL_ACCESS_REQUIRED,2
BIS-IS-0419,Bureau of Indian Standards,08_BIS_Quality_Control_Orders,IS 368:2014,,https://www.manakonline.in/MANAK/standardSearch?standardNumber=368%3A2014,,0,MANUAL_ACCESS_REQUIRED,1
BIS-IS-0420,Bureau of Indian Standards,08_BIS_Quality_Control_Orders,is 3735:1996,,https://www.manakonline.in/MANAK/standardSearch?standardNumber=3735%3A1996,,0,MANUAL_ACCESS_REQUIRED,6
BIS-IS-0421,Bureau of Indian Standards,08_BIS_Quality_Control_Orders,is 3736:1995,,https://www.manakonline.in/MANAK/standardSearch?standardNumber=3736%3A1995,,0,MANUAL_ACCESS_REQUIRED,7
BIS-IS-0422,Bureau of Indian Standards,08_BIS_Quality_Control_Orders,is:3745,,https://www.manakonline.in/MANAK/standardSearch?standardNumber=3745,,0,MANUAL_ACCESS_REQUIRED,10
BIS-IS-0423,Bureau of Indian Standards,08_BIS_Quality_Control_Orders,is 3748:2022,,https://www.manakonline.in/MANAK/standardSearch?standardNumber=3748%3A2022,,0,MANUAL_ACCESS_REQUIRED,1
BIS-IS-0424,Bureau of Indian Standards,08_BIS_Quality_Control_Orders,IS374:2019,,https://www.manakonline.in/MANAK/standardSearch?standardNumber=374%3A2019,,0,MANUAL_ACCESS_REQUIRED,4
BIS-IS-0425,Bureau of Indian Standards,08_BIS_Quality_Control_Orders,is 3757:1985,,https://www.manakonline.in/MANAK/standardSearch?standardNumber=3757%3A1985,,0,MANUAL_ACCESS_REQUIRED,14
BIS-IS-0426,Bureau of Indian Standards,08_BIS_Quality_Control_Orders,IS3818:1992,,https://www.manakonline.in/MANAK/standardSearch?standardNumber=3818%3A1992,,0,MANUAL_ACCESS_REQUIRED,7
BIS-IS-0427,Bureau of Indian Standards,08_BIS_Quality_Control_Orders,IS3843:1995,,https://www.manakonline.in/MANAK/standardSearch?standardNumber=3843%3A1995,,0,MANUAL_ACCESS_REQUIRED,7
BIS-IS-0428,Bureau of Indian Standards,08_BIS_Quality_Control_Orders,is 3854,,https://www.manakonline.in/MANAK/standardSearch?standardNumber=3854,,0,MANUAL_ACCESS_REQUIRED,1
BIS-IS-0429,Bureau of Indian Standards,08_BIS_Quality_Control_Orders,is 3976:2018,,https://www.manakonline.in/MANAK/standardSearch?standardNumber=3976%3A2018,,0,MANUAL_ACCESS_REQUIRED,5
BIS-IS-0430,Bureau of Indian Standards,08_BIS_Quality_Control_Orders,is 3989,,https://www.manakonline.in/MANAK/standardSearch?standardNumber=3989,,0,MANUAL_ACCESS_REQUIRED,4
BIS-IS-0431,Bureau of Indian Standards,08_BIS_Quality_Control_Orders,IS4003,,https://www.manakonline.in/MANAK/standardSearch?standardNumber=4003,,0,MANUAL_ACCESS_REQUIRED,2
BIS-IS-0432,Bureau of Indian Standards,08_BIS_Quality_Control_Orders,IS 4003(Part 1),,https://www.manakonline.in/MANAK/standardSearch?standardNumber=4003%28Part%201%29,,0,MANUAL_ACCESS_REQUIRED,2
BIS-IS-0433,Bureau of Indian Standards,08_BIS_Quality_Control_Orders,IS4003(Part 2),,https://www.manakonline.in/MANAK/standardSearch?standardNumber=4003%28Part%202%29,,0,MANUAL_ACCESS_REQUIRED,2
BIS-IS-0434,Bureau of Indian Standards,08_BIS_Quality_Control_Orders,IS4123:1982,,https://www.manakonline.in/MANAK/standardSearch?standardNumber=4123%3A1982,,0,MANUAL_ACCESS_REQUIRED,2
BIS-IS-0435,Bureau of Indian Standards,08_BIS_Quality_Control_Orders,IS 4171:1983,,https://www.manakonline.in/MANAK/standardSearch?standardNumber=4171%3A1983,,0,MANUAL_ACCESS_REQUIRED,3
BIS-IS-0436,Bureau of Indian Standards,08_BIS_Quality_Control_Orders,is 418,,https://www.manakonline.in/MANAK/standardSearch?standardNumber=418,,0,MANUAL_ACCESS_REQUIRED,1
BIS-IS-0437,Bureau of Indian Standards,08_BIS_Quality_Control_Orders,IS 4246,,https://www.manakonline.in/MANAK/standardSearch?standardNumber=4246,,0,MANUAL_ACCESS_REQUIRED,12
BIS-IS-0438,Bureau of Indian Standards,08_BIS_Quality_Control_Orders,is 4250,,https://www.manakonline.in/MANAK/standardSearch?standardNumber=4250,,0,MANUAL_ACCESS_REQUIRED,2
BIS-IS-0439,Bureau of Indian Standards,08_BIS_Quality_Control_Orders,IS 4270:2001,,https://www.manakonline.in/MANAK/standardSearch?standardNumber=4270%3A2001,,0,MANUAL_ACCESS_REQUIRED,5
BIS-IS-0440,Bureau of Indian Standards,08_BIS_Quality_Control_Orders,is 4296,,https://www.manakonline.in/MANAK/standardSearch?standardNumber=4296,,0,MANUAL_ACCESS_REQUIRED,5
BIS-IS-0441,Bureau of Indian Standards,08_BIS_Quality_Control_Orders,is 4296 (part 1),,https://www.manakonline.in/MANAK/standardSearch?standardNumber=4296%20%28part%201%29,,0,MANUAL_ACCESS_REQUIRED,2
BIS-IS-0442,Bureau of Indian Standards,08_BIS_Quality_Control_Orders,is 4296 (part 2),,https://www.manakonline.in/MANAK/standardSearch?standardNumber=4296%20%28part%202%29,,0,MANUAL_ACCESS_REQUIRED,3
BIS-IS-0443,Bureau of Indian Standards,08_BIS_Quality_Control_Orders,is 4296 (part 3),,https://www.manakonline.in/MANAK/standardSearch?standardNumber=4296%20%28part%203%29,,0,MANUAL_ACCESS_REQUIRED,5
BIS-IS-0444,Bureau of Indian Standards,08_BIS_Quality_Control_Orders,IS4296 (Part2),,https://www.manakonline.in/MANAK/standardSearch?standardNumber=4296%20%28Part2%29,,0,MANUAL_ACCESS_REQUIRED,2
BIS-IS-0445,Bureau of Indian Standards,08_BIS_Quality_Control_Orders,IS4296(Part 1),,https://www.manakonline.in/MANAK/standardSearch?standardNumber=4296%28Part%201%29,,0,MANUAL_ACCESS_REQUIRED,1
BIS-IS-0446,Bureau of Indian Standards,08_BIS_Quality_Control_Orders,IS4296(Part1),,https://www.manakonline.in/MANAK/standardSearch?standardNumber=4296%28Part1%29,,0,MANUAL_ACCESS_REQUIRED,2
BIS-IS-0447,Bureau of Indian Standards,08_BIS_Quality_Control_Orders,IS 4412:1981,,https://www.manakonline.in/MANAK/standardSearch?standardNumber=4412%3A1981,,0,MANUAL_ACCESS_REQUIRED,5
BIS-IS-0448,Bureau of Indian Standards,08_BIS_Quality_Control_Orders,is 4505:2015,,https://www.manakonline.in/MANAK/standardSearch?standardNumber=4505%3A2015,,0,MANUAL_ACCESS_REQUIRED,1
BIS-IS-0449,Bureau of Indian Standards,08_BIS_Quality_Control_Orders,IS4508:1992,,https://www.manakonline.in/MANAK/standardSearch?standardNumber=4508%3A1992,,0,MANUAL_ACCESS_REQUIRED,2
BIS-IS-0450,Bureau of Indian Standards,08_BIS_Quality_Control_Orders,IS4509:1992,,https://www.manakonline.in/MANAK/standardSearch?standardNumber=4509%3A1992,,0,MANUAL_ACCESS_REQUIRED,2
BIS-IS-0451,Bureau of Indian Standards,08_BIS_Quality_Control_Orders,IS 4521:2001,,https://www.manakonline.in/MANAK/standardSearch?standardNumber=4521%3A2001,,0,MANUAL_ACCESS_REQUIRED,4
BIS-IS-0452,Bureau of Indian Standards,08_BIS_Quality_Control_Orders,IS453:1993,,https://www.manakonline.in/MANAK/standardSearch?standardNumber=453%3A1993,,0,MANUAL_ACCESS_REQUIRED,7
BIS-IS-0453,Bureau of Indian Standards,08_BIS_Quality_Control_Orders,is 455,,https://www.manakonline.in/MANAK/standardSearch?standardNumber=455,,0,MANUAL_ACCESS_REQUIRED,1
BIS-IS-0454,Bureau of Indian Standards,08_BIS_Quality_Control_Orders,is 4566:2020,,https://www.manakonline.in/MANAK/standardSearch?standardNumber=4566%3A2020,,0,MANUAL_ACCESS_REQUIRED,1
BIS-IS-0455,Bureau of Indian Standards,08_BIS_Quality_Control_Orders,is 4572:2022,,https://www.manakonline.in/MANAK/standardSearch?standardNumber=4572%3A2022,,0,MANUAL_ACCESS_REQUIRED,18
BIS-IS-0456,Bureau of Indian Standards,08_BIS_Quality_Control_Orders,is 4581:1978,,https://www.manakonline.in/MANAK/standardSearch?standardNumber=4581%3A1978,,0,MANUAL_ACCESS_REQUIRED,1
BIS-IS-0457,Bureau of Indian Standards,08_BIS_Quality_Control_Orders,IS 459:1992,,https://www.manakonline.in/MANAK/standardSearch?standardNumber=459%3A1992,,0,MANUAL_ACCESS_REQUIRED,6
BIS-IS-0458,Bureau of Indian Standards,08_BIS_Quality_Control_Orders,is 4621:1975,,https://www.manakonline.in/MANAK/standardSearch?standardNumber=4621%3A1975,,0,MANUAL_ACCESS_REQUIRED,14
BIS-IS-0459,Bureau of Indian Standards,08_BIS_Quality_Control_Orders,is 4859,,https://www.manakonline.in/MANAK/standardSearch?standardNumber=4859,,0,MANUAL_ACCESS_REQUIRED,7
BIS-IS-0460,Bureau of Indian Standards,08_BIS_Quality_Control_Orders,is4990:2011,,https://www.manakonline.in/MANAK/standardSearch?standardNumber=4990%3A2011,,0,MANUAL_ACCESS_REQUIRED,43
BIS-IS-0461,Bureau of Indian Standards,08_BIS_Quality_Control_Orders,is 506:2019,,https://www.manakonline.in/MANAK/standardSearch?standardNumber=506%3A2019,,0,MANUAL_ACCESS_REQUIRED,2
BIS-IS-0462,Bureau of Indian Standards,08_BIS_Quality_Control_Orders,IS5082:1998,,https://www.manakonline.in/MANAK/standardSearch?standardNumber=5082%3A1998,,0,MANUAL_ACCESS_REQUIRED,19
BIS-IS-0463,Bureau of Indian Standards,08_BIS_Quality_Control_Orders,IS 513,,https://www.manakonline.in/MANAK/standardSearch?standardNumber=513,,0,MANUAL_ACCESS_REQUIRED,3
BIS-IS-0464,Bureau of Indian Standards,08_BIS_Quality_Control_Orders,is 513(part1),,https://www.manakonline.in/MANAK/standardSearch?standardNumber=513%28part1%29,,0,MANUAL_ACCESS_REQUIRED,2
BIS-IS-0465,Bureau of Indian Standards,08_BIS_Quality_Control_Orders,is 513(part2),,https://www.manakonline.in/MANAK/standardSearch?standardNumber=513%28part2%29,,0,MANUAL_ACCESS_REQUIRED,1
BIS-IS-0466,Bureau of Indian Standards,08_BIS_Quality_Control_Orders,is 5158:1987,,https://www.manakonline.in/MANAK/standardSearch?standardNumber=5158%3A1987,,0,MANUAL_ACCESS_REQUIRED,1
BIS-IS-0467,Bureau of Indian Standards,08_BIS_Quality_Control_Orders,is 5168,,https://www.manakonline.in/MANAK/standardSearch?standardNumber=5168,,0,MANUAL_ACCESS_REQUIRED,1
BIS-IS-0468,Bureau of Indian Standards,08_BIS_Quality_Control_Orders,is 5175:2022,,https://www.manakonline.in/MANAK/standardSearch?standardNumber=5175%3A2022,,0,MANUAL_ACCESS_REQUIRED,18
BIS-IS-0469,Bureau of Indian Standards,08_BIS_Quality_Control_Orders,is 5187:1972,,https://www.manakonline.in/MANAK/standardSearch?standardNumber=5187%3A1972,,0,MANUAL_ACCESS_REQUIRED,14
BIS-IS-0470,Bureau of Indian Standards,08_BIS_Quality_Control_Orders,IS 5405:2019,,https://www.manakonline.in/MANAK/standardSearch?standardNumber=5405%3A2019,,0,MANUAL_ACCESS_REQUIRED,1
BIS-IS-0471,Bureau of Indian Standards,08_BIS_Quality_Control_Orders,IS 5405:2025,,https://www.manakonline.in/MANAK/standardSearch?standardNumber=5405%3A2025,,0,MANUAL_ACCESS_REQUIRED,3
BIS-IS-0472,Bureau of Indian Standards,08_BIS_Quality_Control_Orders,is 5478:1969,,https://www.manakonline.in/MANAK/standardSearch?standardNumber=5478%3A1969,,0,MANUAL_ACCESS_REQUIRED,2
BIS-IS-0473,Bureau of Indian Standards,08_BIS_Quality_Control_Orders,IS5484:1997,,https://www.manakonline.in/MANAK/standardSearch?standardNumber=5484%3A1997,,0,MANUAL_ACCESS_REQUIRED,6
BIS-IS-0474,Bureau of Indian Standards,08_BIS_Quality_Control_Orders,IS5509:2021,,https://www.manakonline.in/MANAK/standardSearch?standardNumber=5509%3A2021,,0,MANUAL_ACCESS_REQUIRED,43
BIS-IS-0475,Bureau of Indian Standards,08_BIS_Quality_Control_Orders,is 5522,,https://www.manakonline.in/MANAK/standardSearch?standardNumber=5522,,0,MANUAL_ACCESS_REQUIRED,74
BIS-IS-0476,Bureau of Indian Standards,08_BIS_Quality_Control_Orders,is 5557,,https://www.manakonline.in/MANAK/standardSearch?standardNumber=5557,,0,MANUAL_ACCESS_REQUIRED,6
BIS-IS-0477,Bureau of Indian Standards,08_BIS_Quality_Control_Orders,is 5557 (part 2),,https://www.manakonline.in/MANAK/standardSearch?standardNumber=5557%20%28part%202%29,,0,MANUAL_ACCESS_REQUIRED,6
BIS-IS-0478,Bureau of Indian Standards,08_BIS_Quality_Control_Orders,is 5557:2004,,https://www.manakonline.in/MANAK/standardSearch?standardNumber=5557%3A2004,,0,MANUAL_ACCESS_REQUIRED,6
BIS-IS-0479,Bureau of Indian Standards,08_BIS_Quality_Control_Orders,is 5676:1995,,https://www.manakonline.in/MANAK/standardSearch?standardNumber=5676%3A1995,,0,MANUAL_ACCESS_REQUIRED,8
BIS-IS-0480,Bureau of Indian Standards,08_BIS_Quality_Control_Orders,is 5866,,https://www.manakonline.in/MANAK/standardSearch?standardNumber=5866,,0,MANUAL_ACCESS_REQUIRED,1
BIS-IS-0481,Bureau of Indian Standards,08_BIS_Quality_Control_Orders,is 5950:1984,,https://www.manakonline.in/MANAK/standardSearch?standardNumber=5950%3A1984,,0,MANUAL_ACCESS_REQUIRED,7
BIS-IS-0482,Bureau of Indian Standards,08_BIS_Quality_Control_Orders,IS 5986:2017,,https://www.manakonline.in/MANAK/standardSearch?standardNumber=5986%3A2017,,0,MANUAL_ACCESS_REQUIRED,7
BIS-IS-0483,Bureau of Indian Standards,08_BIS_Quality_Control_Orders,is 6,,https://bangalorecustoms.gov.in/wp-content/uploads/2026/02/bcc_pn_03_2026.pdf,/Users/kanchigupta/Desktop/kanchi AI projects/CCR codification/Statutory_Repository/03_CBIC_Customs/Circulars/CBIC_Customs_Circular_Circular_03-2026-Cus_Deferred_Payment_2026.pdf,6539125,SUCCESS,20
BIS-IS-0484,Bureau of Indian Standards,08_BIS_Quality_Control_Orders,IS60669,,https://www.manakonline.in/MANAK/standardSearch?standardNumber=60669,,0,MANUAL_ACCESS_REQUIRED,3
BIS-IS-0485,Bureau of Indian Standards,08_BIS_Quality_Control_Orders,IS 613:2000,,https://www.manakonline.in/MANAK/standardSearch?standardNumber=613%3A2000,,0,MANUAL_ACCESS_REQUIRED,3
BIS-IS-0486,Bureau of Indian Standards,08_BIS_Quality_Control_Orders,is 6149:1984,,https://www.manakonline.in/MANAK/standardSearch?standardNumber=6149%3A1984,,0,MANUAL_ACCESS_REQUIRED,2
BIS-IS-0487,Bureau of Indian Standards,08_BIS_Quality_Control_Orders,IS616,,https://www.manakonline.in/MANAK/standardSearch?standardNumber=616,,0,MANUAL_ACCESS_REQUIRED,144
BIS-IS-0488,Bureau of Indian Standards,08_BIS_Quality_Control_Orders,IS616:2017,,https://www.manakonline.in/MANAK/standardSearch?standardNumber=616%3A2017,,0,MANUAL_ACCESS_REQUIRED,174
BIS-IS-0489,Bureau of Indian Standards,08_BIS_Quality_Control_Orders,IS 6240:2008,,https://www.manakonline.in/MANAK/standardSearch?standardNumber=6240%3A2008,,0,MANUAL_ACCESS_REQUIRED,3
BIS-IS-0490,Bureau of Indian Standards,08_BIS_Quality_Control_Orders,IS 6392:2020,,https://www.manakonline.in/MANAK/standardSearch?standardNumber=6392%3A2020,,0,MANUAL_ACCESS_REQUIRED,3
BIS-IS-0491,Bureau of Indian Standards,08_BIS_Quality_Control_Orders,IS6419:1996,,https://www.manakonline.in/MANAK/standardSearch?standardNumber=6419%3A1996,,0,MANUAL_ACCESS_REQUIRED,33
BIS-IS-0492,Bureau of Indian Standards,08_BIS_Quality_Control_Orders,is 6452,,https://www.manakonline.in/MANAK/standardSearch?standardNumber=6452,,0,MANUAL_ACCESS_REQUIRED,4
BIS-IS-0493,Bureau of Indian Standards,08_BIS_Quality_Control_Orders,is 648:2006,,https://www.manakonline.in/MANAK/standardSearch?standardNumber=648%3A2006,,0,MANUAL_ACCESS_REQUIRED,2
BIS-IS-0494,Bureau of Indian Standards,08_BIS_Quality_Control_Orders,IS 6590:1972,,https://www.manakonline.in/MANAK/standardSearch?standardNumber=6590%3A1972,,0,MANUAL_ACCESS_REQUIRED,4
BIS-IS-0495,Bureau of Indian Standards,08_BIS_Quality_Control_Orders,is 6623:2004,,https://www.manakonline.in/MANAK/standardSearch?standardNumber=6623%3A2004,,0,MANUAL_ACCESS_REQUIRED,14
BIS-IS-0496,Bureau of Indian Standards,08_BIS_Quality_Control_Orders,is 6664:1992,,https://www.manakonline.in/MANAK/standardSearch?standardNumber=6664%3A1992,,0,MANUAL_ACCESS_REQUIRED,4
BIS-IS-0497,Bureau of Indian Standards,08_BIS_Quality_Control_Orders,is 6719:1972,,https://www.manakonline.in/MANAK/standardSearch?standardNumber=6719%3A1972,,0,MANUAL_ACCESS_REQUIRED,2
BIS-IS-0498,Bureau of Indian Standards,08_BIS_Quality_Control_Orders,is 6721:2023,,https://www.manakonline.in/MANAK/standardSearch?standardNumber=6721%3A2023,,0,MANUAL_ACCESS_REQUIRED,5
BIS-IS-0499,Bureau of Indian Standards,08_BIS_Quality_Control_Orders,IS 6908:1991,,https://www.manakonline.in/MANAK/standardSearch?standardNumber=6908%3A1991,,0,MANUAL_ACCESS_REQUIRED,3
BIS-IS-0500,Bureau of Indian Standards,08_BIS_Quality_Control_Orders,is 6909,,https://www.manakonline.in/MANAK/standardSearch?standardNumber=6909,,0,MANUAL_ACCESS_REQUIRED,2
BIS-IS-0501,Bureau of Indian Standards,08_BIS_Quality_Control_Orders,is 6911,,https://www.manakonline.in/MANAK/standardSearch?standardNumber=6911,,0,MANUAL_ACCESS_REQUIRED,74
BIS-IS-0502,Bureau of Indian Standards,08_BIS_Quality_Control_Orders,IS 6913:1973,,https://www.manakonline.in/MANAK/standardSearch?standardNumber=6913%3A1973,,0,MANUAL_ACCESS_REQUIRED,3
BIS-IS-0503,Bureau of Indian Standards,08_BIS_Quality_Control_Orders,is 694,,https://www.manakonline.in/MANAK/standardSearch?standardNumber=694,,0,MANUAL_ACCESS_REQUIRED,9
BIS-IS-0504,Bureau of Indian Standards,08_BIS_Quality_Control_Orders,is 709,,https://www.manakonline.in/MANAK/standardSearch?standardNumber=709,,0,MANUAL_ACCESS_REQUIRED,7
BIS-IS-0505,Bureau of Indian Standards,08_BIS_Quality_Control_Orders,IS7092,,https://www.manakonline.in/MANAK/standardSearch?standardNumber=7092,,0,MANUAL_ACCESS_REQUIRED,2
BIS-IS-0506,Bureau of Indian Standards,08_BIS_Quality_Control_Orders,IS7092 (Part 2),,https://www.manakonline.in/MANAK/standardSearch?standardNumber=7092%20%28Part%202%29,,0,MANUAL_ACCESS_REQUIRED,2
BIS-IS-0507,Bureau of Indian Standards,08_BIS_Quality_Control_Orders,IS7092(Part 1),,https://www.manakonline.in/MANAK/standardSearch?standardNumber=7092%28Part%201%29,,0,MANUAL_ACCESS_REQUIRED,2
BIS-IS-0508,Bureau of Indian Standards,08_BIS_Quality_Control_Orders,is 7098,,https://www.manakonline.in/MANAK/standardSearch?standardNumber=7098,,0,MANUAL_ACCESS_REQUIRED,10
BIS-IS-0509,Bureau of Indian Standards,08_BIS_Quality_Control_Orders,is 7098 (part 1),,https://www.manakonline.in/MANAK/standardSearch?standardNumber=7098%20%28part%201%29,,0,MANUAL_ACCESS_REQUIRED,10
BIS-IS-0510,Bureau of Indian Standards,08_BIS_Quality_Control_Orders,is 7098 (part 2),,https://www.manakonline.in/MANAK/standardSearch?standardNumber=7098%20%28part%202%29,,0,MANUAL_ACCESS_REQUIRED,10
BIS-IS-0511,Bureau of Indian Standards,08_BIS_Quality_Control_Orders,is 7098 (part 3),,https://www.manakonline.in/MANAK/standardSearch?standardNumber=7098%20%28part%203%29,,0,MANUAL_ACCESS_REQUIRED,10
BIS-IS-0512,Bureau of Indian Standards,08_BIS_Quality_Control_Orders,is 710,,https://www.manakonline.in/MANAK/standardSearch?standardNumber=710,,0,MANUAL_ACCESS_REQUIRED,7
BIS-IS-0513,Bureau of Indian Standards,08_BIS_Quality_Control_Orders,IS710:2010,,https://www.manakonline.in/MANAK/standardSearch?standardNumber=710%3A2010,,0,MANUAL_ACCESS_REQUIRED,43
BIS-IS-0514,Bureau of Indian Standards,08_BIS_Quality_Control_Orders,is 7129:1992,,https://www.manakonline.in/MANAK/standardSearch?standardNumber=7129%3A1992,,0,MANUAL_ACCESS_REQUIRED,1
BIS-IS-0515,Bureau of Indian Standards,08_BIS_Quality_Control_Orders,is 7142,,https://www.manakonline.in/MANAK/standardSearch?standardNumber=7142,,0,MANUAL_ACCESS_REQUIRED,1
BIS-IS-0516,Bureau of Indian Standards,08_BIS_Quality_Control_Orders,is 7285,,https://www.manakonline.in/MANAK/standardSearch?standardNumber=7285,,0,MANUAL_ACCESS_REQUIRED,1
BIS-IS-0517,Bureau of Indian Standards,08_BIS_Quality_Control_Orders,is 7285 (part 1),,https://www.manakonline.in/MANAK/standardSearch?standardNumber=7285%20%28part%201%29,,0,MANUAL_ACCESS_REQUIRED,1
BIS-IS-0518,Bureau of Indian Standards,08_BIS_Quality_Control_Orders,is 7285 (part2),,https://www.manakonline.in/MANAK/standardSearch?standardNumber=7285%20%28part2%29,,0,MANUAL_ACCESS_REQUIRED,1
BIS-IS-0519,Bureau of Indian Standards,08_BIS_Quality_Control_Orders,IS 7291:1981,,https://www.manakonline.in/MANAK/standardSearch?standardNumber=7291%3A1981,,0,MANUAL_ACCESS_REQUIRED,3
BIS-IS-0520,Bureau of Indian Standards,08_BIS_Quality_Control_Orders,is:7302,,https://www.manakonline.in/MANAK/standardSearch?standardNumber=7302,,0,MANUAL_ACCESS_REQUIRED,10
BIS-IS-0521,Bureau of Indian Standards,08_BIS_Quality_Control_Orders,is 7312,,https://www.manakonline.in/MANAK/standardSearch?standardNumber=7312,,0,MANUAL_ACCESS_REQUIRED,1
BIS-IS-0522,Bureau of Indian Standards,08_BIS_Quality_Control_Orders,IS733:1983,,https://www.manakonline.in/MANAK/standardSearch?standardNumber=733%3A1983,,0,MANUAL_ACCESS_REQUIRED,6
BIS-IS-0523,Bureau of Indian Standards,08_BIS_Quality_Control_Orders,IS734:1975,,https://www.manakonline.in/MANAK/standardSearch?standardNumber=734%3A1975,,0,MANUAL_ACCESS_REQUIRED,11
BIS-IS-0524,Bureau of Indian Standards,08_BIS_Quality_Control_Orders,IS736:1986,,https://www.manakonline.in/MANAK/standardSearch?standardNumber=736%3A1986,,0,MANUAL_ACCESS_REQUIRED,8
BIS-IS-0525,Bureau of Indian Standards,08_BIS_Quality_Control_Orders,IS737:2008,,https://www.manakonline.in/MANAK/standardSearch?standardNumber=737%3A2008,,0,MANUAL_ACCESS_REQUIRED,8
BIS-IS-0526,Bureau of Indian Standards,08_BIS_Quality_Control_Orders,IS739:1992,,https://www.manakonline.in/MANAK/standardSearch?standardNumber=739%3A1992,,0,MANUAL_ACCESS_REQUIRED,6
BIS-IS-0527,Bureau of Indian Standards,08_BIS_Quality_Control_Orders,IS740:1977,,https://www.manakonline.in/MANAK/standardSearch?standardNumber=740%3A1977,,0,MANUAL_ACCESS_REQUIRED,2
BIS-IS-0528,Bureau of Indian Standards,08_BIS_Quality_Control_Orders,IS 7466:1994,,https://www.manakonline.in/MANAK/standardSearch?standardNumber=7466%3A1994,,0,MANUAL_ACCESS_REQUIRED,3
BIS-IS-0529,Bureau of Indian Standards,08_BIS_Quality_Control_Orders,IS 7483,,https://www.manakonline.in/MANAK/standardSearch?standardNumber=7483,,0,MANUAL_ACCESS_REQUIRED,7
BIS-IS-0530,Bureau of Indian Standards,08_BIS_Quality_Control_Orders,IS 7485,,https://www.manakonline.in/MANAK/standardSearch?standardNumber=7485,,0,MANUAL_ACCESS_REQUIRED,7
BIS-IS-0531,Bureau of Indian Standards,08_BIS_Quality_Control_Orders,IS 7485 (PART1),,https://www.manakonline.in/MANAK/standardSearch?standardNumber=7485%20%28PART1%29,,0,MANUAL_ACCESS_REQUIRED,7
BIS-IS-0532,Bureau of Indian Standards,08_BIS_Quality_Control_Orders,IS 7486:2018,,https://www.manakonline.in/MANAK/standardSearch?standardNumber=7486%3A2018,,0,MANUAL_ACCESS_REQUIRED,7
BIS-IS-0533,Bureau of Indian Standards,08_BIS_Quality_Control_Orders,IS7534:1985,,https://www.manakonline.in/MANAK/standardSearch?standardNumber=7534%3A1985,,0,MANUAL_ACCESS_REQUIRED,1
BIS-IS-0534,Bureau of Indian Standards,08_BIS_Quality_Control_Orders,is 7620,,https://www.manakonline.in/MANAK/standardSearch?standardNumber=7620,,0,MANUAL_ACCESS_REQUIRED,2
BIS-IS-0535,Bureau of Indian Standards,08_BIS_Quality_Control_Orders,is 7620 (pt 1),,https://www.manakonline.in/MANAK/standardSearch?standardNumber=7620%20%28pt%201%29,,0,MANUAL_ACCESS_REQUIRED,2
BIS-IS-0536,Bureau of Indian Standards,08_BIS_Quality_Control_Orders,IS 779:1994,,https://www.manakonline.in/MANAK/standardSearch?standardNumber=779%3A1994,,0,MANUAL_ACCESS_REQUIRED,5
BIS-IS-0537,Bureau of Indian Standards,08_BIS_Quality_Control_Orders,IS7902:2001,,https://www.manakonline.in/MANAK/standardSearch?standardNumber=7902%3A2001,,0,MANUAL_ACCESS_REQUIRED,17
BIS-IS-0538,Bureau of Indian Standards,08_BIS_Quality_Control_Orders,is 798:2020,,https://www.manakonline.in/MANAK/standardSearch?standardNumber=798%3A2020,,0,MANUAL_ACCESS_REQUIRED,1
BIS-IS-0539,Bureau of Indian Standards,08_BIS_Quality_Control_Orders,is 8041,,https://www.manakonline.in/MANAK/standardSearch?standardNumber=8041,,0,MANUAL_ACCESS_REQUIRED,10
BIS-IS-0540,Bureau of Indian Standards,08_BIS_Quality_Control_Orders,is 8042,,https://www.manakonline.in/MANAK/standardSearch?standardNumber=8042,,0,MANUAL_ACCESS_REQUIRED,1
BIS-IS-0541,Bureau of Indian Standards,08_BIS_Quality_Control_Orders,is 8043,,https://www.manakonline.in/MANAK/standardSearch?standardNumber=8043,,0,MANUAL_ACCESS_REQUIRED,10
BIS-IS-0542,Bureau of Indian Standards,08_BIS_Quality_Control_Orders,IS8144:2018,,https://www.manakonline.in/MANAK/standardSearch?standardNumber=8144%3A2018,,0,MANUAL_ACCESS_REQUIRED,8
BIS-IS-0543,Bureau of Indian Standards,08_BIS_Quality_Control_Orders,IS8148:2018,,https://www.manakonline.in/MANAK/standardSearch?standardNumber=8148%3A2018,,0,MANUAL_ACCESS_REQUIRED,10
BIS-IS-0544,Bureau of Indian Standards,08_BIS_Quality_Control_Orders,IS814:2004,,https://www.manakonline.in/MANAK/standardSearch?standardNumber=814%3A2004,,0,MANUAL_ACCESS_REQUIRED,33
BIS-IS-0545,Bureau of Indian Standards,08_BIS_Quality_Control_Orders,is 8229,,https://www.manakonline.in/MANAK/standardSearch?standardNumber=8229,,0,MANUAL_ACCESS_REQUIRED,2
BIS-IS-0546,Bureau of Indian Standards,08_BIS_Quality_Control_Orders,is8329,,https://www.manakonline.in/MANAK/standardSearch?standardNumber=8329,,0,MANUAL_ACCESS_REQUIRED,2
BIS-IS-0547,Bureau of Indian Standards,08_BIS_Quality_Control_Orders,is 8674:2013,,https://www.manakonline.in/MANAK/standardSearch?standardNumber=8674%3A2013,,0,MANUAL_ACCESS_REQUIRED,18
BIS-IS-0548,Bureau of Indian Standards,08_BIS_Quality_Control_Orders,is: 8737,,https://www.manakonline.in/MANAK/standardSearch?standardNumber=8737,,0,MANUAL_ACCESS_REQUIRED,10
BIS-IS-0549,Bureau of Indian Standards,08_BIS_Quality_Control_Orders,is:8776,,https://www.manakonline.in/MANAK/standardSearch?standardNumber=8776,,0,MANUAL_ACCESS_REQUIRED,10
BIS-IS-0550,Bureau of Indian Standards,08_BIS_Quality_Control_Orders,is 8784:1987,,https://www.manakonline.in/MANAK/standardSearch?standardNumber=8784%3A1987,,0,MANUAL_ACCESS_REQUIRED,1
BIS-IS-0551,Bureau of Indian Standards,08_BIS_Quality_Control_Orders,IS878:2008,,https://www.manakonline.in/MANAK/standardSearch?standardNumber=878%3A2008,,0,MANUAL_ACCESS_REQUIRED,6
BIS-IS-0552,Bureau of Indian Standards,08_BIS_Quality_Control_Orders,is 8828,,https://www.manakonline.in/MANAK/standardSearch?standardNumber=8828,,0,MANUAL_ACCESS_REQUIRED,1
BIS-IS-0553,Bureau of Indian Standards,08_BIS_Quality_Control_Orders,IS 8870:1978,,https://www.manakonline.in/MANAK/standardSearch?standardNumber=8870%3A1978,,0,MANUAL_ACCESS_REQUIRED,2
BIS-IS-0554,Bureau of Indian Standards,08_BIS_Quality_Control_Orders,is 9136:1993,,https://www.manakonline.in/MANAK/standardSearch?standardNumber=9136%3A1993,,0,MANUAL_ACCESS_REQUIRED,2
BIS-IS-0555,Bureau of Indian Standards,08_BIS_Quality_Control_Orders,IS 9139:1979,,https://www.manakonline.in/MANAK/standardSearch?standardNumber=9139%3A1979,,0,MANUAL_ACCESS_REQUIRED,1
BIS-IS-0556,Bureau of Indian Standards,08_BIS_Quality_Control_Orders,IS 915:2012,,https://www.manakonline.in/MANAK/standardSearch?standardNumber=915%3A2012,,0,MANUAL_ACCESS_REQUIRED,6
BIS-IS-0557,Bureau of Indian Standards,08_BIS_Quality_Control_Orders,IS9436,,https://www.manakonline.in/MANAK/standardSearch?standardNumber=9436,,0,MANUAL_ACCESS_REQUIRED,4
BIS-IS-0558,Bureau of Indian Standards,08_BIS_Quality_Control_Orders,is 9523,,https://www.manakonline.in/MANAK/standardSearch?standardNumber=9523,,0,MANUAL_ACCESS_REQUIRED,1
BIS-IS-0559,Bureau of Indian Standards,08_BIS_Quality_Control_Orders,is 9562:1980,,https://www.manakonline.in/MANAK/standardSearch?standardNumber=9562%3A1980,,0,MANUAL_ACCESS_REQUIRED,1
BIS-IS-0560,Bureau of Indian Standards,08_BIS_Quality_Control_Orders,is 9573,,https://www.manakonline.in/MANAK/standardSearch?standardNumber=9573,,0,MANUAL_ACCESS_REQUIRED,8
BIS-IS-0561,Bureau of Indian Standards,08_BIS_Quality_Control_Orders,is 9573(part 1),,https://www.manakonline.in/MANAK/standardSearch?standardNumber=9573%28part%201%29,,0,MANUAL_ACCESS_REQUIRED,8
BIS-IS-0562,Bureau of Indian Standards,08_BIS_Quality_Control_Orders,is 9573(part 2),,https://www.manakonline.in/MANAK/standardSearch?standardNumber=9573%28part%202%29,,0,MANUAL_ACCESS_REQUIRED,8
BIS-IS-0563,Bureau of Indian Standards,08_BIS_Quality_Control_Orders,IS 9627:1980,,https://www.manakonline.in/MANAK/standardSearch?standardNumber=9627%3A1980,,0,MANUAL_ACCESS_REQUIRED,3
BIS-IS-0564,Bureau of Indian Standards,08_BIS_Quality_Control_Orders,IS9755:2021,,https://www.manakonline.in/MANAK/standardSearch?standardNumber=9755%3A2021,,0,MANUAL_ACCESS_REQUIRED,5
BIS-IS-0565,Bureau of Indian Standards,08_BIS_Quality_Control_Orders,is :9798,,https://www.manakonline.in/MANAK/standardSearch?standardNumber=9798,,0,MANUAL_ACCESS_REQUIRED,10
BIS-IS-0566,Bureau of Indian Standards,08_BIS_Quality_Control_Orders,IS9857:1990,,https://www.manakonline.in/MANAK/standardSearch?standardNumber=9857%3A1990,,0,MANUAL_ACCESS_REQUIRED,5
BIS-IS-0567,Bureau of Indian Standards,08_BIS_Quality_Control_Orders,is 9917:1993,,https://www.manakonline.in/MANAK/standardSearch?standardNumber=9917%3A1993,,0,MANUAL_ACCESS_REQUIRED,2
BIS-IS-0568,Bureau of Indian Standards,08_BIS_Quality_Control_Orders,is 9968,,https://www.manakonline.in/MANAK/standardSearch?standardNumber=9968,,0,MANUAL_ACCESS_REQUIRED,9
BIS-IS-0569,Bureau of Indian Standards,08_BIS_Quality_Control_Orders,is 9968 (part 2),,https://www.manakonline.in/MANAK/standardSearch?standardNumber=9968%20%28part%202%29,,0,MANUAL_ACCESS_REQUIRED,6
RULE-0001,DGCA / MoCA; DGFT; DGCA / MoCA,02_Rules_and_Regulations,"Aircraft Rules, 1937",,https://www.indiacode.nic.in/handle/123456789/1362/browse?type=actyear,,0,MANUAL_ACCESS_REQUIRED,13
RULE-0002,BIS; PESO; PESO; PESO; DPIIT; PESO; Ministry of Commerce; DPIIT,02_Rules_and_Regulations,"Ammonium Nitrate Rules, 2012",,https://www.indiacode.nic.in/handle/123456789/1362/browse?type=actyear,,0,MANUAL_ACCESS_REQUIRED,148
RULE-0003,CPCB; CPCB; BIS; Legal Metrology (DoCA); CPCB; BIS; MoEF&CC; CPCB; CBIC (Customs); CPCB; MoEF&CC,02_Rules_and_Regulations,"Applicable Extended Producer Responsibility (EPR) Rules (E-Waste Rules, 2022",,https://www.indiacode.nic.in/handle/123456789/1362/browse?type=actyear,,0,MANUAL_ACCESS_REQUIRED,791
RULE-0004,DGFT; MHA (Arms Act),02_Rules_and_Regulations,"Arms Rules, 2016",,https://www.indiacode.nic.in/handle/123456789/1362/browse?type=actyear,,0,MANUAL_ACCESS_REQUIRED,4
RULE-0005,BIS,02_Rules_and_Regulations,"Assessment) Regulations, 2018",,https://www.indiacode.nic.in/handle/123456789/1362/browse?type=actyear,,0,MANUAL_ACCESS_REQUIRED,3
RULE-0006,AERB; AERB; DAE; AERB; DAE; DGFT; AERB; DGFT; BIS; AERB; DAE; DAE; DGFT,02_Rules_and_Regulations,"Atomic Energy (Radiation Protection) Rules, 2004",,https://www.indiacode.nic.in/handle/123456789/1362/browse?type=actyear,,0,MANUAL_ACCESS_REQUIRED,96
RULE-0007,BIS,02_Rules_and_Regulations,BIS (ca) regulations 2018,,https://www.indiacode.nic.in/handle/123456789/1362/browse?type=actyear,,0,MANUAL_ACCESS_REQUIRED,16
RULE-0008,BIS,02_Rules_and_Regulations,"BIS (ca) regulations, 2018",,https://www.indiacode.nic.in/handle/123456789/1362/browse?type=actyear,,0,MANUAL_ACCESS_REQUIRED,30
RULE-0009,BIS; BIS; DoT (WPC Wing); DGFT,02_Rules_and_Regulations,"BIS as per Scheme II of Schedule II of BIS (CA) Regulations, 2018",,https://www.indiacode.nic.in/handle/123456789/1362/browse?type=actyear,,0,MANUAL_ACCESS_REQUIRED,26
RULE-0010,BIS,02_Rules_and_Regulations,"BIS as per Scheme II of Schedule II of BIS (CA) regulations, 2018",,https://www.indiacode.nic.in/handle/123456789/1362/browse?type=actyear,,0,MANUAL_ACCESS_REQUIRED,2
RULE-0011,BIS,02_Rules_and_Regulations,BIS as per scheme i of schedule ii of the BIS(ca) regulations 2018,,https://www.indiacode.nic.in/handle/123456789/1362/browse?type=actyear,,0,MANUAL_ACCESS_REQUIRED,1
RULE-0012,BIS; BIS; DGFT,02_Rules_and_Regulations,"BIS as per scheme ii of schedule ii of BIS (ca) regulations, 2018",,https://www.indiacode.nic.in/handle/123456789/1362/browse?type=actyear,,0,MANUAL_ACCESS_REQUIRED,123
RULE-0013,BIS,02_Rules_and_Regulations,BIS(ca) regulations 2018,,https://www.indiacode.nic.in/handle/123456789/1362/browse?type=actyear,,0,MANUAL_ACCESS_REQUIRED,1
RULE-0014,BIS,02_Rules_and_Regulations,BUREAU AS PER SCHEME-I OF SCHEDULE-II TO BIS(CA) REGULATIONS 2018,,https://www.indiacode.nic.in/handle/123456789/1362/browse?type=actyear,,0,MANUAL_ACCESS_REQUIRED,7
RULE-0015,CPCB; CPCB; BIS; Legal Metrology (DoCA); CPCB; BIS; MoEF&CC; CPCB; CBIC (Customs); CPCB; MoEF&CC,02_Rules_and_Regulations,"Battery Waste Rules, 2022",,https://www.indiacode.nic.in/handle/123456789/1362/browse?type=actyear,,0,MANUAL_ACCESS_REQUIRED,791
RULE-0016,BIS,02_Rules_and_Regulations,"Bis As Per Scheme Ii Of Schedule Ii Of Bis (Ca) Regulations, 2018",,https://www.indiacode.nic.in/handle/123456789/1362/browse?type=actyear,,0,MANUAL_ACCESS_REQUIRED,9
RULE-0017,BIS,02_Rules_and_Regulations,Bureau as per Scheme-I OF Schd II of BIS(CA) Regulations 2018,,https://www.indiacode.nic.in/handle/123456789/1362/browse?type=actyear,,0,MANUAL_ACCESS_REQUIRED,5
RULE-0018,BIS,02_Rules_and_Regulations,Bureau as per Scheme-I of Schd-II of BIS (CA) Regulations 2018,,https://www.indiacode.nic.in/handle/123456789/1362/browse?type=actyear,,0,MANUAL_ACCESS_REQUIRED,4
RULE-0019,MoRTH; DGFT,02_Rules_and_Regulations,"Central Motor Vehicles (Eleventh Amendment) Rules, 2018",,https://www.indiacode.nic.in/handle/123456789/1362/browse?type=actyear,,0,MANUAL_ACCESS_REQUIRED,131
RULE-0020,MoRTH; DGFT,02_Rules_and_Regulations,"Central Motor Vehicles (Eleventh amendment) Rules, 2018",,https://www.indiacode.nic.in/handle/123456789/1362/browse?type=actyear,,0,MANUAL_ACCESS_REQUIRED,1
RULE-0021,DGFT; MoRTH; MoRTH; MoRTH; DGFT,02_Rules_and_Regulations,"Central Motor Vehicles Rules, 1989",,https://www.indiacode.nic.in/handle/123456789/1362/browse?type=actyear,,0,MANUAL_ACCESS_REQUIRED,193
RULE-0022,MoEF&CC,02_Rules_and_Regulations,Control) Rules 2000,,https://www.indiacode.nic.in/handle/123456789/1362/browse?type=actyear,,0,MANUAL_ACCESS_REQUIRED,6
RULE-0023,CDSCO; CDSCO; AQCS (Animal Quarantine); CDSCO; CIB&RC; CDSCO; FSSAI; CDSCO; FSSAI; AQCS (Animal Quarantine); CDSCO; Narcotics Commissioner (CBN); CDSCO; WCCB / MoEF&CC (CITES); AQCS (Animal Quarantine); FSSAI; CDSCO,02_Rules_and_Regulations,"Cosmetics Rules, 2020",,https://www.indiacode.nic.in/handle/123456789/1362/browse?type=actyear,,0,MANUAL_ACCESS_REQUIRED,1235
RULE-0024,CDSCO; CDSCO; AQCS (Animal Quarantine); CDSCO; CIB&RC; CDSCO; FSSAI; CDSCO; FSSAI; AQCS (Animal Quarantine); CDSCO; Narcotics Commissioner (CBN); CDSCO; WCCB / MoEF&CC (CITES); AQCS (Animal Quarantine); FSSAI; CDSCO,02_Rules_and_Regulations,"Drugs and Cosmetics Rules, 1945",,https://www.indiacode.nic.in/handle/123456789/1362/browse?type=actyear,,0,MANUAL_ACCESS_REQUIRED,1235
RULE-0025,CPCB,02_Rules_and_Regulations,E-Waste Management Rules 2022,,https://www.indiacode.nic.in/handle/123456789/1362/browse?type=actyear,,0,MANUAL_ACCESS_REQUIRED,2
RULE-0026,CPCB,02_Rules_and_Regulations,"E-Waste Management Rules, 2022",,https://www.indiacode.nic.in/handle/123456789/1362/browse?type=actyear,,0,MANUAL_ACCESS_REQUIRED,19
RULE-0027,CPCB,02_Rules_and_Regulations,"E-Waste Manegement Rules, 2022",,https://www.indiacode.nic.in/handle/123456789/1362/browse?type=actyear,,0,MANUAL_ACCESS_REQUIRED,46
RULE-0028,BEE,02_Rules_and_Regulations,Efficiency (Appliance Labeling & Compliance) Regulations 2026,,https://www.indiacode.nic.in/handle/123456789/1362/browse?type=actyear,,0,MANUAL_ACCESS_REQUIRED,1
RULE-0029,BEE; BIS; BEE; BIS; BEE; Legal Metrology (DoCA),02_Rules_and_Regulations,"Efficiency (Appliance Labeling And Compliance) Regulations,2026",,https://www.indiacode.nic.in/handle/123456789/1362/browse?type=actyear,,0,MANUAL_ACCESS_REQUIRED,193
RULE-0030,BEE,02_Rules_and_Regulations,Efficiency (Appliance Labelling And Compliance) Regulations 2026,,https://www.indiacode.nic.in/handle/123456789/1362/browse?type=actyear,,0,MANUAL_ACCESS_REQUIRED,2
RULE-0031,BEE,02_Rules_and_Regulations,"Efficiency (Appliance Labelling And Compliance) Regulations,2026",,https://www.indiacode.nic.in/handle/123456789/1362/browse?type=actyear,,0,MANUAL_ACCESS_REQUIRED,1
RULE-0032,BEE,02_Rules_and_Regulations,"Efficiency (Appliance Labelling and Compliance) Regulations,2026",,https://www.indiacode.nic.in/handle/123456789/1362/browse?type=actyear,,0,MANUAL_ACCESS_REQUIRED,3
RULE-0033,BEE,02_Rules_and_Regulations,Energy Efficiency (Appliance Labeling&Compliance) Regulations 2026,,https://www.indiacode.nic.in/handle/123456789/1362/browse?type=actyear,,0,MANUAL_ACCESS_REQUIRED,1
RULE-0034,BEE,02_Rules_and_Regulations,"Energy Efficiency (Appliance Labeling&Compliance) Regulations,2026",,https://www.indiacode.nic.in/handle/123456789/1362/browse?type=actyear,,0,MANUAL_ACCESS_REQUIRED,3
RULE-0035,DoT (TEC),02_Rules_and_Regulations,Ensure compliance of Indian Telegraph (Amendment) Rules 2017,,https://www.indiacode.nic.in/handle/123456789/1362/browse?type=actyear,,0,MANUAL_ACCESS_REQUIRED,169
RULE-0036,DGFT,02_Rules_and_Regulations,"Explosive Rules, 2008",,https://www.indiacode.nic.in/handle/123456789/1362/browse?type=actyear,,0,MANUAL_ACCESS_REQUIRED,2
RULE-0037,BIS; PESO; PESO; PESO; DPIIT; PESO; Ministry of Commerce; DPIIT,02_Rules_and_Regulations,"Explosives Rules, 2008",,https://www.indiacode.nic.in/handle/123456789/1362/browse?type=actyear,,0,MANUAL_ACCESS_REQUIRED,148
RULE-0038,DGFT; Dept of Fertilizers,02_Rules_and_Regulations,"Fertilizer (Control) Order, 1985",,https://www.indiacode.nic.in/handle/123456789/1362/browse?type=actyear,,0,MANUAL_ACCESS_REQUIRED,4
RULE-0039,AQCS (Animal Quarantine); FSSAI; CDSCO; FSSAI; CDSCO; FSSAI; AQCS (Animal Quarantine); DGFT; FSSAI; FSSAI; FSSAI; AQCS (Animal Quarantine); FSSAI; CDSCO; FSSAI; PQIS (Plant Quarantine); FSSAI; Tea Board; FSSAI; WCCB / MoEF&CC (CITES); FSSAI; WCCB / MoEF&CC (CITES); AQCS (Animal Quarantine); PQIS (Plant Quarantine); FSSAI,02_Rules_and_Regulations,"Food Safety and Standards (Import) Regulations, 2017",,https://www.indiacode.nic.in/handle/123456789/1362/browse?type=actyear,,0,MANUAL_ACCESS_REQUIRED,1556
RULE-0040,BIS; PESO; PESO; PESO; DPIIT; PESO; Ministry of Commerce; DPIIT,02_Rules_and_Regulations,"Gas Cylinders Rules, 2016",,https://www.indiacode.nic.in/handle/123456789/1362/browse?type=actyear,,0,MANUAL_ACCESS_REQUIRED,148
RULE-0041,BIS; MoEF&CC; CPCB; BIS; MoEF&CC; CPCB; MoEF&CC; DGFT; MoEF&CC; DGFT; MoEF&CC; CBIC (Customs); MoEF&CC; MoEF&CC; DGFT,02_Rules_and_Regulations,"Hazardous and Other Wastes Rules, 2016",,https://www.indiacode.nic.in/handle/123456789/1362/browse?type=actyear,,0,MANUAL_ACCESS_REQUIRED,1516
RULE-0042,BIS,02_Rules_and_Regulations,"I of Schedule-II of BIS (Conformity Assessment) Regulations, 2018",,https://www.indiacode.nic.in/handle/123456789/1362/browse?type=actyear,,0,MANUAL_ACCESS_REQUIRED,1
RULE-0043,CPCB,02_Rules_and_Regulations,"II OF THE PLASTIC WASTE MANAGEMENT (AMENDMENT) RULES, 2022",,https://www.indiacode.nic.in/handle/123456789/1362/browse?type=actyear,,0,MANUAL_ACCESS_REQUIRED,3
RULE-0044,BIS,02_Rules_and_Regulations,II TO BIS(CA) REGULATIONS 2018,,https://www.indiacode.nic.in/handle/123456789/1362/browse?type=actyear,,0,MANUAL_ACCESS_REQUIRED,7
RULE-0045,BIS,02_Rules_and_Regulations,II of the BIS (CA) Regulations 2018,,https://www.indiacode.nic.in/handle/123456789/1362/browse?type=actyear,,0,MANUAL_ACCESS_REQUIRED,1
RULE-0046,BIS,02_Rules_and_Regulations,"II of the Bureau of Indian Standards (CA) Regulations, 2018",,https://www.indiacode.nic.in/handle/123456789/1362/browse?type=actyear,,0,MANUAL_ACCESS_REQUIRED,5
RULE-0047,BIS,02_Rules_and_Regulations,"II of the Bureau of Indian standards (CA) Regulations, 2018",,https://www.indiacode.nic.in/handle/123456789/1362/browse?type=actyear,,0,MANUAL_ACCESS_REQUIRED,6
RULE-0048,BIS,02_Rules_and_Regulations,"II to the BIS (CA) Regulations, 2018",,https://www.indiacode.nic.in/handle/123456789/1362/browse?type=actyear,,0,MANUAL_ACCESS_REQUIRED,1
RULE-0049,BIS,02_Rules_and_Regulations,II to the Bureau of Indian Standards (CA) Regulations 2018,,https://www.indiacode.nic.in/handle/123456789/1362/browse?type=actyear,,0,MANUAL_ACCESS_REQUIRED,31
RULE-0050,BIS,02_Rules_and_Regulations,"II to the bureau of Indian Standards (CA) Regulations, 2018",,https://www.indiacode.nic.in/handle/123456789/1362/browse?type=actyear,,0,MANUAL_ACCESS_REQUIRED,1
RULE-0051,BIS,02_Rules_and_Regulations,"II to the bureau of Indian Standards (CA) Regulations,2018",,https://www.indiacode.nic.in/handle/123456789/1362/browse?type=actyear,,0,MANUAL_ACCESS_REQUIRED,1
RULE-0052,CBIC (Customs),02_Rules_and_Regulations,INTEGRATED DECLARATION AND PAPERLESS PROCESSING) REGULATIONS 2018,,https://www.indiacode.nic.in/handle/123456789/1362/browse?type=actyear,,0,MANUAL_ACCESS_REQUIRED,3
RULE-0053,BIS,02_Rules_and_Regulations,Ii Of The Bis (Ca) Regulations 2018,,https://www.indiacode.nic.in/handle/123456789/1362/browse?type=actyear,,0,MANUAL_ACCESS_REQUIRED,1
RULE-0054,DoT (TEC); DoT (TEC); DGFT,02_Rules_and_Regulations,"Indian Telegraph (Amendment) Rules, 2017",,https://www.indiacode.nic.in/handle/123456789/1362/browse?type=actyear,,0,MANUAL_ACCESS_REQUIRED,171
RULE-0055,CDSCO; CIB&RC; CIB&RC; CIB&RC; DGFT; CIB&RC; Narcotics Commissioner (CBN),02_Rules_and_Regulations,"Insecticides Rules, 1971",,https://www.indiacode.nic.in/handle/123456789/1362/browse?type=actyear,,0,MANUAL_ACCESS_REQUIRED,1023
RULE-0056,CBIC (Customs),02_Rules_and_Regulations,Integrated Declaration&Paperless Processing) Regulations 2018,,https://www.indiacode.nic.in/handle/123456789/1362/browse?type=actyear,,0,MANUAL_ACCESS_REQUIRED,5
RULE-0057,Jute Commissioner; Jute Commissioner; Ministry of Textiles,02_Rules_and_Regulations,"Jute and Jute Products (Control) Order, 2016",,https://www.indiacode.nic.in/handle/123456789/1362/browse?type=actyear,,0,MANUAL_ACCESS_REQUIRED,46
RULE-0058,BIS; BEE; Legal Metrology (DoCA); BIS; Legal Metrology (DoCA); CPCB; BIS; Legal Metrology (DoCA); Legal Metrology (DoCA),02_Rules_and_Regulations,"Legal Metrology (General) Rules, 2011",,https://www.indiacode.nic.in/handle/123456789/1362/browse?type=actyear,,0,MANUAL_ACCESS_REQUIRED,57
RULE-0059,BIS; BEE; Legal Metrology (DoCA); BIS; Legal Metrology (DoCA); CPCB; BIS; Legal Metrology (DoCA); Legal Metrology (DoCA),02_Rules_and_Regulations,"Legal Metrology (Packaged Commodities) Rules, 2011",,https://www.indiacode.nic.in/handle/123456789/1362/browse?type=actyear,,0,MANUAL_ACCESS_REQUIRED,57
RULE-0060,PESO; DPIIT,02_Rules_and_Regulations,MOCI On Relaxations Provided Under Gas Cylinders Rules 2016,,https://www.indiacode.nic.in/handle/123456789/1362/browse?type=actyear,,0,MANUAL_ACCESS_REQUIRED,1
RULE-0061,PESO; DPIIT,02_Rules_and_Regulations,MOCI on relaxations provided under Gas Cylinders Rules 2016,,https://www.indiacode.nic.in/handle/123456789/1362/browse?type=actyear,,0,MANUAL_ACCESS_REQUIRED,2
RULE-0062,BEE,02_Rules_and_Regulations,"Manner Of Their Display On Labels Of Chillers) Regulations, 2023",,https://www.indiacode.nic.in/handle/123456789/1362/browse?type=actyear,,0,MANUAL_ACCESS_REQUIRED,2
RULE-0063,CDSCO; CDSCO; AQCS (Animal Quarantine); CDSCO; CIB&RC; CDSCO; FSSAI; CDSCO; FSSAI; AQCS (Animal Quarantine); CDSCO; Narcotics Commissioner (CBN); CDSCO; WCCB / MoEF&CC (CITES); AQCS (Animal Quarantine); FSSAI; CDSCO,02_Rules_and_Regulations,"Medical Devices Rules, 2017",,https://www.indiacode.nic.in/handle/123456789/1362/browse?type=actyear,,0,MANUAL_ACCESS_REQUIRED,1235
RULE-0064,CBIC (Customs) / Directorate General of Foreign Trade (DGFT),02_Rules_and_Regulations,ND Amendment) Rules 2023,,https://www.indiacode.nic.in/handle/123456789/1362/browse?type=actyear,,0,MANUAL_ACCESS_REQUIRED,5
RULE-0065,CDSCO; Narcotics Commissioner (CBN); CIB&RC; Narcotics Commissioner (CBN); Narcotics Commissioner (CBN); Narcotics Commissioner (CBN); CBIC (Customs); Narcotics Commissioner (CBN); DGFT; Narcotics Commissioner (CBN); NACWC; DGFT; Ministry of External Affairs; Dept of Chemicals & Petrochemicals; PQIS (Plant Quarantine); Narcotics Commissioner (CBN),02_Rules_and_Regulations,"NDPS (Regulation of Controlled Substances) Order, 2013",,https://www.indiacode.nic.in/handle/123456789/1362/browse?type=actyear,,0,MANUAL_ACCESS_REQUIRED,1020
RULE-0066,CDSCO; Narcotics Commissioner (CBN); CIB&RC; Narcotics Commissioner (CBN); Narcotics Commissioner (CBN); Narcotics Commissioner (CBN); CBIC (Customs); Narcotics Commissioner (CBN); DGFT; Narcotics Commissioner (CBN); NACWC; DGFT; Ministry of External Affairs; Dept of Chemicals & Petrochemicals; PQIS (Plant Quarantine); Narcotics Commissioner (CBN),02_Rules_and_Regulations,"NDPS Act) & NDPS Rules, 1985",,https://www.indiacode.nic.in/handle/123456789/1362/browse?type=actyear,,0,MANUAL_ACCESS_REQUIRED,1020
RULE-0067,CPCB,02_Rules_and_Regulations,"OF THE PLASTIC WASTE MANAGEMENT (AMENDMENT) RULES, 2022",,https://www.indiacode.nic.in/handle/123456789/1362/browse?type=actyear,,0,MANUAL_ACCESS_REQUIRED,2
RULE-0068,CPCB,02_Rules_and_Regulations,"OF THE PWM(AMENDMENT) RULES, 2022",,https://www.indiacode.nic.in/handle/123456789/1362/browse?type=actyear,,0,MANUAL_ACCESS_REQUIRED,1
RULE-0069,CPCB,02_Rules_and_Regulations,"Of Battery Waste Management (Amendment) Rules, 2023",,https://www.indiacode.nic.in/handle/123456789/1362/browse?type=actyear,,0,MANUAL_ACCESS_REQUIRED,1
RULE-0070,BIS,02_Rules_and_Regulations,"Of Indian Standards (Conformity Assessment) Regulations, 2018",,https://www.indiacode.nic.in/handle/123456789/1362/browse?type=actyear,,0,MANUAL_ACCESS_REQUIRED,10
RULE-0071,Legal Metrology (DoCA),02_Rules_and_Regulations,"Of Lm(General) Rules, 2011",,https://www.indiacode.nic.in/handle/123456789/1362/browse?type=actyear,,0,MANUAL_ACCESS_REQUIRED,2
RULE-0072,DGFT; MoEF&CC,02_Rules_and_Regulations,"Of ODS Rules,2000",,https://www.indiacode.nic.in/handle/123456789/1362/browse?type=actyear,,0,MANUAL_ACCESS_REQUIRED,1
RULE-0073,DGFT; MoEF&CC,02_Rules_and_Regulations,"Of Ods Rules,2000",,https://www.indiacode.nic.in/handle/123456789/1362/browse?type=actyear,,0,MANUAL_ACCESS_REQUIRED,1
RULE-0074,BIS,02_Rules_and_Regulations,Of Schedule Ii Of Bis (Ca) Regulations 2018,,https://www.indiacode.nic.in/handle/123456789/1362/browse?type=actyear,,0,MANUAL_ACCESS_REQUIRED,1
RULE-0075,BIS,02_Rules_and_Regulations,Of Schedule Ii Of Bis(Ca)Regulations 2018,,https://www.indiacode.nic.in/handle/123456789/1362/browse?type=actyear,,0,MANUAL_ACCESS_REQUIRED,3
RULE-0076,BIS,02_Rules_and_Regulations,Of Schedule Ii Of The Bis (Ca) Regulations 2018,,https://www.indiacode.nic.in/handle/123456789/1362/browse?type=actyear,,0,MANUAL_ACCESS_REQUIRED,5
RULE-0077,DGFT; MoEF&CC,02_Rules_and_Regulations,"Of The Ozone Depleting Substances(Ods) Rules, 2000",,https://www.indiacode.nic.in/handle/123456789/1362/browse?type=actyear,,0,MANUAL_ACCESS_REQUIRED,8
RULE-0078,CPCB,02_Rules_and_Regulations,"Of The Plastic Waste Management (Amendment) Rules, 2022",,https://www.indiacode.nic.in/handle/123456789/1362/browse?type=actyear,,0,MANUAL_ACCESS_REQUIRED,2
RULE-0079,PESO; Ministry of Commerce; DPIIT,02_Rules_and_Regulations,"On Relaxations Provided Under Gas Cylinders Rules, 2016",,https://www.indiacode.nic.in/handle/123456789/1362/browse?type=actyear,,0,MANUAL_ACCESS_REQUIRED,10
RULE-0080,BIS; MoEF&CC; CPCB; BIS; MoEF&CC; CPCB; MoEF&CC; DGFT; MoEF&CC; DGFT; MoEF&CC; CBIC (Customs); MoEF&CC; MoEF&CC; DGFT,02_Rules_and_Regulations,"Ozone Depleting Substances Rules, 2000",,https://www.indiacode.nic.in/handle/123456789/1362/browse?type=actyear,,0,MANUAL_ACCESS_REQUIRED,1516
RULE-0081,CPCB; MoEF&CC,02_Rules_and_Regulations,"PLASTIC WASTE MANAGEMENT (SECOND AMENDMENT) RULES, 2023",,https://www.indiacode.nic.in/handle/123456789/1362/browse?type=actyear,,0,MANUAL_ACCESS_REQUIRED,3
RULE-0082,MoEF&CC,02_Rules_and_Regulations,"PWM (AMENDMENT) RULES, 2022",,https://www.indiacode.nic.in/handle/123456789/1362/browse?type=actyear,,0,MANUAL_ACCESS_REQUIRED,3
RULE-0083,MoEF&CC,02_Rules_and_Regulations,PWM(Amend) Rules 2022,,https://www.indiacode.nic.in/handle/123456789/1362/browse?type=actyear,,0,MANUAL_ACCESS_REQUIRED,5
RULE-0084,DGFT; PQIS (Plant Quarantine); FSSAI; PQIS (Plant Quarantine); PQIS (Plant Quarantine); PQIS (Plant Quarantine); FSSAI; PQIS (Plant Quarantine); Narcotics Commissioner (CBN); WCCB / MoEF&CC (CITES); PQIS (Plant Quarantine),02_Rules_and_Regulations,"Plant Quarantine (Regulation of Import into India) Order, 2003",,https://www.indiacode.nic.in/handle/123456789/1362/browse?type=actyear,,0,MANUAL_ACCESS_REQUIRED,630
RULE-0085,AQCS (Animal Quarantine); Ministry of Agriculture; Ministry of Agriculture,02_Rules_and_Regulations,"Plants, Fruits and Seeds (Regulation of Import into India) Order, 1989",,https://www.indiacode.nic.in/handle/123456789/1362/browse?type=actyear,,0,MANUAL_ACCESS_REQUIRED,48
RULE-0086,MoEF&CC,02_Rules_and_Regulations,"Plastic Waste Management (Amendment) Rules, 2022",,https://www.indiacode.nic.in/handle/123456789/1362/browse?type=actyear,,0,MANUAL_ACCESS_REQUIRED,4
RULE-0087,CPCB; MoEF&CC,02_Rules_and_Regulations,Plastic Waste Management (Second Amendment) Rules 2023,,https://www.indiacode.nic.in/handle/123456789/1362/browse?type=actyear,,0,MANUAL_ACCESS_REQUIRED,2
RULE-0088,CPCB; MoEF&CC,02_Rules_and_Regulations,"Plastic Waste Management (Second Amendment) Rules, 2023",,https://www.indiacode.nic.in/handle/123456789/1362/browse?type=actyear,,0,MANUAL_ACCESS_REQUIRED,2
RULE-0089,CPCB; CPCB; BIS; Legal Metrology (DoCA); CPCB; BIS; MoEF&CC; CPCB; CBIC (Customs); CPCB; MoEF&CC,02_Rules_and_Regulations,"Plastic Waste Rules, 2016",,https://www.indiacode.nic.in/handle/123456789/1362/browse?type=actyear,,0,MANUAL_ACCESS_REQUIRED,791
RULE-0090,DGFT; MoHFW,02_Rules_and_Regulations,"Products (Packaging and Labelling) Amendment Rules, 2022",,https://www.indiacode.nic.in/handle/123456789/1362/browse?type=actyear,,0,MANUAL_ACCESS_REQUIRED,1
RULE-0091,DGFT; MoHFW,02_Rules_and_Regulations,"Products (Packaging and Labelling) amendment rules, 2022",,https://www.indiacode.nic.in/handle/123456789/1362/browse?type=actyear,,0,MANUAL_ACCESS_REQUIRED,51
RULE-0092,CPCB,02_Rules_and_Regulations,Ref Schedule-I Of E-Waste Management Rules 2022,,https://www.indiacode.nic.in/handle/123456789/1362/browse?type=actyear,,0,MANUAL_ACCESS_REQUIRED,1
RULE-0093,CPCB,02_Rules_and_Regulations,Ref Schedule-I Of Ewm Rules 2022,,https://www.indiacode.nic.in/handle/123456789/1362/browse?type=actyear,,0,MANUAL_ACCESS_REQUIRED,2
RULE-0094,BIS,02_Rules_and_Regulations,Scheme I Of Schedule II Of the BIS (CA) Regulations 2018,,https://www.indiacode.nic.in/handle/123456789/1362/browse?type=actyear,,0,MANUAL_ACCESS_REQUIRED,26
RULE-0095,BIS,02_Rules_and_Regulations,Scheme I Of Schedule Ii Of The Bis (Ca) Regulations 2018,,https://www.indiacode.nic.in/handle/123456789/1362/browse?type=actyear,,0,MANUAL_ACCESS_REQUIRED,1
RULE-0096,BIS,02_Rules_and_Regulations,Scheme I of Schedule II of the BIS (CA) Regulations 2018,,https://www.indiacode.nic.in/handle/123456789/1362/browse?type=actyear,,0,MANUAL_ACCESS_REQUIRED,11
RULE-0097,BIS,02_Rules_and_Regulations,"Scheme-I of Schedule-II of BIS (CA) Regulations, 2018",,https://www.indiacode.nic.in/handle/123456789/1362/browse?type=actyear,,0,MANUAL_ACCESS_REQUIRED,2
RULE-0098,BIS,02_Rules_and_Regulations,"Scheme-IV of Schedule-II of BIS (CA) Regulations, 2018",,https://www.indiacode.nic.in/handle/123456789/1362/browse?type=actyear,,0,MANUAL_ACCESS_REQUIRED,10
RULE-0099,FSSAI; Tea Board,02_Rules_and_Regulations,"Tea (Distribution and Export) Control Order, 2005",,https://www.indiacode.nic.in/handle/123456789/1362/browse?type=actyear,,0,MANUAL_ACCESS_REQUIRED,20
RULE-0100,CPCB,02_Rules_and_Regulations,"Tools)Refer Schedule-I of E-Waste Management Rules, 2022",,https://www.indiacode.nic.in/handle/123456789/1362/browse?type=actyear,,0,MANUAL_ACCESS_REQUIRED,5
RULE-0101,MoEF&CC,02_Rules_and_Regulations,Waste (Management & Transboundary Movement) Rules 2016,,https://www.indiacode.nic.in/handle/123456789/1362/browse?type=actyear,,0,MANUAL_ACCESS_REQUIRED,13
RULE-0102,MoEF&CC,02_Rules_and_Regulations,Waste (Management & Transboundry Movement) Rules 2016,,https://www.indiacode.nic.in/handle/123456789/1362/browse?type=actyear,,0,MANUAL_ACCESS_REQUIRED,44
RULE-0103,MoEF&CC,02_Rules_and_Regulations,"Waste (Management & Transboundry Movement) Rules, 2016",,https://www.indiacode.nic.in/handle/123456789/1362/browse?type=actyear,,0,MANUAL_ACCESS_REQUIRED,1
RULE-0104,MoEF&CC,02_Rules_and_Regulations,"Waste (Management & Transboundry Movement) rules, 2016",,https://www.indiacode.nic.in/handle/123456789/1362/browse?type=actyear,,0,MANUAL_ACCESS_REQUIRED,25
RULE-0105,MoEF&CC,02_Rules_and_Regulations,Waste(Management & Transboundry Movement) Rules 2016,,https://www.indiacode.nic.in/handle/123456789/1362/browse?type=actyear,,0,MANUAL_ACCESS_REQUIRED,44
RULE-0106,MoEF&CC,02_Rules_and_Regulations,"Wastes (Management and Transboundary Movement) Rules, 2016",,https://www.indiacode.nic.in/handle/123456789/1362/browse?type=actyear,,0,MANUAL_ACCESS_REQUIRED,10
RULE-0107,MoEF&CC,02_Rules_and_Regulations,"Wastes(Management and Transboundary Movement) rules, 2016",,https://www.indiacode.nic.in/handle/123456789/1362/browse?type=actyear,,0,MANUAL_ACCESS_REQUIRED,1
RULE-0108,BIS,02_Rules_and_Regulations,a licence from the bureau as per the BIS (ca) regulations 2018,,https://www.indiacode.nic.in/handle/123456789/1362/browse?type=actyear,,0,MANUAL_ACCESS_REQUIRED,60
RULE-0109,BIS,02_Rules_and_Regulations,"a licence from the bureau as per the BIS (ca) regulations, 2018",,https://www.indiacode.nic.in/handle/123456789/1362/browse?type=actyear,,0,MANUAL_ACCESS_REQUIRED,30
RULE-0110,CPCB; BIS; MoEF&CC,02_Rules_and_Regulations,amendment rules 2021,,https://www.indiacode.nic.in/handle/123456789/1362/browse?type=actyear,,0,MANUAL_ACCESS_REQUIRED,2
RULE-0111,BIS,02_Rules_and_Regulations,"bis as per Scheme II of Schedule II of BIS (CA) Regulations, 2018",,https://www.indiacode.nic.in/handle/123456789/1362/browse?type=actyear,,0,MANUAL_ACCESS_REQUIRED,1
RULE-0112,BIS,02_Rules_and_Regulations,"bis as per Scheme II of Schedule II of BIS (CA) regulations, 2018",,https://www.indiacode.nic.in/handle/123456789/1362/browse?type=actyear,,0,MANUAL_ACCESS_REQUIRED,1
RULE-0113,BIS,02_Rules_and_Regulations,"bureau as per Scheme I of Schedule II of BIS (CA) Regulations, 2018",,https://www.indiacode.nic.in/handle/123456789/1362/browse?type=actyear,,0,MANUAL_ACCESS_REQUIRED,3
RULE-0114,BIS,02_Rules_and_Regulations,bureau as per Scheme-I of Schedule-II of BIS (CA) Regulations 2018,,https://www.indiacode.nic.in/handle/123456789/1362/browse?type=actyear,,0,MANUAL_ACCESS_REQUIRED,10
RULE-0115,BIS,02_Rules_and_Regulations,"bureau as per scheme i of sched-ii of BIS(ca) regulations, 2018",,https://www.indiacode.nic.in/handle/123456789/1362/browse?type=actyear,,0,MANUAL_ACCESS_REQUIRED,1
RULE-0116,BIS; Legal Metrology (DoCA),02_Rules_and_Regulations,bureau as per scheme-i of schedule-ii ofbis(ca) regulations 2018,,https://www.indiacode.nic.in/handle/123456789/1362/browse?type=actyear,,0,MANUAL_ACCESS_REQUIRED,1
RULE-0117,BIS,02_Rules_and_Regulations,"bureau of indian standard (conformity assessment) regulations, 2018",,https://www.indiacode.nic.in/handle/123456789/1362/browse?type=actyear,,0,MANUAL_ACCESS_REQUIRED,9
RULE-0118,BIS,02_Rules_and_Regulations,"bureau of indian standard (conformity assessment) regulations,2018",,https://www.indiacode.nic.in/handle/123456789/1362/browse?type=actyear,,0,MANUAL_ACCESS_REQUIRED,17
RULE-0119,BIS,02_Rules_and_Regulations,"bureau of indian standard(conformity assessment) regulations, 2018",,https://www.indiacode.nic.in/handle/123456789/1362/browse?type=actyear,,0,MANUAL_ACCESS_REQUIRED,12
RULE-0120,BIS,02_Rules_and_Regulations,"bureau of indian standards (conformity assessment)regulations,2018",,https://www.indiacode.nic.in/handle/123456789/1362/browse?type=actyear,,0,MANUAL_ACCESS_REQUIRED,1
RULE-0121,BIS,02_Rules_and_Regulations,"bureau of indian stds (conformity assessment) regulations,2018",,https://www.indiacode.nic.in/handle/123456789/1362/browse?type=actyear,,0,MANUAL_ACCESS_REQUIRED,1
RULE-0122,Ministry of Shipping,02_Rules_and_Regulations,by the commissioner of customs-refer petroleum rules 2002,,https://www.indiacode.nic.in/handle/123456789/1362/browse?type=actyear,,0,MANUAL_ACCESS_REQUIRED,39
RULE-0123,CBIC (Customs) / Directorate General of Foreign Trade (DGFT),02_Rules_and_Regulations,"c Of Schedule-I Of Environment Protection Rules, 1986",,https://www.indiacode.nic.in/handle/123456789/1362/browse?type=actyear,,0,MANUAL_ACCESS_REQUIRED,8
RULE-0124,CBIC (Customs) / Directorate General of Foreign Trade (DGFT),02_Rules_and_Regulations,"c of schedule-i of environment protection rules, 1986",,https://www.indiacode.nic.in/handle/123456789/1362/browse?type=actyear,,0,MANUAL_ACCESS_REQUIRED,4
RULE-0125,BIS,02_Rules_and_Regulations,"ca) regulations, 2018",,https://www.indiacode.nic.in/handle/123456789/1362/browse?type=actyear,,0,MANUAL_ACCESS_REQUIRED,4
RULE-0126,CBIC (Customs),02_Rules_and_Regulations,calcium carbide rules 1987,,https://www.indiacode.nic.in/handle/123456789/1362/browse?type=actyear,,0,MANUAL_ACCESS_REQUIRED,1
RULE-0127,MoEF&CC,02_Rules_and_Regulations,"control) amendment rules, 2014",,https://www.indiacode.nic.in/handle/123456789/1362/browse?type=actyear,,0,MANUAL_ACCESS_REQUIRED,4
RULE-0128,MoEF&CC,02_Rules_and_Regulations,control) rules 2000,,https://www.indiacode.nic.in/handle/123456789/1362/browse?type=actyear,,0,MANUAL_ACCESS_REQUIRED,110
RULE-0129,DGFT,02_Rules_and_Regulations,"control) rules, 2000",,https://www.indiacode.nic.in/handle/123456789/1362/browse?type=actyear,,0,MANUAL_ACCESS_REQUIRED,1
RULE-0130,CPCB,02_Rules_and_Regulations,e-Waste Management Rules 2022,,https://www.indiacode.nic.in/handle/123456789/1362/browse?type=actyear,,0,MANUAL_ACCESS_REQUIRED,4
RULE-0131,CPCB,02_Rules_and_Regulations,"e-Waste Management Rules, 2022",,https://www.indiacode.nic.in/handle/123456789/1362/browse?type=actyear,,0,MANUAL_ACCESS_REQUIRED,2
RULE-0132,CPCB; BIS; MoEF&CC,02_Rules_and_Regulations,"e-waste (management) rules, 2016",,https://www.indiacode.nic.in/handle/123456789/1362/browse?type=actyear,,0,MANUAL_ACCESS_REQUIRED,2
RULE-0133,CPCB,02_Rules_and_Regulations,"e-waste manegement rules, 2022",,https://www.indiacode.nic.in/handle/123456789/1362/browse?type=actyear,,0,MANUAL_ACCESS_REQUIRED,253
RULE-0134,PQIS (Plant Quarantine),02_Rules_and_Regulations,"food safety standards (fss) (import) regulations, 2017",,https://www.indiacode.nic.in/handle/123456789/1362/browse?type=actyear,,0,MANUAL_ACCESS_REQUIRED,20
RULE-0135,BIS; PESO,02_Rules_and_Regulations,"gas cylinder rules, 2016",,https://www.indiacode.nic.in/handle/123456789/1362/browse?type=actyear,,0,MANUAL_ACCESS_REQUIRED,1
RULE-0136,BIS; PESO,02_Rules_and_Regulations,"gas cylinder rules,2016",,https://www.indiacode.nic.in/handle/123456789/1362/browse?type=actyear,,0,MANUAL_ACCESS_REQUIRED,3
RULE-0137,FSSAI,02_Rules_and_Regulations,"has been provided under reg of FSS (Import) Regulations, 2017",,https://www.indiacode.nic.in/handle/123456789/1362/browse?type=actyear,,0,MANUAL_ACCESS_REQUIRED,1
RULE-0138,CPCB; BIS; MoEF&CC,02_Rules_and_Regulations,"hazardous waste management rules, 2016",,https://www.indiacode.nic.in/handle/123456789/1362/browse?type=actyear,,0,MANUAL_ACCESS_REQUIRED,2
RULE-0139,BIS,02_Rules_and_Regulations,i in Schedule-Ii to the BIS (ca) regulations 2018,,https://www.indiacode.nic.in/handle/123456789/1362/browse?type=actyear,,0,MANUAL_ACCESS_REQUIRED,5
RULE-0140,BIS,02_Rules_and_Regulations,i of Schedule-Ii to BIS (ca) regulations 2018,,https://www.indiacode.nic.in/handle/123456789/1362/browse?type=actyear,,0,MANUAL_ACCESS_REQUIRED,1
RULE-0141,BIS,02_Rules_and_Regulations,"i of Schedule-Ii to BIS (ca) regulations, 2018",,https://www.indiacode.nic.in/handle/123456789/1362/browse?type=actyear,,0,MANUAL_ACCESS_REQUIRED,1
RULE-0142,BIS,02_Rules_and_Regulations,"i of Schedule-Ii to BIS (conformity assessment) regulations, 2018",,https://www.indiacode.nic.in/handle/123456789/1362/browse?type=actyear,,0,MANUAL_ACCESS_REQUIRED,1
RULE-0143,BIS,02_Rules_and_Regulations,i of Schedule-Ii to the BIS (ca) regulations 2018,,https://www.indiacode.nic.in/handle/123456789/1362/browse?type=actyear,,0,MANUAL_ACCESS_REQUIRED,3
RULE-0144,BIS,02_Rules_and_Regulations,"i of Schedule-Ii to the BIS (ca) regulations, 2018",,https://www.indiacode.nic.in/handle/123456789/1362/browse?type=actyear,,0,MANUAL_ACCESS_REQUIRED,467
RULE-0145,BIS,02_Rules_and_Regulations,i of Schedule-Ii to the BIS(ca) regulations 2018,,https://www.indiacode.nic.in/handle/123456789/1362/browse?type=actyear,,0,MANUAL_ACCESS_REQUIRED,3
RULE-0146,BIS,02_Rules_and_Regulations,"i of Schedule-Ii to the BIS(ca) regulations, 2018",,https://www.indiacode.nic.in/handle/123456789/1362/browse?type=actyear,,0,MANUAL_ACCESS_REQUIRED,1
RULE-0147,BIS,02_Rules_and_Regulations,i of Schedule-Ii to the BIS(ca)regulations 2018,,https://www.indiacode.nic.in/handle/123456789/1362/browse?type=actyear,,0,MANUAL_ACCESS_REQUIRED,1
RULE-0148,BIS,02_Rules_and_Regulations,"i of schedule-ii of BIS (conformity assessment) regulations, 2018",,https://www.indiacode.nic.in/handle/123456789/1362/browse?type=actyear,,0,MANUAL_ACCESS_REQUIRED,4
RULE-0149,BIS,02_Rules_and_Regulations,"i of schedule-ii of the bureau of ind stds (ca) regulations, 2018",,https://www.indiacode.nic.in/handle/123456789/1362/browse?type=actyear,,0,MANUAL_ACCESS_REQUIRED,7
RULE-0150,BIS,02_Rules_and_Regulations,"i of schedule-ii of thebis(confrmity assessment)regulations,2018",,https://www.indiacode.nic.in/handle/123456789/1362/browse?type=actyear,,0,MANUAL_ACCESS_REQUIRED,1
RULE-0151,BIS,02_Rules_and_Regulations,"i of scheduleii of the bureau of ind stds (ca) regulations,2018",,https://www.indiacode.nic.in/handle/123456789/1362/browse?type=actyear,,0,MANUAL_ACCESS_REQUIRED,1
RULE-0152,BIS,02_Rules_and_Regulations,ii of the BIS (ca) regulations 2018,,https://www.indiacode.nic.in/handle/123456789/1362/browse?type=actyear,,0,MANUAL_ACCESS_REQUIRED,14
RULE-0153,CPCB; CPCB; BIS; Legal Metrology (DoCA),02_Rules_and_Regulations,"ii of the plastic waste management (amendment) rules, 2022",,https://www.indiacode.nic.in/handle/123456789/1362/browse?type=actyear,,0,MANUAL_ACCESS_REQUIRED,167
RULE-0154,BIS,02_Rules_and_Regulations,ii to the BIS (ca) regulations 2018,,https://www.indiacode.nic.in/handle/123456789/1362/browse?type=actyear,,0,MANUAL_ACCESS_REQUIRED,21
RULE-0155,BIS,02_Rules_and_Regulations,ii to the BIS(ca) regulations 2018,,https://www.indiacode.nic.in/handle/123456789/1362/browse?type=actyear,,0,MANUAL_ACCESS_REQUIRED,6
RULE-0156,BIS,02_Rules_and_Regulations,"in polyvinyl chloride (pvc) pipes and fittings rules, 2021",,https://www.indiacode.nic.in/handle/123456789/1362/browse?type=actyear,,0,MANUAL_ACCESS_REQUIRED,17
RULE-0157,BIS,02_Rules_and_Regulations,in the applicable schedule-ii under the BIS(ca) regulations 2018,,https://www.indiacode.nic.in/handle/123456789/1362/browse?type=actyear,,0,MANUAL_ACCESS_REQUIRED,1
RULE-0158,DoT (TEC),02_Rules_and_Regulations,"indian telegraph (amendment) rules, 2017",,https://www.indiacode.nic.in/handle/123456789/1362/browse?type=actyear,,0,MANUAL_ACCESS_REQUIRED,13
RULE-0159,CBIC (Customs),02_Rules_and_Regulations,integrated declaration and paperless processing) regulations 2018,,https://www.indiacode.nic.in/handle/123456789/1362/browse?type=actyear,,0,MANUAL_ACCESS_REQUIRED,173
RULE-0160,BIS,02_Rules_and_Regulations,iv of Schedule-Ii to the BIS(ca) regulations 2018,,https://www.indiacode.nic.in/handle/123456789/1362/browse?type=actyear,,0,MANUAL_ACCESS_REQUIRED,2
RULE-0161,BIS,02_Rules_and_Regulations,"iv of schedule-ii of BIS (conformity assessment) regulations, 2018",,https://www.indiacode.nic.in/handle/123456789/1362/browse?type=actyear,,0,MANUAL_ACCESS_REQUIRED,2
RULE-0162,BIS,02_Rules_and_Regulations,licence from bureau as per scheme ii of BIS(ca) regulations 2018,,https://www.indiacode.nic.in/handle/123456789/1362/browse?type=actyear,,0,MANUAL_ACCESS_REQUIRED,3
RULE-0163,BIS,02_Rules_and_Regulations,license as per Scheme-I of Schedule-II of BIS(CA) Regulations 2018,,https://www.indiacode.nic.in/handle/123456789/1362/browse?type=actyear,,0,MANUAL_ACCESS_REQUIRED,1
RULE-0164,MoEF&CC,02_Rules_and_Regulations,"management, handling and transboundary movement) rules 2016",,https://www.indiacode.nic.in/handle/123456789/1362/browse?type=actyear,,0,MANUAL_ACCESS_REQUIRED,1
RULE-0165,PESO; DPIIT,02_Rules_and_Regulations,"moci on relaxations provided under gas cylinders rules, 2016",,https://www.indiacode.nic.in/handle/123456789/1362/browse?type=actyear,,0,MANUAL_ACCESS_REQUIRED,3
RULE-0166,PESO; DPIIT,02_Rules_and_Regulations,"moci on relaxations provided under gas cylinders rules,2016",,https://www.indiacode.nic.in/handle/123456789/1362/browse?type=actyear,,0,MANUAL_ACCESS_REQUIRED,1
RULE-0167,PESO,02_Rules_and_Regulations,of AN Rules 2012,,https://www.indiacode.nic.in/handle/123456789/1362/browse?type=actyear,,0,MANUAL_ACCESS_REQUIRED,1
RULE-0168,MoRTH,02_Rules_and_Regulations,"of Central Motor Vehicle Rules, 1989",,https://www.indiacode.nic.in/handle/123456789/1362/browse?type=actyear,,0,MANUAL_ACCESS_REQUIRED,4
RULE-0169,PESO,02_Rules_and_Regulations,of Explosive Rules 2008,,https://www.indiacode.nic.in/handle/123456789/1362/browse?type=actyear,,0,MANUAL_ACCESS_REQUIRED,22
RULE-0170,PESO,02_Rules_and_Regulations,"of Explosive Rules, 2008",,https://www.indiacode.nic.in/handle/123456789/1362/browse?type=actyear,,0,MANUAL_ACCESS_REQUIRED,21
RULE-0171,PESO,02_Rules_and_Regulations,"of Explosives under the Ammonium Nitrate Rules, 2012",,https://www.indiacode.nic.in/handle/123456789/1362/browse?type=actyear,,0,MANUAL_ACCESS_REQUIRED,1
RULE-0172,FSSAI,02_Rules_and_Regulations,"of FSS (Import) Regulations, 2017",,https://www.indiacode.nic.in/handle/123456789/1362/browse?type=actyear,,0,MANUAL_ACCESS_REQUIRED,104
RULE-0173,FSSAI,02_Rules_and_Regulations,"of FSS (Import) regulations, 2017",,https://www.indiacode.nic.in/handle/123456789/1362/browse?type=actyear,,0,MANUAL_ACCESS_REQUIRED,211
RULE-0174,FSSAI,02_Rules_and_Regulations,"of FSS (import) Regulations, 2017",,https://www.indiacode.nic.in/handle/123456789/1362/browse?type=actyear,,0,MANUAL_ACCESS_REQUIRED,5
RULE-0175,FSSAI,02_Rules_and_Regulations,"of FSS (import) regulations, 2017",,https://www.indiacode.nic.in/handle/123456789/1362/browse?type=actyear,,0,MANUAL_ACCESS_REQUIRED,704
RULE-0176,MoEF&CC,02_Rules_and_Regulations,of HWM Rules 2016,,https://www.indiacode.nic.in/handle/123456789/1362/browse?type=actyear,,0,MANUAL_ACCESS_REQUIRED,10
RULE-0177,DGFT; MoHFW,02_Rules_and_Regulations,"of ITC HS schedule, the Import of Cigarette or Any Other Tobacco Product shall be subject to the provisions contained in the Cigarettes and other Tobacco Products (Packaging and Labelling) amendment rules, 2022",,https://www.indiacode.nic.in/handle/123456789/1362/browse?type=actyear,,0,MANUAL_ACCESS_REQUIRED,2
RULE-0178,DGFT; MoHFW,02_Rules_and_Regulations,"of ITC HS schedule, the Import of Cigarette or any Other Tobacco Product shall be subject to the provisions contained in the Cigarettes and other Tobacco Products (Packaging and Labelling) amendment rules, 2022",,https://www.indiacode.nic.in/handle/123456789/1362/browse?type=actyear,,0,MANUAL_ACCESS_REQUIRED,6
RULE-0179,DGFT; MoHFW,02_Rules_and_Regulations,"of ITC HS schedule, the Import of Cigarette or any other Tobacco Product shall be subject to the provisions contained in the Cigarettes and other Tobacco Products (Packaging and Labelling) amendment rules, 2022",,https://www.indiacode.nic.in/handle/123456789/1362/browse?type=actyear,,0,MANUAL_ACCESS_REQUIRED,43
RULE-0180,DGFT; MoHFW,02_Rules_and_Regulations,"of ITC HS schedule, the Import of Cigarette or any other tobacco product shall be subject to the provisions contained in the Cigarettes and other Tobacco Products (Packaging and Labelling) Amendment Rules, 2022",,https://www.indiacode.nic.in/handle/123456789/1362/browse?type=actyear,,0,MANUAL_ACCESS_REQUIRED,1
RULE-0181,DGFT; MoHFW,02_Rules_and_Regulations,"of ITC HS schedule, the import of cigarette or any other tobacco product shall be subject to the provisions contained in the cigarettes and other tobacco products (packaging and labelling) amendment rules, 2022",,https://www.indiacode.nic.in/handle/123456789/1362/browse?type=actyear,,0,MANUAL_ACCESS_REQUIRED,9
RULE-0182,BIS,02_Rules_and_Regulations,of Indian Standards (Conformity Assessment) Regulations 2018,,https://www.indiacode.nic.in/handle/123456789/1362/browse?type=actyear,,0,MANUAL_ACCESS_REQUIRED,2
RULE-0183,BIS,02_Rules_and_Regulations,"of Indian Standards (Conformity Assessment) Regulations, 2018",,https://www.indiacode.nic.in/handle/123456789/1362/browse?type=actyear,,0,MANUAL_ACCESS_REQUIRED,61
RULE-0184,BIS,02_Rules_and_Regulations,"of Indian standards (Conformity Assessment) Regulations, 2018",,https://www.indiacode.nic.in/handle/123456789/1362/browse?type=actyear,,0,MANUAL_ACCESS_REQUIRED,5
RULE-0185,DGFT,02_Rules_and_Regulations,of Insecticides Rules 1971,,https://www.indiacode.nic.in/handle/123456789/1362/browse?type=actyear,,0,MANUAL_ACCESS_REQUIRED,1
RULE-0186,DGFT,02_Rules_and_Regulations,"of Insecticides Rules, 1971",,https://www.indiacode.nic.in/handle/123456789/1362/browse?type=actyear,,0,MANUAL_ACCESS_REQUIRED,1
RULE-0187,CIB&RC; DGFT; DGFT,02_Rules_and_Regulations,"of Insecticides Rules,1971",,https://www.indiacode.nic.in/handle/123456789/1362/browse?type=actyear,,0,MANUAL_ACCESS_REQUIRED,32
RULE-0188,Legal Metrology (DoCA),02_Rules_and_Regulations,"of LM(General) Rules, 2011",,https://www.indiacode.nic.in/handle/123456789/1362/browse?type=actyear,,0,MANUAL_ACCESS_REQUIRED,1
RULE-0189,PESO,02_Rules_and_Regulations,"of Licence granted under Ammonium Nitrate (AN) Rules, 2012",,https://www.indiacode.nic.in/handle/123456789/1362/browse?type=actyear,,0,MANUAL_ACCESS_REQUIRED,1
RULE-0190,CPCB,02_Rules_and_Regulations,of PWM(Amend) Rules 2022,,https://www.indiacode.nic.in/handle/123456789/1362/browse?type=actyear,,0,MANUAL_ACCESS_REQUIRED,5
RULE-0191,BIS,02_Rules_and_Regulations,"of Project Import Regulations, 1986",,https://www.indiacode.nic.in/handle/123456789/1362/browse?type=actyear,,0,MANUAL_ACCESS_REQUIRED,8
RULE-0192,DGFT,02_Rules_and_Regulations,"of SEZ Rules, 2006",,https://www.indiacode.nic.in/handle/123456789/1362/browse?type=actyear,,0,MANUAL_ACCESS_REQUIRED,5
RULE-0193,CPCB,02_Rules_and_Regulations,of Schd-II of PWM(Amend) Rules 2022,,https://www.indiacode.nic.in/handle/123456789/1362/browse?type=actyear,,0,MANUAL_ACCESS_REQUIRED,5
RULE-0194,BIS; Ministry of Mines; BIS,02_Rules_and_Regulations,"of Schedule II of the BIS (CA) Regulations, 2018",,https://www.indiacode.nic.in/handle/123456789/1362/browse?type=actyear,,0,MANUAL_ACCESS_REQUIRED,7
RULE-0195,BIS,02_Rules_and_Regulations,"of Schedule II of the BIS (Conformity Assessment) Regulations, 2018",,https://www.indiacode.nic.in/handle/123456789/1362/browse?type=actyear,,0,MANUAL_ACCESS_REQUIRED,2
RULE-0196,BIS,02_Rules_and_Regulations,"of Schedule II to the BIS (CA) Regulations, 2018",,https://www.indiacode.nic.in/handle/123456789/1362/browse?type=actyear,,0,MANUAL_ACCESS_REQUIRED,47
RULE-0197,BIS,02_Rules_and_Regulations,of Schedule II to the BIS(CA) Regulations 2018,,https://www.indiacode.nic.in/handle/123456789/1362/browse?type=actyear,,0,MANUAL_ACCESS_REQUIRED,2
RULE-0198,BIS,02_Rules_and_Regulations,of Schedule-II Of the BIS(Conformity Assessment) Regulations 2018,,https://www.indiacode.nic.in/handle/123456789/1362/browse?type=actyear,,0,MANUAL_ACCESS_REQUIRED,1
RULE-0199,BIS,02_Rules_and_Regulations,of Schedule-II of BIS (CA) Regulations 2018,,https://www.indiacode.nic.in/handle/123456789/1362/browse?type=actyear,,0,MANUAL_ACCESS_REQUIRED,28
RULE-0200,BIS,02_Rules_and_Regulations,"of Schedule-II of the BIS (Conformity Assessment) Regulations, 2018",,https://www.indiacode.nic.in/handle/123456789/1362/browse?type=actyear,,0,MANUAL_ACCESS_REQUIRED,1
RULE-0201,BIS,02_Rules_and_Regulations,of Schedule-II of the BIS(CA) REGULATIONS 2018,,https://www.indiacode.nic.in/handle/123456789/1362/browse?type=actyear,,0,MANUAL_ACCESS_REQUIRED,1
RULE-0202,BIS,02_Rules_and_Regulations,"of Schedule-II of the BIS(Conformity Assessment) Regulations, 2018",,https://www.indiacode.nic.in/handle/123456789/1362/browse?type=actyear,,0,MANUAL_ACCESS_REQUIRED,1
RULE-0203,BIS,02_Rules_and_Regulations,of Schedule-II to the BIS(CA)Regulations 2018,,https://www.indiacode.nic.in/handle/123456789/1362/browse?type=actyear,,0,MANUAL_ACCESS_REQUIRED,6
RULE-0204,BIS,02_Rules_and_Regulations,"of Schedule-Ii to the BIS (conformity assessment) regulations, 2018",,https://www.indiacode.nic.in/handle/123456789/1362/browse?type=actyear,,0,MANUAL_ACCESS_REQUIRED,5
RULE-0205,CBIC (Customs) / Directorate General of Foreign Trade (DGFT),02_Rules_and_Regulations,"of amendments made in the pwm(second amendment) rules, 2023",,https://www.indiacode.nic.in/handle/123456789/1362/browse?type=actyear,,0,MANUAL_ACCESS_REQUIRED,1
RULE-0206,CPCB,02_Rules_and_Regulations,of battery waste management (amendment) rules 2023,,https://www.indiacode.nic.in/handle/123456789/1362/browse?type=actyear,,0,MANUAL_ACCESS_REQUIRED,1
RULE-0207,CPCB,02_Rules_and_Regulations,"of battery waste management (amendment) rules, 2023",,https://www.indiacode.nic.in/handle/123456789/1362/browse?type=actyear,,0,MANUAL_ACCESS_REQUIRED,12
RULE-0208,BIS; PESO,02_Rules_and_Regulations,"of gas cylinder rules, 2016",,https://www.indiacode.nic.in/handle/123456789/1362/browse?type=actyear,,0,MANUAL_ACCESS_REQUIRED,10
RULE-0209,BIS,02_Rules_and_Regulations,of indian standards (conformity assessment) regulations 2018,,https://www.indiacode.nic.in/handle/123456789/1362/browse?type=actyear,,0,MANUAL_ACCESS_REQUIRED,6
RULE-0210,BIS; BIS; CBIC (Customs); BIS; Legal Metrology (DoCA); CPCB; BIS; MoEF&CC,02_Rules_and_Regulations,"of indian standards (conformity assessment) regulations, 2018",,https://www.indiacode.nic.in/handle/123456789/1362/browse?type=actyear,,0,MANUAL_ACCESS_REQUIRED,310
RULE-0211,BIS,02_Rules_and_Regulations,"of indian standards (conformity assessment) regulations,2018",,https://www.indiacode.nic.in/handle/123456789/1362/browse?type=actyear,,0,MANUAL_ACCESS_REQUIRED,9
RULE-0212,CIB&RC; DGFT,02_Rules_and_Regulations,"of insecticides rules, 1971",,https://www.indiacode.nic.in/handle/123456789/1362/browse?type=actyear,,0,MANUAL_ACCESS_REQUIRED,157
RULE-0213,CIB&RC; DGFT; DGFT,02_Rules_and_Regulations,"of insecticides rules,1971",,https://www.indiacode.nic.in/handle/123456789/1362/browse?type=actyear,,0,MANUAL_ACCESS_REQUIRED,866
RULE-0214,BIS; Legal Metrology (DoCA); Legal Metrology (DoCA),02_Rules_and_Regulations,"of lm(general) rules, 2011",,https://www.indiacode.nic.in/handle/123456789/1362/browse?type=actyear,,0,MANUAL_ACCESS_REQUIRED,34
RULE-0215,CDSCO,02_Rules_and_Regulations,"of medical devices under the medical device rules, 2017",,https://www.indiacode.nic.in/handle/123456789/1362/browse?type=actyear,,0,MANUAL_ACCESS_REQUIRED,4
RULE-0216,Ministry of Shipping,02_Rules_and_Regulations,of petroleum rules 2002,,https://www.indiacode.nic.in/handle/123456789/1362/browse?type=actyear,,0,MANUAL_ACCESS_REQUIRED,1
RULE-0217,CBIC (Customs) / Directorate General of Foreign Trade (DGFT),02_Rules_and_Regulations,"of petroleum rules, 2002",,https://www.indiacode.nic.in/handle/123456789/1362/browse?type=actyear,,0,MANUAL_ACCESS_REQUIRED,62
RULE-0218,BIS,02_Rules_and_Regulations,of schedule ii of BIS (ca) regulations 2018,,https://www.indiacode.nic.in/handle/123456789/1362/browse?type=actyear,,0,MANUAL_ACCESS_REQUIRED,11
RULE-0219,BIS,02_Rules_and_Regulations,of schedule ii of BIS(ca)regulations 2018,,https://www.indiacode.nic.in/handle/123456789/1362/browse?type=actyear,,0,MANUAL_ACCESS_REQUIRED,15
RULE-0220,BIS,02_Rules_and_Regulations,of schedule ii of the BIS (ca) regulations 2018,,https://www.indiacode.nic.in/handle/123456789/1362/browse?type=actyear,,0,MANUAL_ACCESS_REQUIRED,2
RULE-0221,BIS,02_Rules_and_Regulations,"of schedule ii to the BIS (conformity assessment) regulations, 2018",,https://www.indiacode.nic.in/handle/123456789/1362/browse?type=actyear,,0,MANUAL_ACCESS_REQUIRED,2
RULE-0222,CBIC (Customs) / Directorate General of Foreign Trade (DGFT),02_Rules_and_Regulations,"of schedule-i of environment protection rules, 1986",,https://www.indiacode.nic.in/handle/123456789/1362/browse?type=actyear,,0,MANUAL_ACCESS_REQUIRED,2
RULE-0223,BIS,02_Rules_and_Regulations,"of schedule-ii to the BIS (conformity assessment) regulations, 2018",,https://www.indiacode.nic.in/handle/123456789/1362/browse?type=actyear,,0,MANUAL_ACCESS_REQUIRED,13
RULE-0224,BIS,02_Rules_and_Regulations,of schedule-ii tobis(ca) regulations 2018,,https://www.indiacode.nic.in/handle/123456789/1362/browse?type=actyear,,0,MANUAL_ACCESS_REQUIRED,1
RULE-0225,BIS,02_Rules_and_Regulations,"of scheduleii of the BIS (conformity assessment) regulations,2018",,https://www.indiacode.nic.in/handle/123456789/1362/browse?type=actyear,,0,MANUAL_ACCESS_REQUIRED,3
RULE-0226,BIS,02_Rules_and_Regulations,"of scheduleii of the bureau of ind stds (ca) regulations, 2018",,https://www.indiacode.nic.in/handle/123456789/1362/browse?type=actyear,,0,MANUAL_ACCESS_REQUIRED,1
RULE-0227,DGFT; MoEF&CC,02_Rules_and_Regulations,of the Ozone Depleting Substances(ODS) Rules 2000,,https://www.indiacode.nic.in/handle/123456789/1362/browse?type=actyear,,0,MANUAL_ACCESS_REQUIRED,8
RULE-0228,DGFT; MoEF&CC,02_Rules_and_Regulations,"of the Ozone Depleting Substances(ODS) Rules, 2000",,https://www.indiacode.nic.in/handle/123456789/1362/browse?type=actyear,,0,MANUAL_ACCESS_REQUIRED,3
RULE-0229,CPCB,02_Rules_and_Regulations,"of the Plastic Waste Management (Amendment) Rules, 2022",,https://www.indiacode.nic.in/handle/123456789/1362/browse?type=actyear,,0,MANUAL_ACCESS_REQUIRED,2
RULE-0230,DGFT,02_Rules_and_Regulations,"of the Special Economic Zones (SEZ) Rules, 2006",,https://www.indiacode.nic.in/handle/123456789/1362/browse?type=actyear,,0,MANUAL_ACCESS_REQUIRED,39
RULE-0231,DGFT; MoEF&CC,02_Rules_and_Regulations,"of the ods rules, 2000",,https://www.indiacode.nic.in/handle/123456789/1362/browse?type=actyear,,0,MANUAL_ACCESS_REQUIRED,6
RULE-0232,DGFT; MoEF&CC,02_Rules_and_Regulations,"of the ozone depleting substances(ods) rules, 2000",,https://www.indiacode.nic.in/handle/123456789/1362/browse?type=actyear,,0,MANUAL_ACCESS_REQUIRED,23
RULE-0233,CPCB,02_Rules_and_Regulations,"of the plastic waste management (Amendment) rules, 2022",,https://www.indiacode.nic.in/handle/123456789/1362/browse?type=actyear,,0,MANUAL_ACCESS_REQUIRED,6
RULE-0234,CPCB,02_Rules_and_Regulations,"of the plastic waste management (amendment) rules, 2022",,https://www.indiacode.nic.in/handle/123456789/1362/browse?type=actyear,,0,MANUAL_ACCESS_REQUIRED,145
RULE-0235,CPCB,02_Rules_and_Regulations,"of the pwm (amendment) rules, 2022",,https://www.indiacode.nic.in/handle/123456789/1362/browse?type=actyear,,0,MANUAL_ACCESS_REQUIRED,1
RULE-0236,PESO; Ministry of Commerce; DPIIT,02_Rules_and_Regulations,"on relaxations provided under gas cylinders rules, 2016",,https://www.indiacode.nic.in/handle/123456789/1362/browse?type=actyear,,0,MANUAL_ACCESS_REQUIRED,34
RULE-0237,FSSAI,02_Rules_and_Regulations,"per the requirement of FSS (Labeling And Display) Regulations, 2020",,https://www.indiacode.nic.in/handle/123456789/1362/browse?type=actyear,,0,MANUAL_ACCESS_REQUIRED,4
RULE-0238,FSSAI,02_Rules_and_Regulations,"per the requirement of FSS (Labeling and Display) Regulations, 2020",,https://www.indiacode.nic.in/handle/123456789/1362/browse?type=actyear,,0,MANUAL_ACCESS_REQUIRED,28
RULE-0239,FSSAI,02_Rules_and_Regulations,"per the requirement of FSS (Labeling and Display) regulations, 2020",,https://www.indiacode.nic.in/handle/123456789/1362/browse?type=actyear,,0,MANUAL_ACCESS_REQUIRED,251
RULE-0240,FSSAI,02_Rules_and_Regulations,"per the requirement of FSS (labeling and Display) Regulations, 2020",,https://www.indiacode.nic.in/handle/123456789/1362/browse?type=actyear,,0,MANUAL_ACCESS_REQUIRED,2
RULE-0241,FSSAI,02_Rules_and_Regulations,"per the requirement of FSS (labeling and display) Regulations, 2020",,https://www.indiacode.nic.in/handle/123456789/1362/browse?type=actyear,,0,MANUAL_ACCESS_REQUIRED,14
RULE-0242,FSSAI,02_Rules_and_Regulations,"per the requirement of FSS (labeling and display) regulations, 2020",,https://www.indiacode.nic.in/handle/123456789/1362/browse?type=actyear,,0,MANUAL_ACCESS_REQUIRED,726
RULE-0243,Ministry of Shipping,02_Rules_and_Regulations,petroleum rules 2002,,https://www.indiacode.nic.in/handle/123456789/1362/browse?type=actyear,,0,MANUAL_ACCESS_REQUIRED,22
RULE-0244,MoEF&CC,02_Rules_and_Regulations,"plastic waste management (Amendment) rules, 2022",,https://www.indiacode.nic.in/handle/123456789/1362/browse?type=actyear,,0,MANUAL_ACCESS_REQUIRED,6
RULE-0245,CPCB; MoEF&CC,02_Rules_and_Regulations,"plastic waste management (Second Amendment) rules, 2023",,https://www.indiacode.nic.in/handle/123456789/1362/browse?type=actyear,,0,MANUAL_ACCESS_REQUIRED,8
RULE-0246,MoEF&CC,02_Rules_and_Regulations,"plastic waste management (amendment) rules, 2022",,https://www.indiacode.nic.in/handle/123456789/1362/browse?type=actyear,,0,MANUAL_ACCESS_REQUIRED,144
RULE-0247,CPCB; MoEF&CC,02_Rules_and_Regulations,"plastic waste management (second amendment) rules, 2023",,https://www.indiacode.nic.in/handle/123456789/1362/browse?type=actyear,,0,MANUAL_ACCESS_REQUIRED,178
RULE-0248,DGFT; MoHFW,02_Rules_and_Regulations,"products (packaging and labelling) amendment rules, 2022",,https://www.indiacode.nic.in/handle/123456789/1362/browse?type=actyear,,0,MANUAL_ACCESS_REQUIRED,9
RULE-0249,CPCB; BIS; MoEF&CC,02_Rules_and_Regulations,"provisions of the plastic waste management rules, 2016",,https://www.indiacode.nic.in/handle/123456789/1362/browse?type=actyear,,0,MANUAL_ACCESS_REQUIRED,2
RULE-0250,Narcotics Commissioner (CBN),02_Rules_and_Regulations,"purposes as per Chapter VII-A of the NDPS Rules, 1985",,https://www.indiacode.nic.in/handle/123456789/1362/browse?type=actyear,,0,MANUAL_ACCESS_REQUIRED,24
RULE-0251,Narcotics Commissioner (CBN),02_Rules_and_Regulations,"purposes as per chapter vii-a of the NDPS Rules, 1985",,https://www.indiacode.nic.in/handle/123456789/1362/browse?type=actyear,,0,MANUAL_ACCESS_REQUIRED,2
RULE-0252,Narcotics Commissioner (CBN); Narcotics Commissioner (CBN); DGFT,02_Rules_and_Regulations,"purposes as per chapter vii-a of the NDPS rules, 1985",,https://www.indiacode.nic.in/handle/123456789/1362/browse?type=actyear,,0,MANUAL_ACCESS_REQUIRED,809
RULE-0253,Narcotics Commissioner (CBN),02_Rules_and_Regulations,"purposes as per chapter vii-a of the NDPS rules,1985",,https://www.indiacode.nic.in/handle/123456789/1362/browse?type=actyear,,0,MANUAL_ACCESS_REQUIRED,1
RULE-0254,MoEF&CC,02_Rules_and_Regulations,"pwm (amendment) rules, 2022",,https://www.indiacode.nic.in/handle/123456789/1362/browse?type=actyear,,0,MANUAL_ACCESS_REQUIRED,2
RULE-0255,MoEF&CC,02_Rules_and_Regulations,"read with PLI Rules, 1991",,https://www.indiacode.nic.in/handle/123456789/1362/browse?type=actyear,,0,MANUAL_ACCESS_REQUIRED,1
RULE-0256,CBIC (Customs),02_Rules_and_Regulations,"read with denaturing of spirit rules,1972",,https://www.indiacode.nic.in/handle/123456789/1362/browse?type=actyear,,0,MANUAL_ACCESS_REQUIRED,1
RULE-0257,DoT (TEC),02_Rules_and_Regulations,ref indian telegraph (amendment) rules 2017,,https://www.indiacode.nic.in/handle/123456789/1362/browse?type=actyear,,0,MANUAL_ACCESS_REQUIRED,1
RULE-0258,DoT (TEC),02_Rules_and_Regulations,"ref indian telegraph (amendment) rules, 2017",,https://www.indiacode.nic.in/handle/123456789/1362/browse?type=actyear,,0,MANUAL_ACCESS_REQUIRED,5
RULE-0259,BIS,02_Rules_and_Regulations,"schedule ii of the BIS (ca) regulations, 2018",,https://www.indiacode.nic.in/handle/123456789/1362/browse?type=actyear,,0,MANUAL_ACCESS_REQUIRED,10
RULE-0260,BIS,02_Rules_and_Regulations,scheme i of schedule ii of the BIS (ca) regulations 2018,,https://www.indiacode.nic.in/handle/123456789/1362/browse?type=actyear,,0,MANUAL_ACCESS_REQUIRED,44
RULE-0261,BIS,02_Rules_and_Regulations,"scheme i of schedule ii of the BIS (ca) regulations, 2018",,https://www.indiacode.nic.in/handle/123456789/1362/browse?type=actyear,,0,MANUAL_ACCESS_REQUIRED,16
RULE-0262,BIS,02_Rules_and_Regulations,scheme i of schedule ii of thebis (ca) regulations 2018,,https://www.indiacode.nic.in/handle/123456789/1362/browse?type=actyear,,0,MANUAL_ACCESS_REQUIRED,3
RULE-0263,BIS,02_Rules_and_Regulations,scheme i of schedule ii to the BIS (ca) regulations 2018,,https://www.indiacode.nic.in/handle/123456789/1362/browse?type=actyear,,0,MANUAL_ACCESS_REQUIRED,7
RULE-0264,BIS,02_Rules_and_Regulations,"scheme ii of BIS conformity assessment regulations, 2018",,https://www.indiacode.nic.in/handle/123456789/1362/browse?type=actyear,,0,MANUAL_ACCESS_REQUIRED,6
RULE-0265,BIS,02_Rules_and_Regulations,scheme-I of schedule-II of the BIS (CA) Regulations 2018,,https://www.indiacode.nic.in/handle/123456789/1362/browse?type=actyear,,0,MANUAL_ACCESS_REQUIRED,6
RULE-0266,BIS; Legal Metrology (DoCA),02_Rules_and_Regulations,"scheme-i of schedule-ii of the BIS (CA) regulations, 2018",,https://www.indiacode.nic.in/handle/123456789/1362/browse?type=actyear,,0,MANUAL_ACCESS_REQUIRED,1
RULE-0267,Narcotics Commissioner (CBN),02_Rules_and_Regulations,"scientific purposes as per CH vii-a of the NDPS rules, 1985",,https://www.indiacode.nic.in/handle/123456789/1362/browse?type=actyear,,0,MANUAL_ACCESS_REQUIRED,1
RULE-0268,Narcotics Commissioner (CBN); Narcotics Commissioner (CBN); DGFT; Narcotics Commissioner (CBN); NACWC; DGFT; Ministry of External Affairs; Dept of Chemicals & Petrochemicals,02_Rules_and_Regulations,scientific use (NDPS rules 1985,,https://www.indiacode.nic.in/handle/123456789/1362/browse?type=actyear,,0,MANUAL_ACCESS_REQUIRED,34
RULE-0269,BIS,02_Rules_and_Regulations,thebis (ca) regulations 2018,,https://www.indiacode.nic.in/handle/123456789/1362/browse?type=actyear,,0,MANUAL_ACCESS_REQUIRED,3
RULE-0270,BIS,02_Rules_and_Regulations,to the BIS(CA) Regulations 2018,,https://www.indiacode.nic.in/handle/123456789/1362/browse?type=actyear,,0,MANUAL_ACCESS_REQUIRED,7
RULE-0271,BIS,02_Rules_and_Regulations,to the BIS(ca) regulations 2018,,https://www.indiacode.nic.in/handle/123456789/1362/browse?type=actyear,,0,MANUAL_ACCESS_REQUIRED,24
RULE-0272,CPCB; MoEF&CC,02_Rules_and_Regulations,transboundary movement) second amendment rules 2023,,https://www.indiacode.nic.in/handle/123456789/1362/browse?type=actyear,,0,MANUAL_ACCESS_REQUIRED,3
RULE-0273,MoEF&CC,02_Rules_and_Regulations,"waste (Management & Transboundry Movement) rules, 2016",,https://www.indiacode.nic.in/handle/123456789/1362/browse?type=actyear,,0,MANUAL_ACCESS_REQUIRED,2
RULE-0274,MoEF&CC,02_Rules_and_Regulations,"waste (Management & Transboundry movement) rules, 2016",,https://www.indiacode.nic.in/handle/123456789/1362/browse?type=actyear,,0,MANUAL_ACCESS_REQUIRED,1
RULE-0275,MoEF&CC,02_Rules_and_Regulations,waste (management & transboundry movement) rules 2016,,https://www.indiacode.nic.in/handle/123456789/1362/browse?type=actyear,,0,MANUAL_ACCESS_REQUIRED,1
RULE-0276,BIS; MoEF&CC; MoEF&CC,02_Rules_and_Regulations,"waste (management & transboundry movement) rules, 2016",,https://www.indiacode.nic.in/handle/123456789/1362/browse?type=actyear,,0,MANUAL_ACCESS_REQUIRED,113
RULE-0277,MoEF&CC,02_Rules_and_Regulations,waste (management&transboundry movement) rules 2016,,https://www.indiacode.nic.in/handle/123456789/1362/browse?type=actyear,,0,MANUAL_ACCESS_REQUIRED,4
RULE-0278,BIS,02_Rules_and_Regulations,with Scheme I of Schedule II to the BIS(CA) Regulations 2018,,https://www.indiacode.nic.in/handle/123456789/1362/browse?type=actyear,,0,MANUAL_ACCESS_REQUIRED,12
RULE-0279,BIS,02_Rules_and_Regulations,"with scheme i of schedule ii of the BIS(CA) regulations, 2018",,https://www.indiacode.nic.in/handle/123456789/1362/browse?type=actyear,,0,MANUAL_ACCESS_REQUIRED,1
RULE-0280,BIS,02_Rules_and_Regulations,with scheme i of schedule ii to the BIS(ca) regulations 2018,,https://www.indiacode.nic.in/handle/123456789/1362/browse?type=actyear,,0,MANUAL_ACCESS_REQUIRED,24
RULE-0281,BIS,02_Rules_and_Regulations,"with scheme-i of schedule-ii to the BIS (ca) regulations, 2018",,https://www.indiacode.nic.in/handle/123456789/1362/browse?type=actyear,,0,MANUAL_ACCESS_REQUIRED,1
RULE-0282,BIS,02_Rules_and_Regulations,x in Schedule-Ii to the BIS(ca) regulations 2018,,https://www.indiacode.nic.in/handle/123456789/1362/browse?type=actyear,,0,MANUAL_ACCESS_REQUIRED,5
BIS-QCO-0001,BIS,08_BIS_Quality_Control_Orders,s.o.03(e),,https://dpiit.gov.in/quality-control-orders,,0,MANUAL_ACCESS_REQUIRED,3
BIS-QCO-0002,BIS,08_BIS_Quality_Control_Orders,s.o.1018(e),,https://dpiit.gov.in/quality-control-orders,,0,MANUAL_ACCESS_REQUIRED,9
BIS-QCO-0003,BIS,08_BIS_Quality_Control_Orders,S.O.1045(E),,https://dpiit.gov.in/quality-control-orders,,0,MANUAL_ACCESS_REQUIRED,8
BIS-QCO-0004,BIS,08_BIS_Quality_Control_Orders,S.O.1071(E),,https://dpiit.gov.in/quality-control-orders,,0,MANUAL_ACCESS_REQUIRED,20
BIS-QCO-0005,BIS,08_BIS_Quality_Control_Orders,S.O.1072(E),,https://dpiit.gov.in/quality-control-orders,,0,MANUAL_ACCESS_REQUIRED,4
BIS-QCO-0006,BIS; CBIC (Customs) / Directorate General of Foreign Trade (DGFT),08_BIS_Quality_Control_Orders,S.O.1125(E),,https://dpiit.gov.in/quality-control-orders,,0,MANUAL_ACCESS_REQUIRED,43
BIS-QCO-0007,BIS,08_BIS_Quality_Control_Orders,s.o.1128(e),,https://dpiit.gov.in/quality-control-orders,,0,MANUAL_ACCESS_REQUIRED,4
BIS-QCO-0008,DGFT,08_BIS_Quality_Control_Orders,S.O.1129 (E),,https://dpiit.gov.in/quality-control-orders,,0,MANUAL_ACCESS_REQUIRED,4
BIS-QCO-0009,BIS,08_BIS_Quality_Control_Orders,s.o.1142(e),,https://dpiit.gov.in/quality-control-orders,,0,MANUAL_ACCESS_REQUIRED,10
BIS-QCO-0010,BIS,08_BIS_Quality_Control_Orders,s.o.1152(e),,https://dpiit.gov.in/quality-control-orders,,0,MANUAL_ACCESS_REQUIRED,7
BIS-QCO-0011,BIS,08_BIS_Quality_Control_Orders,s.o.1153(e),,https://dpiit.gov.in/quality-control-orders,,0,MANUAL_ACCESS_REQUIRED,5
BIS-QCO-0012,MoHFW,08_BIS_Quality_Control_Orders,S.O. 1158(e),,https://dpiit.gov.in/quality-control-orders,,0,MANUAL_ACCESS_REQUIRED,14
BIS-QCO-0013,BIS,08_BIS_Quality_Control_Orders,so 116(e),,https://dpiit.gov.in/quality-control-orders,,0,MANUAL_ACCESS_REQUIRED,4
BIS-QCO-0014,BIS,08_BIS_Quality_Control_Orders,S.O.1203(E),,https://dpiit.gov.in/quality-control-orders,,0,MANUAL_ACCESS_REQUIRED,5
BIS-QCO-0015,BIS,08_BIS_Quality_Control_Orders,s.o.1205,,https://dpiit.gov.in/quality-control-orders,,0,MANUAL_ACCESS_REQUIRED,10
BIS-QCO-0016,BIS,08_BIS_Quality_Control_Orders,s.o.1205(e),,https://dpiit.gov.in/quality-control-orders,,0,MANUAL_ACCESS_REQUIRED,10
BIS-QCO-0017,DGFT,08_BIS_Quality_Control_Orders,s.o.1207(e),,https://dpiit.gov.in/quality-control-orders,,0,MANUAL_ACCESS_REQUIRED,3
BIS-QCO-0018,BIS,08_BIS_Quality_Control_Orders,So 1221(E),,https://dpiit.gov.in/quality-control-orders,,0,MANUAL_ACCESS_REQUIRED,4
BIS-QCO-0019,BIS,08_BIS_Quality_Control_Orders,S.O. 1239(e),,https://dpiit.gov.in/quality-control-orders,,0,MANUAL_ACCESS_REQUIRED,6
BIS-QCO-0020,BIS; BIS; DoT (WPC Wing); DGFT,08_BIS_Quality_Control_Orders,S.O.1248(E),,https://dpiit.gov.in/quality-control-orders,,0,MANUAL_ACCESS_REQUIRED,209
BIS-QCO-0021,BIS,08_BIS_Quality_Control_Orders,s.o.1307(e),,https://dpiit.gov.in/quality-control-orders,,0,MANUAL_ACCESS_REQUIRED,40
BIS-QCO-0022,BIS,08_BIS_Quality_Control_Orders,S.O.1319(E),,https://dpiit.gov.in/quality-control-orders,,0,MANUAL_ACCESS_REQUIRED,47
BIS-QCO-0023,BIS,08_BIS_Quality_Control_Orders,S.O.1353(E),,https://dpiit.gov.in/quality-control-orders,,0,MANUAL_ACCESS_REQUIRED,2
BIS-QCO-0024,BIS,08_BIS_Quality_Control_Orders,S.O.1368(E),,https://dpiit.gov.in/quality-control-orders,,0,MANUAL_ACCESS_REQUIRED,7
BIS-QCO-0025,BIS,08_BIS_Quality_Control_Orders,s.o.1377 (e),,https://dpiit.gov.in/quality-control-orders,,0,MANUAL_ACCESS_REQUIRED,43
BIS-QCO-0026,BIS,08_BIS_Quality_Control_Orders,s.o.1377(e),,https://dpiit.gov.in/quality-control-orders,,0,MANUAL_ACCESS_REQUIRED,9
BIS-QCO-0027,DGFT; Dept of Fertilizers,08_BIS_Quality_Control_Orders,s.o.1389 (e),,https://dpiit.gov.in/quality-control-orders,,0,MANUAL_ACCESS_REQUIRED,4
BIS-QCO-0028,BIS,08_BIS_Quality_Control_Orders,S.O.1403(E),,https://dpiit.gov.in/quality-control-orders,,0,MANUAL_ACCESS_REQUIRED,5
BIS-QCO-0029,BIS,08_BIS_Quality_Control_Orders,s.o.1421(e),,https://dpiit.gov.in/quality-control-orders,,0,MANUAL_ACCESS_REQUIRED,57
BIS-QCO-0030,BIS,08_BIS_Quality_Control_Orders,S.O. 1422(e),,https://dpiit.gov.in/quality-control-orders,,0,MANUAL_ACCESS_REQUIRED,17
BIS-QCO-0031,BIS,08_BIS_Quality_Control_Orders,SO1431(E),,https://dpiit.gov.in/quality-control-orders,,0,MANUAL_ACCESS_REQUIRED,8
BIS-QCO-0032,BIS; DGFT,08_BIS_Quality_Control_Orders,S.O. 1459(e),,https://dpiit.gov.in/quality-control-orders,,0,MANUAL_ACCESS_REQUIRED,2
BIS-QCO-0033,BIS,08_BIS_Quality_Control_Orders,SO15480,,https://dpiit.gov.in/quality-control-orders,,0,MANUAL_ACCESS_REQUIRED,7
BIS-QCO-0034,BIS,08_BIS_Quality_Control_Orders,SO15481,,https://dpiit.gov.in/quality-control-orders,,0,MANUAL_ACCESS_REQUIRED,7
BIS-QCO-0035,BIS,08_BIS_Quality_Control_Orders,SO15482,,https://dpiit.gov.in/quality-control-orders,,0,MANUAL_ACCESS_REQUIRED,7
BIS-QCO-0036,BIS,08_BIS_Quality_Control_Orders,SO15483,,https://dpiit.gov.in/quality-control-orders,,0,MANUAL_ACCESS_REQUIRED,7
BIS-QCO-0037,BIS,08_BIS_Quality_Control_Orders,so 1579(e),,https://dpiit.gov.in/quality-control-orders,,0,MANUAL_ACCESS_REQUIRED,20
BIS-QCO-0038,BIS,08_BIS_Quality_Control_Orders,s.o.1626(e),,https://dpiit.gov.in/quality-control-orders,,0,MANUAL_ACCESS_REQUIRED,5
BIS-QCO-0039,DGFT,08_BIS_Quality_Control_Orders,S.O. 1634(e),,https://dpiit.gov.in/quality-control-orders,,0,MANUAL_ACCESS_REQUIRED,1
BIS-QCO-0040,BIS,08_BIS_Quality_Control_Orders,so 1637(e),,https://dpiit.gov.in/quality-control-orders,,0,MANUAL_ACCESS_REQUIRED,1
BIS-QCO-0041,BIS,08_BIS_Quality_Control_Orders,S.O. 1648(E),,https://dpiit.gov.in/quality-control-orders,,0,MANUAL_ACCESS_REQUIRED,1
BIS-QCO-0042,BIS,08_BIS_Quality_Control_Orders,s.o.1652(e),,https://dpiit.gov.in/quality-control-orders,,0,MANUAL_ACCESS_REQUIRED,6
BIS-QCO-0043,BIS,08_BIS_Quality_Control_Orders,so 1654(e),,https://dpiit.gov.in/quality-control-orders,,0,MANUAL_ACCESS_REQUIRED,1
BIS-QCO-0044,BIS,08_BIS_Quality_Control_Orders,S.O.1655(E),,https://dpiit.gov.in/quality-control-orders,,0,MANUAL_ACCESS_REQUIRED,1
BIS-QCO-0045,BIS,08_BIS_Quality_Control_Orders,S.O.1661(E),,https://dpiit.gov.in/quality-control-orders,,0,MANUAL_ACCESS_REQUIRED,18
BIS-QCO-0046,BIS,08_BIS_Quality_Control_Orders,SO 16890,,https://dpiit.gov.in/quality-control-orders,,0,MANUAL_ACCESS_REQUIRED,5
BIS-QCO-0047,BIS,08_BIS_Quality_Control_Orders,so 1706(e),,https://dpiit.gov.in/quality-control-orders,,0,MANUAL_ACCESS_REQUIRED,14
BIS-QCO-0048,BIS,08_BIS_Quality_Control_Orders,S.O.1707(E),,https://dpiit.gov.in/quality-control-orders,,0,MANUAL_ACCESS_REQUIRED,44
BIS-QCO-0049,BIS,08_BIS_Quality_Control_Orders,S.O.1722(E),,https://dpiit.gov.in/quality-control-orders,,0,MANUAL_ACCESS_REQUIRED,1
BIS-QCO-0050,BIS,08_BIS_Quality_Control_Orders,S.O. 1766(e),,https://dpiit.gov.in/quality-control-orders,,0,MANUAL_ACCESS_REQUIRED,1
BIS-QCO-0051,BIS,08_BIS_Quality_Control_Orders,So 178(E),,https://dpiit.gov.in/quality-control-orders,,0,MANUAL_ACCESS_REQUIRED,3
BIS-QCO-0052,BIS,08_BIS_Quality_Control_Orders,s.o.1801(e),,https://dpiit.gov.in/quality-control-orders,,0,MANUAL_ACCESS_REQUIRED,15
BIS-QCO-0053,DGFT,08_BIS_Quality_Control_Orders,s.o.1839(e),,https://dpiit.gov.in/quality-control-orders,,0,MANUAL_ACCESS_REQUIRED,4
BIS-QCO-0054,BIS,08_BIS_Quality_Control_Orders,S.O.1854(E),,https://dpiit.gov.in/quality-control-orders,,0,MANUAL_ACCESS_REQUIRED,1
BIS-QCO-0055,BIS,08_BIS_Quality_Control_Orders,s.o.1870(e),,https://dpiit.gov.in/quality-control-orders,,0,MANUAL_ACCESS_REQUIRED,1
BIS-QCO-0056,BIS; Ministry of Steel; BIS,08_BIS_Quality_Control_Orders,so 189(e),,https://dpiit.gov.in/quality-control-orders,,0,MANUAL_ACCESS_REQUIRED,24
BIS-QCO-0057,BIS,08_BIS_Quality_Control_Orders,s.o.1891(e),,https://dpiit.gov.in/quality-control-orders,,0,MANUAL_ACCESS_REQUIRED,1
BIS-QCO-0058,BIS,08_BIS_Quality_Control_Orders,s.o.1894(e),,https://dpiit.gov.in/quality-control-orders,,0,MANUAL_ACCESS_REQUIRED,1
BIS-QCO-0059,BIS,08_BIS_Quality_Control_Orders,s.o.1895(e),,https://dpiit.gov.in/quality-control-orders,,0,MANUAL_ACCESS_REQUIRED,1
BIS-QCO-0060,BIS,08_BIS_Quality_Control_Orders,s.o.1896(e),,https://dpiit.gov.in/quality-control-orders,,0,MANUAL_ACCESS_REQUIRED,1
BIS-QCO-0061,BIS,08_BIS_Quality_Control_Orders,s.o.1897(e),,https://dpiit.gov.in/quality-control-orders,,0,MANUAL_ACCESS_REQUIRED,1
BIS-QCO-0062,BIS,08_BIS_Quality_Control_Orders,s.o.1898(e),,https://dpiit.gov.in/quality-control-orders,,0,MANUAL_ACCESS_REQUIRED,1
BIS-QCO-0063,BIS,08_BIS_Quality_Control_Orders,s.o.1899(e),,https://dpiit.gov.in/quality-control-orders,,0,MANUAL_ACCESS_REQUIRED,1
BIS-QCO-0064,BIS,08_BIS_Quality_Control_Orders,s.o.1901(e),,https://dpiit.gov.in/quality-control-orders,,0,MANUAL_ACCESS_REQUIRED,1
BIS-QCO-0065,BIS,08_BIS_Quality_Control_Orders,s.o.1902(e),,https://dpiit.gov.in/quality-control-orders,,0,MANUAL_ACCESS_REQUIRED,1
BIS-QCO-0066,BIS,08_BIS_Quality_Control_Orders,so 191(e),,https://dpiit.gov.in/quality-control-orders,,0,MANUAL_ACCESS_REQUIRED,10
BIS-QCO-0067,BIS,08_BIS_Quality_Control_Orders,so 1920(e),,https://dpiit.gov.in/quality-control-orders,,0,MANUAL_ACCESS_REQUIRED,10
BIS-QCO-0068,BIS; BIS; DoT (WPC Wing); DGFT,08_BIS_Quality_Control_Orders,S.O.1929(E),,https://dpiit.gov.in/quality-control-orders,,0,MANUAL_ACCESS_REQUIRED,10
BIS-QCO-0069,BIS,08_BIS_Quality_Control_Orders,s.o.1960 (e),,https://dpiit.gov.in/quality-control-orders,,0,MANUAL_ACCESS_REQUIRED,4
BIS-QCO-0070,BIS,08_BIS_Quality_Control_Orders,S.O.1962(E),,https://dpiit.gov.in/quality-control-orders,,0,MANUAL_ACCESS_REQUIRED,2
BIS-QCO-0071,BIS,08_BIS_Quality_Control_Orders,s.o.1966 (e),,https://dpiit.gov.in/quality-control-orders,,0,MANUAL_ACCESS_REQUIRED,4
BIS-QCO-0072,BIS,08_BIS_Quality_Control_Orders,S.O. 2017(e),,https://dpiit.gov.in/quality-control-orders,,0,MANUAL_ACCESS_REQUIRED,6
BIS-QCO-0073,BIS,08_BIS_Quality_Control_Orders,S.O.2019(E),,https://dpiit.gov.in/quality-control-orders,,0,MANUAL_ACCESS_REQUIRED,2
BIS-QCO-0074,DGFT,08_BIS_Quality_Control_Orders,S.O. 2031(e),,https://dpiit.gov.in/quality-control-orders,,0,MANUAL_ACCESS_REQUIRED,6
BIS-QCO-0075,BIS,08_BIS_Quality_Control_Orders,s.o.2032 (e),,https://dpiit.gov.in/quality-control-orders,,0,MANUAL_ACCESS_REQUIRED,1
BIS-QCO-0076,BIS,08_BIS_Quality_Control_Orders,S.O. 2149(E),,https://dpiit.gov.in/quality-control-orders,,0,MANUAL_ACCESS_REQUIRED,6
BIS-QCO-0077,BIS,08_BIS_Quality_Control_Orders,s.o.2174(e),,https://dpiit.gov.in/quality-control-orders,,0,MANUAL_ACCESS_REQUIRED,7
BIS-QCO-0078,BIS,08_BIS_Quality_Control_Orders,S.O.2180(E),,https://dpiit.gov.in/quality-control-orders,,0,MANUAL_ACCESS_REQUIRED,5
BIS-QCO-0079,BIS,08_BIS_Quality_Control_Orders,S.O. 2183(e),,https://dpiit.gov.in/quality-control-orders,,0,MANUAL_ACCESS_REQUIRED,4
BIS-QCO-0080,BIS,08_BIS_Quality_Control_Orders,S.O.2204(E),,https://dpiit.gov.in/quality-control-orders,,0,MANUAL_ACCESS_REQUIRED,2
BIS-QCO-0081,MoEF&CC,08_BIS_Quality_Control_Orders,s.o 227 (e),,https://dpiit.gov.in/quality-control-orders,,0,MANUAL_ACCESS_REQUIRED,841
BIS-QCO-0082,MoEF&CC,08_BIS_Quality_Control_Orders,S.O.227(E),,https://dpiit.gov.in/quality-control-orders,,0,MANUAL_ACCESS_REQUIRED,217
BIS-QCO-0083,BIS,08_BIS_Quality_Control_Orders,SO 22702,,https://dpiit.gov.in/quality-control-orders,,0,MANUAL_ACCESS_REQUIRED,5
BIS-QCO-0084,BIS,08_BIS_Quality_Control_Orders,S.O.2283(E),,https://dpiit.gov.in/quality-control-orders,,0,MANUAL_ACCESS_REQUIRED,14
BIS-QCO-0085,BIS,08_BIS_Quality_Control_Orders,S.O. 2287(e),,https://dpiit.gov.in/quality-control-orders,,0,MANUAL_ACCESS_REQUIRED,22
BIS-QCO-0086,DGFT,08_BIS_Quality_Control_Orders,s.o.2320 (e),,https://dpiit.gov.in/quality-control-orders,,0,MANUAL_ACCESS_REQUIRED,1
BIS-QCO-0087,BIS,08_BIS_Quality_Control_Orders,s.o.2335(e),,https://dpiit.gov.in/quality-control-orders,,0,MANUAL_ACCESS_REQUIRED,1
BIS-QCO-0088,BIS; CDSCO,08_BIS_Quality_Control_Orders,S.O. 2357(e),,https://dpiit.gov.in/quality-control-orders,,0,MANUAL_ACCESS_REQUIRED,151
BIS-QCO-0089,DGFT,08_BIS_Quality_Control_Orders,S.O.2408(E),,https://dpiit.gov.in/quality-control-orders,,0,MANUAL_ACCESS_REQUIRED,4
BIS-QCO-0090,BIS,08_BIS_Quality_Control_Orders,so 2434(e),,https://dpiit.gov.in/quality-control-orders,,0,MANUAL_ACCESS_REQUIRED,9
BIS-QCO-0091,BIS,08_BIS_Quality_Control_Orders,s.o.2548(e),,https://dpiit.gov.in/quality-control-orders,,0,MANUAL_ACCESS_REQUIRED,4
BIS-QCO-0092,BIS,08_BIS_Quality_Control_Orders,s.o.2581(e),,https://dpiit.gov.in/quality-control-orders,,0,MANUAL_ACCESS_REQUIRED,28
BIS-QCO-0093,BIS,08_BIS_Quality_Control_Orders,s.o.2600(e),,https://dpiit.gov.in/quality-control-orders,,0,MANUAL_ACCESS_REQUIRED,10
BIS-QCO-0094,CBIC (Customs) / Directorate General of Foreign Trade (DGFT); Jute Commissioner; Ministry of Textiles,08_BIS_Quality_Control_Orders,s.o.2601(e),,https://dpiit.gov.in/quality-control-orders,,0,MANUAL_ACCESS_REQUIRED,9
AQCS-0001,DAHD / AQCS,06_DAHD_AQCS_Notifications,s.o 2666(e),,https://dahd.gov.in/trade,,0,MANUAL_ACCESS_REQUIRED,37
BIS-QCO-0095,BIS,08_BIS_Quality_Control_Orders,S.O.2729(E),,https://dpiit.gov.in/quality-control-orders,,0,MANUAL_ACCESS_REQUIRED,1
BIS-QCO-0096,BIS,08_BIS_Quality_Control_Orders,So 2742(E),,https://dpiit.gov.in/quality-control-orders,,0,MANUAL_ACCESS_REQUIRED,1
BIS-QCO-0097,BIS,08_BIS_Quality_Control_Orders,so 2767(e),,https://dpiit.gov.in/quality-control-orders,,0,MANUAL_ACCESS_REQUIRED,1
BIS-QCO-0098,BIS,08_BIS_Quality_Control_Orders,S.O.2771(E),,https://dpiit.gov.in/quality-control-orders,,0,MANUAL_ACCESS_REQUIRED,19
BIS-QCO-0099,BIS,08_BIS_Quality_Control_Orders,S.O. 2790(e),,https://dpiit.gov.in/quality-control-orders,,0,MANUAL_ACCESS_REQUIRED,2
BIS-QCO-0100,BIS,08_BIS_Quality_Control_Orders,so 2791(e),,https://dpiit.gov.in/quality-control-orders,,0,MANUAL_ACCESS_REQUIRED,1
BIS-QCO-0101,BIS,08_BIS_Quality_Control_Orders,s.o.2792(e),,https://dpiit.gov.in/quality-control-orders,,0,MANUAL_ACCESS_REQUIRED,1
BIS-QCO-0102,BIS,08_BIS_Quality_Control_Orders,S.O. 2793(e),,https://dpiit.gov.in/quality-control-orders,,0,MANUAL_ACCESS_REQUIRED,1
BIS-QCO-0103,Ministry of Steel; BIS,08_BIS_Quality_Control_Orders,so 281(e),,https://dpiit.gov.in/quality-control-orders,,0,MANUAL_ACCESS_REQUIRED,14
BIS-QCO-0104,Ministry of Consumer Affairs,08_BIS_Quality_Control_Orders,S.O.2871(E),,https://dpiit.gov.in/quality-control-orders,,0,MANUAL_ACCESS_REQUIRED,8
BIS-QCO-0105,BIS,08_BIS_Quality_Control_Orders,S.O. 2920(e),,https://dpiit.gov.in/quality-control-orders,,0,MANUAL_ACCESS_REQUIRED,32
BIS-QCO-0106,BIS,08_BIS_Quality_Control_Orders,so 294 (e),,https://dpiit.gov.in/quality-control-orders,,0,MANUAL_ACCESS_REQUIRED,31
BIS-QCO-0107,BIS,08_BIS_Quality_Control_Orders,S.O.294(E),,https://dpiit.gov.in/quality-control-orders,,0,MANUAL_ACCESS_REQUIRED,6
BIS-QCO-0108,BIS,08_BIS_Quality_Control_Orders,S.O.2986(E),,https://dpiit.gov.in/quality-control-orders,,0,MANUAL_ACCESS_REQUIRED,5
BIS-QCO-0109,BIS,08_BIS_Quality_Control_Orders,s.o.2996(e),,https://dpiit.gov.in/quality-control-orders,,0,MANUAL_ACCESS_REQUIRED,12
BIS-QCO-0110,Jute Commissioner,08_BIS_Quality_Control_Orders,s.o.3034(e),,https://dpiit.gov.in/quality-control-orders,,0,MANUAL_ACCESS_REQUIRED,4
BIS-QCO-0111,BIS,08_BIS_Quality_Control_Orders,S.O.3076(E),,https://dpiit.gov.in/quality-control-orders,,0,MANUAL_ACCESS_REQUIRED,1
BIS-QCO-0112,BIS,08_BIS_Quality_Control_Orders,SO3146(E),,https://dpiit.gov.in/quality-control-orders,,0,MANUAL_ACCESS_REQUIRED,4
BIS-QCO-0113,BIS; Ministry of Steel; BIS,08_BIS_Quality_Control_Orders,S.O.3153(E),,https://dpiit.gov.in/quality-control-orders,,0,MANUAL_ACCESS_REQUIRED,34
BIS-QCO-0114,BIS,08_BIS_Quality_Control_Orders,so 3154(e),,https://dpiit.gov.in/quality-control-orders,,0,MANUAL_ACCESS_REQUIRED,2
BIS-QCO-0115,BIS,08_BIS_Quality_Control_Orders,So 3207(E),,https://dpiit.gov.in/quality-control-orders,,0,MANUAL_ACCESS_REQUIRED,3
BIS-QCO-0116,BIS,08_BIS_Quality_Control_Orders,S.O.3227(E),,https://dpiit.gov.in/quality-control-orders,,0,MANUAL_ACCESS_REQUIRED,4
BIS-QCO-0117,BIS,08_BIS_Quality_Control_Orders,s.o.3296(e),,https://dpiit.gov.in/quality-control-orders,,0,MANUAL_ACCESS_REQUIRED,1
BIS-QCO-0118,BIS,08_BIS_Quality_Control_Orders,s.o.3298(e),,https://dpiit.gov.in/quality-control-orders,,0,MANUAL_ACCESS_REQUIRED,1
BIS-QCO-0119,BIS,08_BIS_Quality_Control_Orders,s.o.3299(e),,https://dpiit.gov.in/quality-control-orders,,0,MANUAL_ACCESS_REQUIRED,1
BIS-QCO-0120,CBIC (Customs),08_BIS_Quality_Control_Orders,so 331,,https://dpiit.gov.in/quality-control-orders,,0,MANUAL_ACCESS_REQUIRED,1
BIS-QCO-0121,BIS,08_BIS_Quality_Control_Orders,so 3378(e),,https://dpiit.gov.in/quality-control-orders,,0,MANUAL_ACCESS_REQUIRED,1
BIS-QCO-0122,BIS,08_BIS_Quality_Control_Orders,S.O. 3379(e),,https://dpiit.gov.in/quality-control-orders,,0,MANUAL_ACCESS_REQUIRED,1
BIS-QCO-0123,BIS,08_BIS_Quality_Control_Orders,S.O. 3380(e),,https://dpiit.gov.in/quality-control-orders,,0,MANUAL_ACCESS_REQUIRED,1
BIS-QCO-0124,BIS,08_BIS_Quality_Control_Orders,S.O.352 (E),,https://dpiit.gov.in/quality-control-orders,,0,MANUAL_ACCESS_REQUIRED,3
BIS-QCO-0125,BIS; BIS; DoT (WPC Wing); DGFT,08_BIS_Quality_Control_Orders,S.O. 352(E),,https://dpiit.gov.in/quality-control-orders,,0,MANUAL_ACCESS_REQUIRED,6
BIS-QCO-0126,BIS,08_BIS_Quality_Control_Orders,S.O.355(E),,https://dpiit.gov.in/quality-control-orders,,0,MANUAL_ACCESS_REQUIRED,3
BIS-QCO-0127,BIS,08_BIS_Quality_Control_Orders,s.o.3557(e),,https://dpiit.gov.in/quality-control-orders,,0,MANUAL_ACCESS_REQUIRED,12
BIS-QCO-0128,BIS,08_BIS_Quality_Control_Orders,s.o.3584(e),,https://dpiit.gov.in/quality-control-orders,,0,MANUAL_ACCESS_REQUIRED,14
BIS-QCO-0129,BIS,08_BIS_Quality_Control_Orders,so 3585(e),,https://dpiit.gov.in/quality-control-orders,,0,MANUAL_ACCESS_REQUIRED,6
BIS-QCO-0130,BIS,08_BIS_Quality_Control_Orders,SO3641(E),,https://dpiit.gov.in/quality-control-orders,,0,MANUAL_ACCESS_REQUIRED,4
BIS-QCO-0131,BIS,08_BIS_Quality_Control_Orders,s.o.3716(e),,https://dpiit.gov.in/quality-control-orders,,0,MANUAL_ACCESS_REQUIRED,520
BIS-QCO-0132,BIS,08_BIS_Quality_Control_Orders,S.O.373(E),,https://dpiit.gov.in/quality-control-orders,,0,MANUAL_ACCESS_REQUIRED,1
BIS-QCO-0133,Ministry of Mines,08_BIS_Quality_Control_Orders,S.O.3759(E),,https://dpiit.gov.in/quality-control-orders,,0,MANUAL_ACCESS_REQUIRED,85
BIS-QCO-0134,BIS,08_BIS_Quality_Control_Orders,s.o.3775(e),,https://dpiit.gov.in/quality-control-orders,,0,MANUAL_ACCESS_REQUIRED,37
BIS-QCO-0135,BIS,08_BIS_Quality_Control_Orders,s.o.3807(e),,https://dpiit.gov.in/quality-control-orders,,0,MANUAL_ACCESS_REQUIRED,15
BIS-QCO-0136,BIS,08_BIS_Quality_Control_Orders,s.o.3830(e),,https://dpiit.gov.in/quality-control-orders,,0,MANUAL_ACCESS_REQUIRED,12
BIS-QCO-0137,BIS,08_BIS_Quality_Control_Orders,S.O. 3857(e),,https://dpiit.gov.in/quality-control-orders,,0,MANUAL_ACCESS_REQUIRED,17
BIS-QCO-0138,BIS,08_BIS_Quality_Control_Orders,s.o.3880(e),,https://dpiit.gov.in/quality-control-orders,,0,MANUAL_ACCESS_REQUIRED,14
BIS-QCO-0139,BIS,08_BIS_Quality_Control_Orders,s.o.3893(e),,https://dpiit.gov.in/quality-control-orders,,0,MANUAL_ACCESS_REQUIRED,7
BIS-QCO-0140,BIS,08_BIS_Quality_Control_Orders,S.O.3916 (E),,https://dpiit.gov.in/quality-control-orders,,0,MANUAL_ACCESS_REQUIRED,19
BIS-QCO-0141,BIS,08_BIS_Quality_Control_Orders,S.O.3927(E),,https://dpiit.gov.in/quality-control-orders,,0,MANUAL_ACCESS_REQUIRED,7
BIS-QCO-0142,BIS; CIB&RC; Ministry of Agriculture; Ministry of Steel; BIS,08_BIS_Quality_Control_Orders,S.O.3951(E),,https://dpiit.gov.in/quality-control-orders,,0,MANUAL_ACCESS_REQUIRED,21
BIS-QCO-0143,CPCB,08_BIS_Quality_Control_Orders,S.O.3984(E),,https://dpiit.gov.in/quality-control-orders,,0,MANUAL_ACCESS_REQUIRED,14
BIS-QCO-0144,BIS,08_BIS_Quality_Control_Orders,so 3994(e),,https://dpiit.gov.in/quality-control-orders,,0,MANUAL_ACCESS_REQUIRED,5
BIS-QCO-0145,BIS,08_BIS_Quality_Control_Orders,s.o.4000(e),,https://dpiit.gov.in/quality-control-orders,,0,MANUAL_ACCESS_REQUIRED,1
BIS-QCO-0146,BIS; BEE,08_BIS_Quality_Control_Orders,S.O.4088(E),,https://dpiit.gov.in/quality-control-orders,,0,MANUAL_ACCESS_REQUIRED,2
BIS-QCO-0147,BEE,08_BIS_Quality_Control_Orders,S.O.4089(E),,https://dpiit.gov.in/quality-control-orders,,0,MANUAL_ACCESS_REQUIRED,2
BIS-QCO-0148,BIS,08_BIS_Quality_Control_Orders,S.O.4092(E),,https://dpiit.gov.in/quality-control-orders,,0,MANUAL_ACCESS_REQUIRED,5
AQCS-0002,DAHD / AQCS,06_DAHD_AQCS_Notifications,S.O. 4118(E),,https://dahd.gov.in/trade,,0,MANUAL_ACCESS_REQUIRED,19
BIS-QCO-0149,BIS,08_BIS_Quality_Control_Orders,S.O. 4144(e),,https://dpiit.gov.in/quality-control-orders,,0,MANUAL_ACCESS_REQUIRED,18
BIS-QCO-0150,BIS,08_BIS_Quality_Control_Orders,so 4247(e),,https://dpiit.gov.in/quality-control-orders,,0,MANUAL_ACCESS_REQUIRED,5
BIS-QCO-0151,BIS; CBIC (Customs); BIS; Legal Metrology (DoCA),08_BIS_Quality_Control_Orders,so 4248 (e),,https://dpiit.gov.in/quality-control-orders,,0,MANUAL_ACCESS_REQUIRED,2
BIS-QCO-0152,BIS,08_BIS_Quality_Control_Orders,so 4248(e),,https://dpiit.gov.in/quality-control-orders,,0,MANUAL_ACCESS_REQUIRED,20
BIS-QCO-0153,DPIIT,08_BIS_Quality_Control_Orders,S.O. 4255 (E),,https://dpiit.gov.in/quality-control-orders,,0,MANUAL_ACCESS_REQUIRED,1
BIS-QCO-0154,BIS,08_BIS_Quality_Control_Orders,so 43 (e),,https://dpiit.gov.in/quality-control-orders,,0,MANUAL_ACCESS_REQUIRED,2
BIS-QCO-0155,BIS,08_BIS_Quality_Control_Orders,S.O.43(E),,https://dpiit.gov.in/quality-control-orders,,0,MANUAL_ACCESS_REQUIRED,23
BIS-QCO-0156,BIS,08_BIS_Quality_Control_Orders,s.o.4326 (e),,https://dpiit.gov.in/quality-control-orders,,0,MANUAL_ACCESS_REQUIRED,16
BIS-QCO-0157,BIS,08_BIS_Quality_Control_Orders,s.o.4327(e),,https://dpiit.gov.in/quality-control-orders,,0,MANUAL_ACCESS_REQUIRED,37
BIS-QCO-0158,DGFT,08_BIS_Quality_Control_Orders,s.o.4331(e),,https://dpiit.gov.in/quality-control-orders,,0,MANUAL_ACCESS_REQUIRED,4
BIS-QCO-0159,BIS,08_BIS_Quality_Control_Orders,s.o.4332(e),,https://dpiit.gov.in/quality-control-orders,,0,MANUAL_ACCESS_REQUIRED,9
BIS-QCO-0160,DPIIT; BIS,08_BIS_Quality_Control_Orders,so 4345(e),,https://dpiit.gov.in/quality-control-orders,,0,MANUAL_ACCESS_REQUIRED,12
BIS-QCO-0161,BIS,08_BIS_Quality_Control_Orders,S.O.4354(E),,https://dpiit.gov.in/quality-control-orders,,0,MANUAL_ACCESS_REQUIRED,26
BIS-QCO-0162,BIS,08_BIS_Quality_Control_Orders,S.O.44(E),,https://dpiit.gov.in/quality-control-orders,,0,MANUAL_ACCESS_REQUIRED,6
BIS-QCO-0163,BIS,08_BIS_Quality_Control_Orders,S.O.4485(E),,https://dpiit.gov.in/quality-control-orders,,0,MANUAL_ACCESS_REQUIRED,5
BIS-QCO-0164,BIS,08_BIS_Quality_Control_Orders,so 451(e),,https://dpiit.gov.in/quality-control-orders,,0,MANUAL_ACCESS_REQUIRED,12
BIS-QCO-0165,BIS,08_BIS_Quality_Control_Orders,SO4514(E),,https://dpiit.gov.in/quality-control-orders,,0,MANUAL_ACCESS_REQUIRED,4
BIS-QCO-0166,DPIIT,08_BIS_Quality_Control_Orders,S.O. 4524(E),,https://dpiit.gov.in/quality-control-orders,,0,MANUAL_ACCESS_REQUIRED,1
AQCS-0003,DAHD / AQCS,06_DAHD_AQCS_Notifications,s.o.4593 (e),,https://dahd.gov.in/trade,,0,MANUAL_ACCESS_REQUIRED,13
BIS-QCO-0167,BIS,08_BIS_Quality_Control_Orders,S.O.4602(E),,https://dpiit.gov.in/quality-control-orders,,0,MANUAL_ACCESS_REQUIRED,1
BIS-QCO-0168,BIS,08_BIS_Quality_Control_Orders,so 4608(e),,https://dpiit.gov.in/quality-control-orders,,0,MANUAL_ACCESS_REQUIRED,1
BIS-QCO-0169,BIS,08_BIS_Quality_Control_Orders,S.O.4634 (E),,https://dpiit.gov.in/quality-control-orders,,0,MANUAL_ACCESS_REQUIRED,1
BIS-QCO-0170,BIS,08_BIS_Quality_Control_Orders,S.O.4634(E),,https://dpiit.gov.in/quality-control-orders,,0,MANUAL_ACCESS_REQUIRED,34
BIS-QCO-0171,Ministry of Steel; BIS,08_BIS_Quality_Control_Orders,so 4637(e),,https://dpiit.gov.in/quality-control-orders,,0,MANUAL_ACCESS_REQUIRED,11
BIS-QCO-0172,BIS,08_BIS_Quality_Control_Orders,so4649(e),,https://dpiit.gov.in/quality-control-orders,,0,MANUAL_ACCESS_REQUIRED,6
BIS-QCO-0173,CPCB,08_BIS_Quality_Control_Orders,S.O.4669(E),,https://dpiit.gov.in/quality-control-orders,,0,MANUAL_ACCESS_REQUIRED,14
BIS-QCO-0174,BIS,08_BIS_Quality_Control_Orders,S.O.4772(E),,https://dpiit.gov.in/quality-control-orders,,0,MANUAL_ACCESS_REQUIRED,1
BIS-QCO-0175,BIS,08_BIS_Quality_Control_Orders,so 478(e),,https://dpiit.gov.in/quality-control-orders,,0,MANUAL_ACCESS_REQUIRED,8
BIS-QCO-0176,BIS,08_BIS_Quality_Control_Orders,S.O.4815(E),,https://dpiit.gov.in/quality-control-orders,,0,MANUAL_ACCESS_REQUIRED,4
BIS-QCO-0177,BIS,08_BIS_Quality_Control_Orders,s.o.492(e),,https://dpiit.gov.in/quality-control-orders,,0,MANUAL_ACCESS_REQUIRED,3
AQCS-0004,DAHD / AQCS,06_DAHD_AQCS_Notifications,s.o.4953(e),,https://dahd.gov.in/trade,,0,MANUAL_ACCESS_REQUIRED,23
BIS-QCO-0178,BIS,08_BIS_Quality_Control_Orders,s.o.4958(e),,https://dpiit.gov.in/quality-control-orders,,0,MANUAL_ACCESS_REQUIRED,2
BIS-QCO-0179,BIS; BIS; DoT (WPC Wing); DGFT,08_BIS_Quality_Control_Orders,S.O.4997(E),,https://dpiit.gov.in/quality-control-orders,,0,MANUAL_ACCESS_REQUIRED,174
BIS-QCO-0180,BIS,08_BIS_Quality_Control_Orders,S.O.501(E),,https://dpiit.gov.in/quality-control-orders,,0,MANUAL_ACCESS_REQUIRED,17
BIS-QCO-0181,CPCB; BIS; Legal Metrology (DoCA),08_BIS_Quality_Control_Orders,so 5029 (e),,https://dpiit.gov.in/quality-control-orders,,0,MANUAL_ACCESS_REQUIRED,1
BIS-QCO-0182,BIS; Legal Metrology (DoCA),08_BIS_Quality_Control_Orders,SO5029(E),,https://dpiit.gov.in/quality-control-orders,,0,MANUAL_ACCESS_REQUIRED,12
BIS-QCO-0183,BIS,08_BIS_Quality_Control_Orders,s.o.5058(e),,https://dpiit.gov.in/quality-control-orders,,0,MANUAL_ACCESS_REQUIRED,5
BIS-QCO-0184,BIS,08_BIS_Quality_Control_Orders,SO.51(E),,https://dpiit.gov.in/quality-control-orders,,0,MANUAL_ACCESS_REQUIRED,5
BIS-QCO-0185,BIS,08_BIS_Quality_Control_Orders,s.o.5134(e),,https://dpiit.gov.in/quality-control-orders,,0,MANUAL_ACCESS_REQUIRED,375
BIS-QCO-0186,BIS,08_BIS_Quality_Control_Orders,SO.5180(E),,https://dpiit.gov.in/quality-control-orders,,0,MANUAL_ACCESS_REQUIRED,5
BIS-QCO-0187,BIS,08_BIS_Quality_Control_Orders,SO.52(E),,https://dpiit.gov.in/quality-control-orders,,0,MANUAL_ACCESS_REQUIRED,5
BIS-QCO-0188,BIS,08_BIS_Quality_Control_Orders,so 5243(e),,https://dpiit.gov.in/quality-control-orders,,0,MANUAL_ACCESS_REQUIRED,2
BIS-QCO-0189,BIS,08_BIS_Quality_Control_Orders,So 5244(E),,https://dpiit.gov.in/quality-control-orders,,0,MANUAL_ACCESS_REQUIRED,5
BIS-QCO-0190,BIS,08_BIS_Quality_Control_Orders,so 5259(e),,https://dpiit.gov.in/quality-control-orders,,0,MANUAL_ACCESS_REQUIRED,32
BIS-QCO-0191,BIS,08_BIS_Quality_Control_Orders,S.O.529(E),,https://dpiit.gov.in/quality-control-orders,,0,MANUAL_ACCESS_REQUIRED,5
BIS-QCO-0192,BIS,08_BIS_Quality_Control_Orders,SO.53(E),,https://dpiit.gov.in/quality-control-orders,,0,MANUAL_ACCESS_REQUIRED,5
BIS-QCO-0193,BIS; BEE; Legal Metrology (DoCA); BIS; Legal Metrology (DoCA),08_BIS_Quality_Control_Orders,so 5323,,https://dpiit.gov.in/quality-control-orders,,0,MANUAL_ACCESS_REQUIRED,3
BIS-QCO-0194,CBIC (Customs) / Directorate General of Foreign Trade (DGFT),08_BIS_Quality_Control_Orders,S.O.5358(E),,https://dpiit.gov.in/quality-control-orders,,0,MANUAL_ACCESS_REQUIRED,6
BIS-QCO-0195,BIS,08_BIS_Quality_Control_Orders,so 5371,,https://dpiit.gov.in/quality-control-orders,,0,MANUAL_ACCESS_REQUIRED,3
BIS-QCO-0196,BIS,08_BIS_Quality_Control_Orders,s.o.5388(e),,https://dpiit.gov.in/quality-control-orders,,0,MANUAL_ACCESS_REQUIRED,1
BIS-QCO-0197,BIS,08_BIS_Quality_Control_Orders,s.o.5434(e),,https://dpiit.gov.in/quality-control-orders,,0,MANUAL_ACCESS_REQUIRED,1
BIS-QCO-0198,BIS,08_BIS_Quality_Control_Orders,S.O.5438(E),,https://dpiit.gov.in/quality-control-orders,,0,MANUAL_ACCESS_REQUIRED,1
BIS-QCO-0199,BIS,08_BIS_Quality_Control_Orders,So 5475(E),,https://dpiit.gov.in/quality-control-orders,,0,MANUAL_ACCESS_REQUIRED,1
BIS-QCO-0200,DGFT,08_BIS_Quality_Control_Orders,S.O.55(E),,https://dpiit.gov.in/quality-control-orders,,0,MANUAL_ACCESS_REQUIRED,7
BIS-QCO-0201,BIS,08_BIS_Quality_Control_Orders,S.O.5596(E),,https://dpiit.gov.in/quality-control-orders,,0,MANUAL_ACCESS_REQUIRED,6
BIS-QCO-0202,DGFT,08_BIS_Quality_Control_Orders,so 5644(e),,https://dpiit.gov.in/quality-control-orders,,0,MANUAL_ACCESS_REQUIRED,3
BIS-QCO-0203,BIS,08_BIS_Quality_Control_Orders,s.o.5989(e),,https://dpiit.gov.in/quality-control-orders,,0,MANUAL_ACCESS_REQUIRED,1
BIS-QCO-0204,BIS; BEE,08_BIS_Quality_Control_Orders,S.O.6044(E),,https://dpiit.gov.in/quality-control-orders,,0,MANUAL_ACCESS_REQUIRED,3
BIS-QCO-0205,CBIC (Customs) / Directorate General of Foreign Trade (DGFT),08_BIS_Quality_Control_Orders,S.O.6045(E),,https://dpiit.gov.in/quality-control-orders,,0,MANUAL_ACCESS_REQUIRED,2
BIS-QCO-0206,BIS,08_BIS_Quality_Control_Orders,so 606,,https://dpiit.gov.in/quality-control-orders,,0,MANUAL_ACCESS_REQUIRED,7
BIS-QCO-0207,DGFT,08_BIS_Quality_Control_Orders,S.O.6104(e),,https://dpiit.gov.in/quality-control-orders,,0,MANUAL_ACCESS_REQUIRED,3
BIS-QCO-0208,DGFT,08_BIS_Quality_Control_Orders,S.O.624(E),,https://dpiit.gov.in/quality-control-orders,,0,MANUAL_ACCESS_REQUIRED,3
BIS-QCO-0209,CDSCO,08_BIS_Quality_Control_Orders,S.O. 648(e),,https://dpiit.gov.in/quality-control-orders,,0,MANUAL_ACCESS_REQUIRED,4
BIS-QCO-0210,DGFT; MHA (Arms Act),08_BIS_Quality_Control_Orders,S.O.667(E),,https://dpiit.gov.in/quality-control-orders,,0,MANUAL_ACCESS_REQUIRED,4
BIS-QCO-0211,DGFT,08_BIS_Quality_Control_Orders,s.o.67(e),,https://dpiit.gov.in/quality-control-orders,,0,MANUAL_ACCESS_REQUIRED,1
BIS-QCO-0212,MoEF&CC,08_BIS_Quality_Control_Orders,SO670(E),,https://dpiit.gov.in/quality-control-orders,,0,MANUAL_ACCESS_REQUIRED,2
BIS-QCO-0213,BIS,08_BIS_Quality_Control_Orders,SO 6742,,https://dpiit.gov.in/quality-control-orders,,0,MANUAL_ACCESS_REQUIRED,12
BIS-QCO-0214,DGFT,08_BIS_Quality_Control_Orders,s.o.678(e),,https://dpiit.gov.in/quality-control-orders,,0,MANUAL_ACCESS_REQUIRED,3
BIS-QCO-0215,BIS; Ministry of Mines; BIS,08_BIS_Quality_Control_Orders,so 687(e),,https://dpiit.gov.in/quality-control-orders,,0,MANUAL_ACCESS_REQUIRED,10
BIS-QCO-0216,BIS,08_BIS_Quality_Control_Orders,s.o.693(e),,https://dpiit.gov.in/quality-control-orders,,0,MANUAL_ACCESS_REQUIRED,35
BIS-QCO-0217,BIS,08_BIS_Quality_Control_Orders,SO 7045,,https://dpiit.gov.in/quality-control-orders,,0,MANUAL_ACCESS_REQUIRED,7
BIS-QCO-0218,BIS,08_BIS_Quality_Control_Orders,SO 7046,,https://dpiit.gov.in/quality-control-orders,,0,MANUAL_ACCESS_REQUIRED,7
BIS-QCO-0219,BIS,08_BIS_Quality_Control_Orders,SO7047,,https://dpiit.gov.in/quality-control-orders,,0,MANUAL_ACCESS_REQUIRED,7
BIS-QCO-0220,BIS,08_BIS_Quality_Control_Orders,SO 7049,,https://dpiit.gov.in/quality-control-orders,,0,MANUAL_ACCESS_REQUIRED,7
BIS-QCO-0221,BIS,08_BIS_Quality_Control_Orders,SO 7050,,https://dpiit.gov.in/quality-control-orders,,0,MANUAL_ACCESS_REQUIRED,7
BIS-QCO-0222,BIS,08_BIS_Quality_Control_Orders,SO 7051,,https://dpiit.gov.in/quality-control-orders,,0,MANUAL_ACCESS_REQUIRED,7
BIS-QCO-0223,BIS,08_BIS_Quality_Control_Orders,S.O. 738(e),,https://dpiit.gov.in/quality-control-orders,,0,MANUAL_ACCESS_REQUIRED,6
BIS-QCO-0224,CBIC (Customs) / Directorate General of Foreign Trade (DGFT),08_BIS_Quality_Control_Orders,S.O.774(E),,https://dpiit.gov.in/quality-control-orders,,0,MANUAL_ACCESS_REQUIRED,31
BIS-QCO-0225,CBIC (Customs) / Directorate General of Foreign Trade (DGFT),08_BIS_Quality_Control_Orders,S.O.776(E),,https://dpiit.gov.in/quality-control-orders,,0,MANUAL_ACCESS_REQUIRED,15
BIS-QCO-0226,BIS; CBIC (Customs) / Directorate General of Foreign Trade (DGFT); Ministry of MSME,08_BIS_Quality_Control_Orders,S.O.777(E),,https://dpiit.gov.in/quality-control-orders,,0,MANUAL_ACCESS_REQUIRED,21
BIS-QCO-0227,DGFT,08_BIS_Quality_Control_Orders,s.o.796(e),,https://dpiit.gov.in/quality-control-orders,,0,MANUAL_ACCESS_REQUIRED,3
BIS-QCO-0228,BIS,08_BIS_Quality_Control_Orders,S.O.801(E),,https://dpiit.gov.in/quality-control-orders,,0,MANUAL_ACCESS_REQUIRED,31
BIS-QCO-0229,BIS,08_BIS_Quality_Control_Orders,so 830(e),,https://dpiit.gov.in/quality-control-orders,,0,MANUAL_ACCESS_REQUIRED,4
BIS-QCO-0230,DGFT; MHA (Arms Act),08_BIS_Quality_Control_Orders,S.O.831(E),,https://dpiit.gov.in/quality-control-orders,,0,MANUAL_ACCESS_REQUIRED,4
BIS-QCO-0231,DGFT,08_BIS_Quality_Control_Orders,s.o.836,,https://dpiit.gov.in/quality-control-orders,,0,MANUAL_ACCESS_REQUIRED,25
BIS-QCO-0232,BIS,08_BIS_Quality_Control_Orders,SO853(E),,https://dpiit.gov.in/quality-control-orders,,0,MANUAL_ACCESS_REQUIRED,4
BIS-QCO-0233,BIS,08_BIS_Quality_Control_Orders,S.O.882 (E),,https://dpiit.gov.in/quality-control-orders,,0,MANUAL_ACCESS_REQUIRED,12
BIS-QCO-0234,BEE; BIS; BEE; CBIC (Customs) / Directorate General of Foreign Trade (DGFT),08_BIS_Quality_Control_Orders,SO 884(E),,https://dpiit.gov.in/quality-control-orders,,0,MANUAL_ACCESS_REQUIRED,7
BIS-QCO-0235,MoRTH,08_BIS_Quality_Control_Orders,S.O. 895(E),,https://dpiit.gov.in/quality-control-orders,,0,MANUAL_ACCESS_REQUIRED,4
BIS-QCO-0236,BIS,08_BIS_Quality_Control_Orders,s.o.922(e),,https://dpiit.gov.in/quality-control-orders,,0,MANUAL_ACCESS_REQUIRED,4
BIS-QCO-0237,BIS,08_BIS_Quality_Control_Orders,s.o.948(e),,https://dpiit.gov.in/quality-control-orders,,0,MANUAL_ACCESS_REQUIRED,12
BIS-QCO-0238,BIS,08_BIS_Quality_Control_Orders,SO 9994,,https://dpiit.gov.in/quality-control-orders,,0,MANUAL_ACCESS_REQUIRED,5
